RA,DEC
-2.259757994980598,1.3189648052420955
2.6260369369611016,0.6564818422672928
2.6718009243894354,0.24505392325362607
2.6259285811033735,0.24283604610665427
-1.3385351821447085,0.5658543603419162
2.710176351317661,0.10697850205994909
0.18338567149786117,0.7228688825440329
-0.41932262499685535,1.2745426851203356
0.21118200333127937,0.7331445569965176
1.6271151928746668,0.08152529898801736
1.6271151928746668,0.08152529898801736
1.6271151928746668,0.08152529898801736
1.6271151928746668,0.08152529898801736
1.6271151928746668,0.08152529898801736
-0.40578905108868213,0.6088290207373552
1.6271151928746668,0.08152529898801736
1.6271151928746668,0.08152529898801736
1.6271151928746668,0.08152529898801736
1.6271151928746668,0.08152529898801736
1.6271151928746668,0.08152529898801736
1.6271151928746668,0.08152529898801736
1.6271151928746668,0.08152529898801736
1.6271151928746668,0.08152529898801736
1.6271151928746668,0.08152529898801736
1.6271151928746668,0.08152529898801736
1.6271151928746668,0.08152529898801736
1.6271151928746668,0.08152529898801736
-2.8608128101752053,0.8430182693973166
1.6271151928746668,0.08152529898801736
1.6271151928746668,0.08152529898801736
1.6271151928746668,0.08152529898801736
1.6271151928746668,0.08152529898801736
1.6271151928746668,0.08152529898801736
1.6271151928746668,0.08152529898801736
1.6271151928746668,0.08152529898801736
-2.6360725801600693,0.39250370178523714
2.7518533594142425,0.02926723230122047
-2.7900021844279173,0.7416146398564462
1.6271530083417933,0.08107830077403436
-1.5506014129082786,0.023191062435874654
1.6271530083417933,0.08107830077403436
1.6271530083417933,0.08107830077403436
1.6271530083417933,0.08107830077403436
1.6271530083417933,0.08107830077403436
1.6271530083417933,0.08107830077403436
1.6271530083417933,0.08107830077403436
1.6271530083417933,0.08107830077403436
-1.7317004849198723,0.1372112408070992
1.6271530083417933,0.08107830077403436
-0.47814749299428083,0.2856813097306052
1.6271530083417933,0.08107830077403436
1.6271530083417933,0.08107830077403436
1.6271530083417933,0.08107830077403436
1.6271530083417933,0.08107830077403436
1.3734504938308543,0.4724620829559083
1.3441216901921331,0.45484734748015554
1.3441216901921331,0.45484734748015554
1.3441216901921331,0.45484734748015554
1.3441216901921331,0.45484734748015554
1.3441216901921331,0.45484734748015554
1.3441216901921331,0.45484734748015554
1.3441216901921331,0.45484734748015554
1.3441216901921331,0.45484734748015554
1.3441216901921331,0.45484734748015554
1.3441216901921331,0.45484734748015554
1.3441216901921331,0.45484734748015554
1.3445580225051317,0.4563260292075397
1.3441216901921331,0.45484734748015554
1.3441216901921331,0.45484734748015554
1.3435399137748012,0.4543673819358571
1.3441216901921331,0.45484734748015554
1.6271530083417933,0.08107830077403436
1.3441216901921331,0.45484734748015554
1.3395402009056476,0.45174938805786563
1.6271530083417933,0.08107830077403436
-1.150899197585928,1.0402307785990537
1.6271530083417933,0.08107830077403436
-1.8764953994930424,0.46469051964772257
-1.1283140552887039,1.0281467975973986
1.6271530083417933,0.08107830077403436
1.6271530083417933,0.08107830077403436
-2.6554695876903165,0.8558212290880572
1.6271530083417933,0.08107830077403436
0.7401941357707951,0.0815888095802427
2.4506240749304546,1.3525715078401912
1.6271530083417933,0.08107830077403436
1.6271530083417933,0.08107830077403436
-1.1251723171910104,0.2829010487135463
1.6271530083417933,0.08107830077403436
-1.3278101338912025,0.8232582333826541
2.5165457425546975,1.3504669316504947
-1.3229323022421386,0.8179112232936973
0.47341801433163605,1.1288833235130624
-2.274673069713777,0.2153687815592892
0.5149182351194007,1.1469752610951311
-1.3072344473394413,1.426220523764903
-2.8210687542252084,0.6386789990832696
0.514926670877452,1.1469737096913517
0.514926670877452,1.1469737096913517
-0.4760458256866702,0.2750784345247396
0.514926670877452,1.1469737096913517
0.514926670877452,1.1469737096913517
-0.47182067445580156,0.26799530664372934
2.4792111136370782,1.326723181618155
0.6128287336065089,0.3394956283337636
0.514926670877452,1.1469737096913517
0.514926670877452,1.1469737096913517
0.514926670877452,1.1469737096913517
-0.48694097082019194,0.289252010973345
2.453860206251861,1.3444833611982407
-1.35153933951311,0.8090042263443528
-2.4586176829045896,0.13442351365935126
0.514926670877452,1.1469737096913517
0.514926670877452,1.1469737096913517
0.514926670877452,1.1469737096913517
-2.8980079581967693,0.020035410185532683
0.514926670877452,1.1469737096913517
0.514926670877452,1.1469737096913517
0.514926670877452,1.1469737096913517
0.514926670877452,1.1469737096913517
-0.8994990632465782,1.0781781150468592
0.40920698754050383,0.5560328108645268
-0.9125163105843699,1.0817502222492743
0.4442590166847233,0.5408794744477672
0.4193662582281541,0.5559979042794869
0.514926670877452,1.1469737096913517
0.514926670877452,1.1469737096913517
0.514926670877452,1.1469737096913517
0.514926670877452,1.1469737096913517
1.1357821009918305,1.286425274518858
-2.669219291537528,1.2648352607834796
-2.1234597795384484,0.17647693109794596
0.17074047017895358,0.3387475608238117
1.3356684788483069,0.31695033772112685
2.07998668219746,0.2818546753456076
0.15924674983404927,0.19780301226532843
-3.032800463548814,0.24812764199186055
0.1439896632895322,0.7335618846132167
1.6263123414187495,0.07962967749487906
1.448528740487477,0.578540286010037
1.4573499254152649,0.7286749627076325
-0.7347216559011667,0.20066835808342207
-0.06981317007977328,0.7120943348136864
1.4573499254152649,0.7286749627076325
1.448528740487477,0.5785427100784426
2.275109402026775,0.10619843684704386
0.2661627109291352,0.7265805676052395
1.4484778350509606,0.5783051513746988
0.39706240482870997,0.5407030022678433
1.4484778350509606,0.5783051513746988
1.4484778350509606,0.5783051513746988
1.4484778350509606,0.5783051513746988
1.4484778350509606,0.5783051513746988
1.4484778350509606,0.5783051513746988
1.4006267247254491,0.5777039824101231
1.4482596688944611,0.5783487846059988
1.4482596688944611,0.5783487846059988
1.4482596688944611,0.5783487846059988
1.4482596688944611,0.5783487846059988
1.4482596688944611,0.5783487846059988
1.4482596688944611,0.5783487846059988
1.4486960012074597,0.578251821869777
1.4486960012074597,0.578251821869777
1.4486960012074597,0.5782663662802102
1.4486960012074597,0.5782663662802102
0.061086523819801536,0.7267551005304388
1.6275267996899285,0.3278853102985525
0.39706240482870997,0.5330235535590683
0.10908307824964558,0.697782634947333
2.369429903686635,0.06000054117411618
1.4492777776247914,0.5774761199800017
0.05235987755982989,0.7340854833888151
1.6354175687501362,1.130243497312079
-2.8323851509471027,0.4611453351970014
-2.8029564235684585,0.9700009707878483
1.5695498363473261,0.9860307180460343
-1.591031932537259,1.4909820754934595
-0.6528392966044594,1.209518837453679
-2.293990611004428,1.3198539358920538
1.7710491057478854,0.6084985128768367
-2.983726014552357,1.3609984315345607
0.3373737096397833,1.409871900724365
-2.1247822363189863,1.2918717898195518
-2.1247822363189863,1.2918717898195518
-2.168541021762425,0.7526039905327758
-1.281393130231506,1.4176070498730342
2.469373916896977,0.24932912316024117
-3.041322663510614,0.984758030898729
-0.5419562296404106,1.5572648865511705
-0.6829437628873629,0.5142598162082556
0.07828514885515792,0.33464601564491037
0.7281002677724486,1.3451540713962693
2.929990744538934,0.8218356297265998
-2.9981772402718283,1.2949376446767538
2.157761031094034,0.9905958286807619
-0.12618677463794103,1.539593151001213
1.1438482051985865,1.285131358021332
1.7374606464322941,1.476849593060342
-1.3867219196483465,0.3125452212592205
-2.35209966948211,0.4366064078455603
-0.19247194901356401,1.4019569952591069
0.5149266854160447,1.146973734862878
1.8700769106177537,0.7867663388774111
-2.115392435013467,1.353094246037171
1.1438482051985865,1.285131358021332
1.1438482051985865,1.285131358021332
1.1438482051985865,1.285131358021332
-1.025003377318896,1.1337026220224113
0.09316870638470443,0.10373446525134185
1.1466246628903165,1.285348495541158
1.3778289120236598,0.49368649914846635
-2.94820072153094,1.1085556666311815
0.5048309135495114,0.08806009779493272
-0.314496605176414,1.2154283921673725
-0.5681634983473698,1.2551278462016917
2.950975424412646,0.8508013647242436
-2.1094602203498507,0.3987399266218957
0.6195610013472452,0.6549075071974979
1.3019950923986907,1.3612588578026625
2.5397467372830484,0.3664114800087842
-0.8212129939349113,0.5383613572319864
-2.683591382649551,1.1195706133201488
-1.6953334063157648,0.6704295030759657
-0.9225336509106317,1.204717637360086
1.696033382340921,0.908365966654531
2.550184006419322,0.5951709771816692
0.8018283764105982,1.1052967670726017
1.3731526440153856,0.25582760642200764
2.0576138517745437,0.7259632831733047
3.0548894820526886,1.4587912884025418
-2.1393457831807208,1.3700066585816104
-1.8133181790817634,1.191711964319743
-0.40773396626374847,1.255024405848147
0.2970073610829641,0.8997384619844486
1.1703898932261605,0.6556513351821607
0.5599393627333288,1.1473464653201797
0.5599393627333288,1.1473464653201797
0.6588494973282505,1.1899785260859388
-2.0142607350032877,1.156714573160371
-0.6587824219133562,1.3758485881522649
2.488219389178206,1.4628141933227785
3.127872311813967,0.6374829809193515
-2.421691129663713,0.47353226325204895
1.8445995679922216,1.121263295546442
1.2391622624094516,1.2855486216160308
1.2391622624094516,1.2855486216160308
1.2391622624094516,1.2855486216160308
1.2391622624094516,1.2855486216160308
-0.8738289546967533,0.06968742646529463
2.85222787561376,1.2870063137535372
2.866100653692445,1.2869971314526645
1.4290086269073041,0.2805153019536726
2.3696117434493993,0.1551418178773642
2.3696117434493993,0.1551418178773642
0.37096108600426514,0.9402955879566868
1.5237700154094747,0.2727898501100818
0.45085294430225326,1.147039120975459
1.346133599761492,0.3044331193803087
2.494712659501621,0.9843136744752209
0.631020721656214,0.07893835294370592
-2.223968549205825,1.133361473808696
0.9287122398116044,0.44904464889273865
2.578092652497427,0.9165093873763152
1.4268086013056143,1.3959995021186395
1.4268086013056143,1.3959995021186395
1.018762304837233,0.18823725451847587
1.1409908469480077,1.2851167603870466
1.1409908469480077,1.2851167603870466
-1.057125653511739,0.5430670963552728
0.28548358825252446,1.0564247731513634
1.4509782243845515,0.5795060622267703
1.4509782243845515,0.5795060622267703
1.4509782243845515,0.5795060622267703
-2.9651214065371594,1.136609454219057
-2.9750923773763684,1.4338171953890464
0.509779376935679,1.1472904863975832
1.1410208240549011,1.2854492295393358
1.047405163208252,0.9683621963634974
-1.3576269277903714,1.483860962311932
-1.0346131231547027,0.9751663056383406
-0.7224115889631566,0.5214840110436948
3.0700536829332092,1.1086024063026905
2.582882734925346,0.5921942292171044
2.582882734925346,0.5921942292171044
-1.7028147119553552,1.416595617665558
-2.0269553185745153,0.4438435708105281
1.2915646476522136,1.1063206653303324
1.2915646476522136,1.1063206653303324
2.7446780557162,0.6680413750840857
-2.5199536897313033,1.0458482991534457
-0.08500538850451989,0.784471614686055
-2.212302642834815,0.6986997848033064
-0.08364410692346524,0.8137476982495644
-2.530941733791215,0.6854314745096289
2.392563010506642,1.556797046377035
-1.5124184219839885,0.9827649653183577
-0.15549686480035785,0.30302115850816497
-2.7447184713773156,1.1295236040236882
-0.9241882710533673,0.9953457477553046
0.5876413524927524,0.411399308071047
0.8271600638983684,0.4206871009093622
-2.8248256003956893,1.273111237966509
-1.667979102451536,1.0929384558571722
2.2280880791896585,1.289239109529243
-3.080092495290435,0.9371651070703982
-2.506294822210898,0.8283046576552118
2.422905372481787,0.7357499693514168
3.069518464299251,1.0475050358343725
3.116742162856583,0.8152729153967396
-1.8733727902616675,0.5660972492499562
-1.835767826490101,0.830155403992086
-0.9378607056765045,0.9342206554204138
-1.2139469414929884,1.0437880500516883
0.08514023817446889,1.245283245271759
0.31256722453912383,1.2110921791354308
-1.2925651065034653,1.0165040262445155
-3.1209110833338225,1.248659776053065
0.3115810177128859,0.24626345048049572
1.2897981632982414,1.106273780892509
-0.24235548685462316,0.8453652819813093
-1.422076072535809,1.4812187665331533
-2.257744995255049,0.45130673776261293
-1.090257684102494,1.409539967245439
0.515143395535059,1.1472681151917963
0.515143395535059,1.1472681151917963
0.515143395535059,1.1472681151917963
0.515143395535059,1.1472681151917963
0.515143395535059,1.1472681151917963
1.5720686653965252,0.6729054023549991
2.2852943507098495,1.1924736010925454
0.9152927339875918,1.5178783744725954
0.9152927339875918,1.5178783744725954
0.5142545227602215,1.1473326937376724
3.053614189026412,0.37689458163111517
-3.122253504891666,0.4813287819050105
-0.0850533338586601,0.7776786681794403
0.7918369416436003,0.8052927034649687
2.0111899625769873,1.0519594771765606
-2.104714263163074,0.12780192675802352
-2.104714263163074,0.12780192675802352
0.5217607736662391,1.1471100535809693
0.594044217015031,1.5389892967657792
-0.19115464751468014,0.7843558622748467
0.5142595415852588,1.1472616899337524
0.5142595415852588,1.1472616899337524
2.0993988883591235,0.38672497775925635
-3.093648703695074,0.21702994109091306
-3.093648703695074,0.21702994109091306
-0.9887930483573513,1.2852796520980287
0.5488506586062804,1.3679366469511827
0.12830196652852408,0.1783840998977075
-1.9137341953748468,1.1143852827160794
-1.6550996451346576,0.9487412380673527
2.3946118067897144,0.7332527770942054
-2.1216376443333846,0.345140140868281
-0.24471311026575293,1.4551432409279224
0.3564135252974452,1.3910978483345733
-1.994133766446649,0.8817880257429849
-1.8274068240542407,0.8815250828063755
2.020372813616044,1.5192458747382376
0.5198552353688062,0.3658136915736015
2.1890220801740474,0.9764812722665736
-2.8455767685777245,1.207393068827246
2.9858130357745227,0.4885970418514048
-0.9105422527619735,0.5216280360832699
0.16277800308468984,0.4663305697756044
0.37920701191412975,0.37331966176772746
1.6345074182150272,0.3443348183443165
1.820032535641532,0.1930874466641634
-3.003291118546608,1.1365039809793156
-2.412153054345836,1.0456399948304131
-1.694611039171937,0.8000030682964203
1.2311594570516566,0.6211584001948453
1.2311594570516566,0.6211584001948453
-1.6370982369949605,1.1138905910464612
-0.46712780892090144,0.8050928719430059
0.016206301586907237,0.3805342476832978
0.5723193145424967,1.4556192105633146
1.885892367186467,0.09004669798996834
1.885892367186467,0.09004669798996834
-1.8574618593092804,0.02188281242444188
1.1336561706979453,0.8280023813000555
2.2981916268422315,0.8755262862167882
-1.9720962169170164,0.7229696812085401
-2.4947791329516473,0.46731819872869723
-2.4947791329516473,0.46731819872869723
-2.4947791329516473,0.46731819872869723
-1.7436033801643323,0.23611337833409698
-1.7874697835408684,1.065589291216422
0.1574469990143811,0.3345540850522662
0.7956572165989306,0.947392408911949
1.331137003055423,1.432184527792473
0.33762176814200223,0.9132336084352755
1.482988008557513,1.1986167162627372
-2.926913330566781,0.47394832643366736
-2.9235471787146303,0.47393195259029364
-2.0244867658071417,1.2375711738480732
-1.7202763899466902,1.3089384612213373
2.014465699102757,1.3019186229948834
-2.6374202027710947,0.5528584925547639
-0.4910476728879516,0.30323284710631043
-0.4910476728879516,0.30323284710631043
-1.8604826408683017,0.20152368184634709
-0.0976836488757904,1.3717682950416699
0.0448043194589951,0.6129539243144363
-2.8050958038280602,0.30646371106476866
-2.8050958038280602,0.30646371106476866
-0.1816427511545653,0.6544864194673822
0.8796370804789878,0.9002026148899537
-2.5344377631508723,0.5026627917220418
-2.491831282079212,0.4952210188723015
-2.491831282079212,0.4952210188723015
-2.1510445330470906,1.4176576642319296
-1.0851613234613087,0.3589481587512821
-0.36632572011227715,0.09246223264925663
0.7992086915701313,0.48544495804279014
0.4579859258056147,1.1470255536647604
2.6211747151370437,1.4584226506989029
0.3815881805524236,0.4305809806016371
2.2253746428265884,0.40653541942839505
1.22855846053831,1.3777858124115374
-1.3369596396883239,0.30445315635338005
0.7872804261715304,0.37370285682510035
0.4490818832237698,0.2297874348919387
3.0052288270032306,0.28026011709927956
-2.8558734219225954,1.4122684222556943
1.0033025155960023,0.39877285344654073
1.0033025155960023,0.39877285344654073
2.9066938065587817,0.18198940032224203
-0.0901822188496757,0.20407613635691108
2.0625098857821853,0.9700845798447646
1.1383790357001389,1.4807778684262434
-0.2986091149479382,0.298233989623791
2.2788686234888256,1.0801806944478483
2.421845977595033,1.2346716997541556
-2.8604210893946913,0.04326432199067596
2.814586674680087,1.0738312835238923
-1.8209479597136315,1.324067345082039
-0.3227001245120453,1.4550931008643295
-2.7885108238497494,1.29826769682498
0.8789293808350667,1.3874690729082988
-2.0080163644718683,0.16339111838605105
1.5806269820009995,1.4116443274603163
2.45709261934293,1.4584365734672713
-1.3323872638598253,0.8196572848730833
-1.3323872638598253,0.8196572848730833
-1.3323872638598253,0.8196572848730833
-1.3323872638598253,0.8196572848730833
2.5117373861605325,1.3556078553861006
1.81942577086357,0.4136432964995165
-0.997888939769596,1.5548874229083463
2.5153881671417317,1.3556008646439117
-0.8325777971693453,1.5122752553609273
1.1683187186322004,1.19798604887481
-1.054998067033245,1.070980058960594
2.4431000629967294,0.9095272891204164
3.0128755690559315,0.49098632303787143
3.119521528679242,1.1644759220602767
-1.6652492925653108,1.4246991369175919
0.5852106946890123,0.35051077508770606
1.1218844395154643,0.7853975902145545
-1.4696488876038902,1.4238406847699852
-1.4696488876038902,1.4238406847699852
-0.4112617546853077,0.9199810392961097
1.6754353126985118,1.1561499569622342
-2.4587765682852702,0.3378912462963493
-0.43406250714286276,0.790035062393197
-1.8105665684132415,1.1917280273481807
0.3952061699415348,0.4704219896477948
-3.071453510754075,0.9847289832566591
-1.5921528790742236,0.3129735410641623
2.749450486119856,1.3604610653400788
1.8466653150281709,0.7527068637773702
-1.9850882183214544,1.0109113892914436
-0.18029490965210382,0.8589618126954555
-2.146694748191277,1.2942641671996793
2.3159115065154947,0.1727230628199252
-1.2771468965385777,0.4861845399647033
-0.7658204121755503,0.9542176251874065
0.4320613265575301,1.0635138906902406
2.805939950617433,0.34243520393548316
-2.1080359810902687,0.6986177840630544
-0.8197435070821273,1.2162661398708376
-0.8035291738971528,0.46366595043635866
1.0973831907554803,1.5291495508200015
-0.8453858064842228,1.056991808678957
1.0446026543142335,1.4552189392978805
-1.5868641530596923,1.4412196986869596
2.1663542706887804,0.3453039384321261
-0.37160996385011824,1.5540686669283015
-3.0895882707695685,1.0741063288647927
1.0281241047326577,0.5574064511371473
-1.5095793627364218,1.0788381178654818
0.3056736983281245,0.4670664154083073
1.8916145950297574,0.9833736565303735
-2.4334387202174357,0.6946645777857324
-3.0480557512270576,0.39909373485390703
0.9067522277479796,1.4298165111748398
1.2092394671924398,1.2929235199174223
2.9999118883271376,0.6095950030253673
-1.4226896702110245,1.3034590466063658
-0.8877601332251892,1.2190606930347085
0.6062779193641739,1.0705653888558873
2.244882492864977,1.1524844049875675
3.024707006776272,0.45940354358045016
3.131612905752015,1.236401244479922
-2.6515739967298386,0.8421638769317537
2.253049802053589,1.3012878523293314
-2.706648580223462,0.4221233106353528
-2.389810479476709,0.4663045773609849
-2.990927949570662,0.7746234738333508
-2.990927949570662,0.7746234738333508
0.6922890298794878,1.4613025654593448
-1.4146382562533555,0.914681001830993
1.7758515363964744,1.2939595475153851
-2.9610172692690373,1.136664159280428
0.09267131017502564,0.35794514388516496
1.526514219008369,0.7794218545757298
1.7627759027292258,0.867925665721432
2.196826225826373,0.5597946370422422
-2.1276921001384554,0.8211528411801321
-1.4931321071183783,0.23113632999548556
-0.6303995578216917,1.2995718017892162
1.9814776301392318,0.09985169745010383
1.0737970542844129,1.1058674262811725
-1.9123466731456409,0.6916392776700113
-1.8361465999203217,0.39062806321221544
-1.7073912330092176,1.030945764507703
1.1731634915864513,1.5570708382792304
1.9327176004350304,0.8952832508698428
2.300613741176497,1.2799812092332934
-1.1133681631315024,1.233998286037851
1.9620277218810407,0.6015046036066382
-2.9158076598385914,1.3482343788723272
-2.8007276567305253,0.6993882452608443
0.9928972023162094,0.8189885805837719
2.2647203323870335,1.4498785109021757
-3.072113255576244,0.5292356897733659
0.9389731649292056,1.050190430115159
2.821851494994427,1.2952626611288012
0.08684784095670812,0.38045179255723005
-1.3727617702826391,0.5982507631371103
2.1005875828021874,1.0315228343304088
-2.827087531028666,1.5153752556621785
1.3022491083608518,1.4304890487419277
1.13358075462671,1.2853092282026581
-2.7205764549822393,0.6694314982729347
-1.5812477845423905,0.921731451286855
-2.8559705048922575,1.3946728282801901
1.4277816712129898,0.44989108107641995
2.0062019788034737,1.5074758383034867
2.36611668807362,0.025361019584580934
-1.923536673709327,1.0245339902014572
-0.5979904319497562,1.4709275440041456
-2.1298815401763678,1.503302182880233
0.7547344174227464,0.5783082514384369
2.4983022310128518,0.6440555104713113
-1.7484509474745105,0.6981086819283936
-0.3997290153724311,0.36574435096151237
-2.0445899688132263,1.5568892750799048
-1.332353311260345,0.8197074872188197
-1.7097506692098223,1.2496202991592387
1.3896301380098715,0.11734158594646552
2.209224023569594,1.1077034279745972
-1.8774301585365452,1.2499004495856108
-0.403861511497567,0.4703980184449171
-1.643279717746692,0.26477527182019767
1.3835637504438385,1.4639605493800774
2.68935018767655,0.5101527822275542
0.16418024214462495,0.3578235317778738
0.16418024214462495,0.3578235317778738
-2.035270677402761,1.0797932068827398
-1.2964367228054927,0.3358737742944433
-1.9746522610365274,1.0039814970029675
-3.1030737614752297,1.2440200008186109
0.15419788664542664,0.9572777285662479
1.3063533094981103,0.607304774861873
2.531424048055927,0.5811398707675188
3.006026379250635,0.6275407389735116
3.0505824495259595,1.1296385513372513
-1.1396885829087982,1.036797590589399
0.7943805245517389,1.2435832261727906
1.149784086492794,0.27997156864808975
-1.7974565985539614,1.513646837856559
1.650506787343064,1.2237963900113453
1.8591554733104585,0.9766673007582195
-1.9523663774197741,0.6501708208151202
-2.650931847042726,0.8420677892261469
-2.650931847042726,0.8420677892261469
1.4386049288807587,1.0875282445977335
0.8482317485938479,0.6135179214554122
0.8482317485938479,0.6135179214554122
3.13221226316357,0.9641656863215345
3.13221226316357,0.9641656863215345
-1.0709678805074834,0.45721761371625536
-0.21717911131518708,1.5177411935917768
0.5021269179252097,1.4798889784983216
2.9359594501820996,1.1132086351420012
-1.8188022446487304,0.3756556454134902
-2.507298958380553,1.5480737704330378
2.007084447362512,1.0318976222315146
1.3793217629347108,0.13551852106266607
2.981101774992971,0.40713693690486336
-1.3781505214934544,1.0371388213100954
-0.5231387005224022,0.06910176322132913
-2.135401197054266,1.0868767541130897
1.390209036532949,1.5187428248593153
-1.4435783838145388,0.43495461805811264
-1.7203580077708738,0.9488062301455686
-1.7203580077708738,0.9488062301455686
2.8790515575547646,1.046277784770718
-2.5836638607479134,1.1246454759156148
2.729844141903413,1.44805372003331
-0.8704851555929025,0.9680469193013633
0.016293044458562514,0.05944105720091611
0.5548308673584699,0.3504758919223672
2.9222379563123804,0.12851928515457353
-0.3496030156060561,0.7301631796713784
1.1311401944775836,1.2853511976979064
1.5281851031121423,0.46466812847894295
3.0575641327630363,0.3539197372147363
-2.0575247396652303,0.08106537794648563
2.8852530277065394,1.5573751630679638
0.5118559123946913,1.1470371139608038
1.6499224571795066,1.3180318103863378
2.8726355760084314,0.750357688115708
2.937481855140406,0.7269193009952938
2.8856521785768816,1.3478098833383454
-0.9337315256990353,1.2625637468496311
-0.2854227519583308,1.5254264865712213
0.4479553310259033,1.1471796675880972
0.4479553310259033,1.1471796675880972
0.4479553310259033,1.1471796675880972
0.5119489567711334,1.1472814363226973
0.5119489567711334,1.1472814363226973
0.5119489567711334,1.1472814363226973
0.5119489567711334,1.1472814363226973
0.5199081005120924,1.1472857104384637
-1.081946451628359,1.5168717898325923
-1.5083103191031366,0.4590839208323625
0.21904329085240773,0.13955388024674206
0.21904329085240773,0.13955388024674206
1.2919511375379134,1.106184416674695
1.7487990687988244,0.996823323175771
1.188408159906838,0.7037887559798537
1.1986349427656338,1.0576289805266175
-0.5033573317468214,0.7505204598684683
0.26707650374797853,0.009411593680637912
-2.9664835353586105,1.0946926448435532
0.31314938267846165,0.41577178573307344
1.4919039100606513,1.3848797059158504
1.5459248383987154,0.496970533664664
1.5459248383987154,0.496970533664664
0.8606115962399861,1.2964073896161918
0.5092068104391171,1.1472334317368857
-2.7922875005963785,0.2745067831447987
-2.4648294897640493,0.9316427064416288
-2.170468846761506,0.5595896798743755
0.5198074406966876,1.1472501231063763
0.5198074406966876,1.1472501231063763
0.5198074406966876,1.1472501231063763
1.3506242673608588,0.8603906996022211
2.1072964353569756,1.0393090739020896
0.46738000496191173,0.4995496076984917
0.4516896718901959,1.1469805438163558
0.5133720232956204,1.1472769376210954
0.5133720232956204,1.1472769376210954
0.5133720232956204,1.1472769376210954
-2.4630836728695096,0.929959838137787
1.8701671474050834,1.5158653532081163
-2.6266787689701276,1.4176590329288337
0.45889024748306934,0.4118443556957086
0.7333135152575833,0.8661260018852899
-0.012117454722067045,0.3345011658807212
-0.21075476325561393,1.535178236271368
-0.21075476325561393,1.535178236271368
-2.549414231351596,1.5420974951242903
1.2782171409249272,0.4199360512116369
2.023199843492153,0.902210860102871
1.0693595778243443,1.285207796296455
1.0693595778243443,1.285207796296455
2.583262916967417,1.2290698557997832
-2.4031709415403593,0.07517496847444113
1.379793136556384,1.0647399689654615
-1.7895036028584643,0.32895752783353854
1.1480426409585243,0.7447728978884057
3.087296584759717,1.5411572254234343
-0.472514949776226,0.4309507851652969
-0.06035555941067905,0.6268190083341058
-2.1977767289733423,0.6018823572790457
3.122097450177206,1.4635318469403777
0.9865947250411998,0.020289040829637634
2.3459852037765163,0.6230995911313129
-0.6753007599529939,0.4440410541031688
-0.07496033180084805,0.9198345276190011
2.8806862123952874,1.1932487992825132
-2.2487151357432573,1.4337755228391404
0.6726218456832007,0.6340945247298035
2.003889904363772,0.7258667668401355
-2.9127706332659904,0.9711266341467784
-2.676134945645666,0.09135633024639715
-1.7038867988420954,1.3741657812839352
-1.0861259460456179,1.497675602252114
-1.5613003656389433,0.42800144255724154
-0.43225831253009783,0.8048934071817505
-2.9009783602166865,1.5016597129531852
2.9351507482927177,1.217834068826645
-0.8674080694251796,1.2865634775100727
-2.30389710495676,0.5738302091285352
1.0335382228581136,1.2852204706723354
1.0335382228581136,1.2852204706723354
1.0335382228581136,1.2852204706723354
1.279202902441639,0.1936805260981845
2.009124406353508,0.08495824879871189
1.26202737831,1.2855310234660977
-2.862383355511935,0.013031007539487341
-1.8077018647479255,0.7118332310709213
-1.6108388396254352,1.2494082961591981
-2.809156853675087,0.903252088853743
-1.9535849117696502,1.398802367993209
0.20104913582940562,0.8480128517836686
0.1093814832178618,0.22120917110833585
-0.5544519022345389,0.7506862360936345
-0.4938845245122714,0.3031749636432302
-0.4938845245122714,0.3031749636432302
1.185244041101165,1.412943584838939
2.503780853853139,0.1553337931227081
-1.4412809708628878,1.0304933210075227
-1.0033955728484205,1.3992663543314405
1.6724071986636684,1.424827371509182
1.9545670019132437,1.1640473953479709
2.4174171412395586,1.0771208728878254
-3.002126750983636,1.2953022531539367
-2.6503165915918396,0.8421673090161599
-2.6503165915918396,0.8421673090161599
-1.3162749891582877,1.5488969010595626
2.3787536396937834,1.2144400096874566
0.7718215807691537,1.2848303465368847
1.2038812856011791,1.050672256883242
2.472113669961825,1.101274611949708
1.0270737998070478,0.1616521307476252
2.894736554009577,0.11019359218640651
0.4260582366679871,1.2835481270720939
2.7899106543611927,0.4621366733081614
-1.0797160420636018,0.41197261895029186
2.2918733689241937,0.5097254313752544
-2.738940722415392,1.0530929506191575
0.3094202966628067,0.17834783882392607
-2.1259943144231634,0.8888163953332766
-1.6362066649460179,1.3925188171039322
-0.7819531982276429,0.4388250866533477
-2.879416702125903,1.2953816874321549
-0.19307362140426676,1.0979118146980318
0.060735091522744734,0.8656083366883685
-0.18601162254223347,0.45892369574774583
0.7170834040396734,1.5527440748001393
1.721275369919317,1.121066703749098
2.410842209313683,0.9976895748639233
2.9024347962875066,0.7063792168990635
2.3155845470284886,0.15518759236870405
-0.10230502419653842,0.7970959781238401
1.1406964982643681,0.6900489203576846
-2.1618327664484562,0.784754505045745
-1.7240689586153177,0.9601224136050813
-1.7240689586153177,0.9601224136050813
-1.7240689586153177,0.9601224136050813
0.4348414987083233,1.3985648877516228
1.4816445720596294,1.0441999864703593
-3.048074012232555,1.2339343452406046
-2.509494994798637,1.3024945805820736
-2.224573397727535,0.9907863602528174
-2.0807342411494636,1.3170397102449507
-2.0807342411494636,1.3170397102449507
-0.8404110995708125,1.4556216003500824
-0.8404110995708125,1.4556216003500824
-0.8404110995708125,1.4556216003500824
0.9549489461701985,0.33536482363497255
0.9549489461701985,0.33536482363497255
-0.47412842782119924,0.24136829213839758
0.5138261102005388,1.1611996117008923
0.5133385773049693,1.1472138166939858
-1.5166544900257293,0.6838381970464128
-0.49132784901013515,0.3031842229456234
-0.49132784901013515,0.3031842229456234
-0.49132784901013515,0.3031842229456234
0.8774989780199376,0.7961966531584043
1.8854482364626617,0.5233718146446442
2.5755898922159455,0.3222378742417413
-2.806391418691754,1.2656942633530672
-1.6039471942813375,0.8876478149434804
-0.03984331084329007,0.5419721303056737
-0.007312800213251869,0.8994823364016501
2.4256121796798698,1.4117845274600331
2.113872382083176,0.9566183137908373
-0.06866775768732847,1.3647739175208102
-2.605331763482581,1.3055444355267294
-2.247923596298187,0.9296046213106458
-0.4938663917176296,0.3031619443014161
1.3044084628043318,1.2342539085242108
-2.923504742549193,0.9644944612105215
-1.397735962274231,0.1258949684135593
-2.669345571952972,1.5175284209706068
-2.0291079493114736,0.9292992652266587
1.1406930228739909,1.2853928880936631
-3.140388001945732,1.080820521494935
-2.8702271083141433,0.5743961077553043
-0.5856996893315198,1.1020512902037212
0.6184367825050847,1.2920167293026725
3.0790885316942536,0.9100217271204261
0.09045618814749531,0.9468718750922364
-1.5896440460401466,0.6564290990612617
-1.103117395700271,0.45669716163022084
-1.3882811699727595,0.8536919799625632
0.07138024617527577,0.7298837461845817
1.1060905031981407,1.3634339509868831
2.2583621205160354,0.06270761789389248
-2.8883404091370624,1.433891178141715
-2.7770860395088692,0.7268793361758124
3.017125774056158,1.5208754929557684
-0.4916091242639009,0.30327774132247387
0.10004589723702434,0.4408628360982983
0.8412811387844195,1.399585455446462
3.0790938325473123,1.405614647819391
-0.5745157381140569,1.359995200119961
0.5164899525589064,1.147225862519593
0.5164899525589064,1.147225862519593
0.5140795480220098,1.147023860385238
0.5140795480220098,1.147023860385238
0.5373362361008429,1.0084923516759208
0.5733723411894083,1.1472607090549662
0.8623044947486967,0.9001952599775045
0.9644880500155548,1.3949283759251478
1.9643046751791065,1.4172751388030598
-0.5444378692346055,1.168774209516532
0.16983989730111404,0.9199134273733531
1.0728037055966928,0.7354994003470235
2.4627075364863784,1.4363544457858288
-1.6654231673706654,0.4878415259213393
1.9764547720013628,0.7053299436968685
-1.738751927522853,1.199012511602695
0.13458149091567673,0.5777786337733949
1.4917611740971994,0.6216198684095382
1.5141371452431616,0.32065017489386005
2.1130378409970625,0.909133650834686
-2.3675775660166902,0.5951044814959764
0.4669664571561544,0.8929058954029289
0.8367353588234151,0.3736824619740308
1.9835701138951807,0.4728475194713235
-3.079080032067908,0.7199924577481835
1.338112423813327,0.12632556991483446
-1.7446966403466027,0.23165959149797682
1.2900809767641783,1.5645098618587738
-1.7153037536952356,1.3013341628374555
-0.34703958848074645,1.269609651369054
2.1331006373427597,0.8076278850148019
2.1331006373427597,0.8076278850148019
-2.449571541619878,0.9232768396704581
-2.1135056016258797,1.393676641166429
-2.1135056016258797,1.393676641166429
-2.1135056016258797,1.393676641166429
-2.028449652351279,0.39085082831847556
-0.987568167542797,0.9272895197955431
0.07524960033601864,0.10645692212511956
0.06507064520526262,1.1608491162354504
0.3104163915133582,1.1755316119474535
2.393746604706863,1.4918418020160762
1.7482858071364442,0.6911391305389631
-2.762725714461406,0.9302474509026198
-1.2483713130102938,0.4123163109294177
-2.106913520967683,0.17229452732720688
0.144255019760242,1.3445401362915694
0.144255019760242,1.3445401362915694
0.144255019760242,1.3445401362915694
0.20233017837190231,0.8181949731388977
2.1070420258305202,0.8075372516497943
-3.133321178824379,0.3997376848876093
-1.0371851966446677,0.8259244866881286
-1.8153081404104503,1.3014834828748822
-1.9372087160005451,0.7025448757011434
-1.8630691119932372,0.9290085749004792
0.3637445322797259,0.23798042800042937
1.1197007543947513,1.4398113613005203
1.4794410452699776,0.7043956946333846
1.120871167993246,0.7377773660924478
2.546050236223889,0.2661329330751952
2.8233934443368307,0.7269141539521635
-2.5799622289752793,1.0665484647889503
-3.0122708891846264,0.5172768328663077
-2.03011798880652,1.1995437968356937
-0.5911788175937325,0.47781032726998884
-1.104213926669785,1.5463261956203675
1.8375086998230714,0.7477020995523362
2.7280247255630785,0.8895972616636392
-0.16983460334515854,0.8342776351929421
1.5470895454885212,1.5378535952810608
-0.007754086977271868,0.8444831784392992
1.3667895135136403,0.8468555997718114
2.565218345246898,1.1014303839866686
2.680599353274387,0.4371130471699645
-2.606415164913631,1.3976814371310062
-1.1360926223608434,1.036474316791226
-0.8508544624342678,0.5071265581805559
-0.033167308289970165,0.8452151937185866
1.1493872803946477,1.2853106432323866
1.1493872803946477,1.2853106432323866
1.584919305528888,0.2056205407011136
-2.2809656822925435,1.0595982418733305
-1.1622150183886912,0.522084802731117
3.0622396565348313,1.2872977661088791
2.7472892830065403,0.8125345433706268
0.7310424660624426,0.23791519873694664
3.1397518562294553,1.115931955717043
3.1397518562294553,1.115931955717043
1.4768415208897865,0.14467875330957305
1.8155009850411985,1.0657406975533736
-2.108756378961737,0.8617688982448908
-2.022806483860732,0.9700739782688627
-2.525450436715224,0.9980353760546663
-0.6422775280853079,0.2383260481781553
1.7592942013740502,0.6081262031481917
3.1290840503149626,1.5000702324052355
-1.1003041137875442,1.4878064975853913
0.28222925286548156,0.916888113369134
0.28222925286548156,0.916888113369134
0.9257196049434837,1.4314148709566203
-2.573952576650759,0.5742076682479086
-2.079419670537896,0.4435918222934958
-2.6813533931295503,0.8422493394335213
-2.647894060846904,1.2219780989823308
-3.1351827771085214,1.4019421536691206
2.1804517559203083,0.8101547928148509
0.1930128308753152,0.49935187298757727
2.4788223530394125,0.5783833765916512
2.4788223530394125,0.5783833765916512
-3.1375575060154186,0.1285923818048489
-1.4436912763452208,0.43503060943118377
-0.9179270323341511,1.331936265585319
1.948916700476349,0.40609858037236535
-3.07559140931965,0.8491776571491376
-1.4450175648350152,0.43509966113726495
1.6047866627760194,0.7182214366193527
1.0679853888637028,1.2851931131324603
-2.4310989639348755,0.602245933377367
0.5889173848929139,1.1473140772605974
3.048911520058856,1.0728881718720227
2.537091146274026,1.136457081844436
2.882354992173563,0.5956003497374206
2.9049964958533026,0.5438397366352867
-0.12079720620213497,0.3030167963459266
-2.935429027635366,1.5166469381080159
-1.075668949071578,0.9955445714305816
1.0442703664236912,1.5653671812979852
0.5960213507308398,0.521188090593381
-3.0759828560950493,0.6305872738856031
-2.1951089632392016,0.28178468837018916
-1.3269706462560826,1.0574175187210426
2.0276959736268783,0.3450861485062039
-2.347723756659504,1.1011020961557219
-1.882532796468718,0.6500909717741784
2.1107105910382016,0.9945524177666648
2.1107105910382016,0.9945524177666648
-2.0490295441019866,1.3169034003434517
-1.7787970362047716,0.7527368272131947
-1.9282231720184635,0.7253237786333969
-1.9282231720184635,0.7253237786333969
2.0994964287838465,1.3395197597903241
-2.2055530190998827,1.4496076055442502
2.661079040849969,1.3863493867012342
0.8806232318730891,0.33527213889779633
2.342555898427003,0.6645556074603213
-2.6517752234010796,0.8397895606871293
-2.6517752234010796,0.8397895606871293
-2.6517752234010796,0.8397895606871293
-2.6517752234010796,0.8397895606871293
-2.6517752234010796,0.8397895606871293
1.061441319998845,1.2849353849485987
1.6086892451260517,1.148918659500423
2.375351531624525,0.6988782176049065
2.954385263893151,1.2077212168314866
-2.69017075270585,0.8422646605645876
-2.69017075270585,0.8422646605645876
-1.1494920582450083,1.5122220955309744
0.9473882044725489,0.9408905908301815
3.113445480448258,1.4669701515790459
-2.7220086649585227,1.3403574373754212
-1.8367684316922528,0.7799948532425921
-1.5064888964998842,0.3440520505891002
2.5121186112901994,0.517105149601716
-2.6500450479485633,0.8396416724128903
0.44714802307805107,0.7027570122317597
-2.605163186806211,0.8421372692777838
-0.9679411587447051,0.9138119013902326
1.9743555265259571,0.35273376662355665
-0.4928631004413031,1.3806534238401682
2.1137335786710194,0.9024176986148099
-2.5146486327953177,1.443022136226863
1.874728762791868,1.0683431914023644
-2.6472713421291694,1.2364531893723663
1.1308555090512442,1.3058156374888046
1.3769311798779484,0.7860421662164625
-0.8055862407094025,0.3220282665103665
-2.667540025112267,0.510084945027875
-2.1307313667278285,0.4193063451747092
2.6313919673862562,0.4720604616287341
0.8339098564441674,1.0707907390363445
-2.7519081472308202,0.9006223491311032
0.7001822267062628,0.303043893566749
-0.2690194764348881,1.3543377207307936
1.188497960221958,0.5437585149410631
1.1596405936502623,0.9137306903019097
1.8397137637245726,0.8678469612755293
1.8745433855025475,0.8952248641743042
-0.5699963125388026,1.147305903691312
1.639855870119621,0.47955398122634296
-0.10782056099902793,0.7370692327282589
3.1397722541674336,0.9372054741153866
0.9338982635941734,0.5000941511671186
-2.6484969103192912,0.8422089386781921
-2.6484969103192912,0.8422089386781921
-0.7715363449322803,0.4486723602412079
-1.6402473252186933,1.5133148311321079
0.15413274289186907,1.3831696802774605
1.329621329756113,0.772285522278002
-1.4542712403145917,1.4207140685649173
-1.4542712403145917,1.4207140685649173
0.5200301065565236,1.1472021596531563
0.5200301065565236,1.1472021596531563
-1.4140478187427172,1.0372382952760275
-0.279750381081171,0.3188247787747965
0.5120119948972902,1.1472021844639513
0.5109846993785429,1.1471774000441524
0.5109846993785429,1.1471774000441524
-2.3303923840273826,1.491199957513686
0.6250003294052701,0.8050079382532337
2.33515284498165,0.7330503683903271
2.6068729557648243,1.4024160060980142
-0.46756958734566023,0.3032301200413359
2.9618656417011273,1.4923722043308703
-0.7330835599203,0.3963967487979603
-3.0486317757881376,1.2584648027960434
1.3353515374729732,1.3984175714285423
1.9744563539578326,0.47281977626466587
-2.5290939978479248,1.4911591987986181
1.7973463032399122,0.32117422106066823
2.842103931806068,1.073900269086864
3.0107846044245816,0.8829627036744908
-1.99850348541165,0.20696887628370075
-0.3537697652637606,1.0356576661034202
-0.027273703310233266,0.388271239371439
0.4836541549277409,0.9336286896168925
-2.513637073429277,0.8962104232269879
1.8749595230943041,1.4609228574978077
0.6613123860725073,0.39347440841659426
-2.9337925268939378,0.36931086320527456
-2.468620981471881,1.3101207334148428
-0.185641552821731,1.2108253813733012
2.3237179933479095,0.1462234482692056
0.22206200184121042,1.0426211414896056
1.2164198795201187,0.11686463166971665
-2.4604344717725675,0.26601806355932783
-1.1981096055564038,0.020547067222513572
0.826212176256008,1.094427367295602
-2.6171030502136015,0.8421529732251856
-1.5112373011570694,0.9691397906975358
0.9271534142165857,1.4093091380753573
1.3753759248549864,1.3082155936931505
1.69748597653699,1.2864102384956528
2.4807933710266874,0.5952636987053221
-2.924881275873785,0.09158840983182422
-2.0309163697232577,1.482461699490551
2.872827953139868,0.5532517276061318
-2.395498816153569,1.5579753433997343
-1.6721785415352572,0.5798592369560975
1.7922183547878883,0.7866337269775638
-0.41393142367779134,0.5989726584950148
1.174151907003877,0.8329465992680333
2.4090841693765133,1.2288079853776714
-2.9006649702929534,0.5246791447548208
-0.890037672096935,1.3606279864622552
3.0518815013713985,0.8829902150421134
-2.4793753655231012,0.3008731322093265
-0.9189705277943325,1.3224195142209632
0.598424733205668,1.2696438872418399
2.519617851552873,0.6979602301306945
-0.8074272883487374,0.3889167121681518
1.5352600305928765,0.5402158541558989
-1.2349436767048685,1.3994216483636708
-1.40652363078953,1.3691189693969372
1.3176551668137662,0.0796816159728736
-1.579001060011053,1.490478164629735
-1.579001060011053,1.490478164629735
-1.579001060011053,1.490478164629735
-1.579001060011053,1.490478164629735
-1.579001060011053,1.490478164629735
-1.579001060011053,1.490478164629735
-1.579001060011053,1.490478164629735
-1.579001060011053,1.490478164629735
-1.579001060011053,1.490478164629735
-2.329619633118476,1.2872117128898375
-1.6463055679794492,0.25659634554191824
-1.6463055679794492,0.25659634554191824
2.3637962441063594,0.8350562099395809
-2.0407092780607217,1.110277241386047
-2.0407092780607217,1.110277241386047
2.22864228181782,1.393694414344252
-0.04453621297651278,1.4786994361267218
0.8340714503968382,1.0776326561155964
2.2598347991554744,1.1398729160893777
-1.5134394523248922,1.0788932559820654
2.776829805132222,1.538894606830879
1.1890158067206775,0.1882654770952181
1.576832162007335,1.1914570012359258
0.11265109140602698,0.6818791077788682
0.4570666510570972,1.147176372857535
2.560089925071584,1.2001398512094759
-2.2366410796276686,0.4952470422239295
-1.9738635950235643,0.4728932736868568
-1.8153994605843309,1.1917224703548843
2.352281478603364,0.9500364041069068
2.519942294569486,0.8692079037861109
2.7522879222771035,1.287942155647398
2.7522879222771035,1.287942155647398
2.764732224369845,1.2880004666436022
2.764732224369845,1.2880004666436022
2.6686261630448227,1.2870348053665364
2.774334975610964,1.2870584866692194
2.7786666751170683,1.287063613903337
-1.617544550739673,0.6007183549350058
-1.3375944660683627,0.819577219699406
-1.3375944660683627,0.819577219699406
-1.3375944660683627,0.819577219699406
-1.1345800375292852,1.036659450851654
0.5952853568329831,0.23805699764363303
2.327829364011159,0.33772405464773025
3.0789114355567757,0.8762499046370287
3.0789114355567757,0.8762499046370287
3.0789114355567757,0.8762499046370287
-1.8899553428082392,0.9291521505004737
2.1283919829645015,0.2573388653190543
2.2703809676463167,0.455350217580663
-2.643819655411104,1.0804724290311227
0.060367020631112975,0.8113516365204498
2.3126000821269597,0.17275554728588546
2.0849023858245355,1.510241318474511
0.04161653479732641,0.7708028333156908
1.0605010103487578,0.7082017464175898
2.7391642808997205,0.5955480933865013
-0.050740629211551536,0.47751590523148546
-3.103676577765519,0.6789887440411697
-0.43491077737252226,1.3219406228917459
1.418612215950299,1.1557056508974053
-1.955723557454382,1.406985224815197
1.0503238524609058,0.4268212314048613
-1.8256133937548737,1.3087950247890359
-1.3927817736733665,1.0994035266194473
-1.076120005228196,1.3611362762864179
0.5146852604707638,1.1471910245939612
2.8558972613538787,0.7199843990572519
-2.4618545833378316,0.8554301095123857
-0.9172396568972685,1.3911986726397139
-0.7305805103549101,0.8514954535793504
0.23103873118907026,1.237327173357942
0.3775437708510058,1.262139556609445
0.5060044172064949,1.147178673916905
0.5060044172064949,1.147178673916905
0.5115715779445017,1.1472338195648215
0.5145469882371199,1.1471940253207018
0.558151708621622,1.1471678901910025
1.8180593760883252,0.8205661753414443
-1.6930359640532027,1.4329916344267888
-1.2484859888572881,1.285825665878224
-3.1411586027820597,0.7747192085875946
-1.8454589195233382,0.39075196259748346
-0.6789357898755792,0.34277242013158365
-2.870434475421786,1.1507631006936454
-0.2867701463931853,1.4476444082657485
0.3285998214031227,1.4965686346561946
0.3285998214031227,1.4965686346561946
2.6087131729913637,0.2879317527178442
0.921199561043846,1.0090356675415384
0.921199561043846,1.0090356675415384
-0.09222814533922641,1.4712716723205705
1.5185530434268153,1.537772727736813
-1.1496532515032074,0.7514669815113798
0.2065931060389427,0.8182358969923595
0.20897178563982313,0.8181217574648577
0.281815672401878,0.3029532196634729
0.7371656897906206,0.17000569658344847
-2.6755805178283607,0.3919699578979901
-2.3750498070224952,0.8959950410443585
-0.7149959437209441,0.42650865790712456
-2.8151837003210605,0.6789256753998366
2.06252431900094,1.5102271075132765
-1.1577733305733755,1.521918124878043
-0.32236091491576957,0.2379227514229207
-0.20609198340911838,1.5568302743508755
0.5835502994012682,1.1450090219553575
0.5835502994012682,1.1450090219553575
2.2262861708941863,0.25423098664566296
3.1298222438963017,0.08201211899504138
-2.1409365747171583,0.6934817668604469
-1.2654723084647577,1.174248116997721
0.38824708341933484,1.4781130910686835
-1.919086165966732,1.1066882351327159
-1.5589618424089249,1.2202671213983247
0.12341627168088758,0.5063765818888992
0.22348155130644048,0.8317609283547067
1.023705449274011,1.2850682948778698
-2.2992598606137857,1.2433972788263288
-2.2992598606137857,1.2433972788263288
-1.5821197147323502,0.7659150120477651
-0.5817480278975609,0.29518431818400664
2.590382521101302,1.1577244569409701
3.131828626983911,1.172377043318818
0.48356064372378293,1.1540585637939595
2.326512487331377,1.2948529087321397
1.1376477819651765,1.2850564745504511
1.1376477819651765,1.2850564745504511
-0.8787001407422208,1.4599636326080605
2.6056623346767647,0.5882851297125252
2.5912022045681313,1.465982580653257
-2.2449260328971903,1.214307734148941
-2.2449260328971903,1.214307734148941
-1.4034520817748861,1.0510759541341081
-1.4034520817748861,1.0510759541341081
0.5923168323150817,0.41127624454052364
1.9933597443705142,0.12755208881684538
-0.46290853009269295,1.5473610269949827
2.4003513985531115,0.6991063097636804
1.9822136112687452,1.078897366021559
-2.0903353031097547,0.9090622971506325
2.3394091575576823,0.8892093572199569
2.778259453273045,0.07252904729343201
-1.536873495162686,0.3900130180282761
-0.12150331934267733,0.4629267673549455
1.98595454338479,0.678294303255204
2.4675718810160414,0.5172065828831693
1.7969843848452773,0.881408334584934
-2.8294382619602874,1.147975374868002
-2.112271940525905,0.6500213971404442
0.5413238135747844,0.9177378060618142
0.16750412596326125,0.8181973176517338
0.20432731479026858,0.8182261737507368
0.20432731479026858,0.8182261737507368
0.5699693929893775,0.47053645214935
-2.717408575101008,0.36922923127441887
-2.4720319026995923,0.7048941446779753
-2.0451709405293963,0.7600221814042479
-1.3333804618111174,0.8197300636049342
-1.3333804618111174,0.8197300636049342
-1.3333804618111174,0.8197300636049342
-1.3333804618111174,0.8197300636049342
0.7181239226535961,0.45603847989145474
2.8844563759333246,0.8829650564588849
0.1201001601028708,0.8008396726451977
0.1201001601028708,0.8008396726451977
2.7640649534247843,1.3930187098306974
-1.9772188555109702,1.0109932930567365
0.5998527801459712,0.647860808248486
2.3028273556288568,0.06295760735575104
2.7948572179436795,0.2581071405943399
2.901186915747468,1.0600795277579176
-2.9022800891815095,1.1368095576008992
-2.7857233923899845,0.8804197233610287
-2.7857233923899845,0.8804197233610287
-2.3028423166600605,0.540751711044971
-2.0471219203989914,1.0513262711862938
2.464673996276334,0.3684761094464785
2.464673996276334,0.3684761094464785
2.464673996276334,0.3684761094464785
2.464673996276334,0.3684761094464785
-0.6644322410087531,0.23816287083350696
2.1643119971740874,0.5666583829728202
2.3949018616702897,0.15523183875306512
-2.159797548873332,1.541779155324688
-2.292460869621258,1.265266020504214
-0.3327644997202457,0.8657205597016473
3.026610858535564,1.346156545272803
0.7378501428072343,0.2793698278122808
2.170076132572909,1.1009369342330537
2.170076132572909,1.1009369342330537
2.6823039015171712,0.2825087169087752
-2.7864986211381537,1.0738308963443906
-0.8597934742493782,1.2626580310362538
2.463641546679901,0.6301968841590075
1.0968096121322723,0.6649680649445552
1.4861536163771492,0.06128807782454932
2.845514240912805,0.2635632970411424
-2.1280818225411657,1.1641089564574245
-1.5153025834271867,1.0822452007938332
-0.5033291889607421,0.8455545698025675
0.43246960329770323,1.146915402056435
1.9372770425114967,1.228130133341131
1.6826183227244311,1.0653750532369568
3.073542259536228,0.5247855964164692
-2.0180259193998316,0.8277618955218115
-1.8249541273898844,0.4799384599533163
-1.2407675374892149,0.8218645752944367
-0.049972331840604234,0.4900521735852226
-0.0006418520503697067,0.3029490640758013
2.3925043981936636,0.6641171036157494
0.4782880717953963,1.1469757616568783
-1.7954585461295016,1.1472826272235395
2.6118888825618303,1.4177208499707203
1.6143481551730199,0.5255363347876917
2.8034512902767816,1.3508281520009564
2.8034512902767816,1.3508281520009564
2.1321687646395513,1.5542519255188523
0.11778583653672327,0.009336751719736074
-2.2329863088600774,0.6368469190464852
-2.2107973407339685,1.1352125083377422
-2.124164526554095,1.211432612332722
1.236233636485961,0.3042120819363178
0.3974050371945987,1.3598717242149838
2.023134401903211,0.5521114957865669
-1.0577953143771461,1.2440736494853197
-0.02058190980869057,1.2766627046955579
0.6734273258264477,1.0764353242187437
-0.7793708645235249,1.4890054320657018
2.4299857030605114,1.2615504978280254
3.0876328354707216,0.5104292035366871
-1.5357375169115564,0.3442087424479232
2.7988986212571394,0.11930573203657348
1.5442702644910338,1.1532658749294566
0.12882104030042513,0.6543146762228643
0.12882104030042513,0.6543146762228643
0.12882104030042513,0.6543146762228643
-2.6008734707009635,0.8110012018580823
-0.6983087503048271,0.578163584640572
-2.8825728901567684,1.3465935497989359
2.8101797289984516,0.7269497446550056
-2.161910916615378,0.7536591337322859
-1.3360850291554787,0.8196447611169159
-1.6714531443563185,0.2647047682312179
0.06588684098468478,0.9265307842515534
0.4546219558766987,1.1470817882413853
0.5696004617234401,1.1471678918557477
2.0860331900121296,0.16364722599983048
-1.8418889038040422,0.6524518457321093
1.4405937688381725,1.262643726979068
1.4405937688381725,1.262643726979068
2.7423593360241267,1.2293957756608835
-0.5163316791792223,0.4036983023077936
-0.1235649168232138,0.8587890248369789
0.059353638941786434,0.6475336219433572
-2.5844445411437995,0.42941515971911687
-1.1308044178433816,1.226687287998703
-1.1308044178433816,1.226687287998703
2.444573918141302,1.4728506875506762
1.617273308614618,1.3617676307701931
1.2753244767651382,1.1342973353959722
-1.986585133950558,0.9360741289152112
-1.650566462047279,1.0652404652921375
0.7458517330010381,0.3810118279747019
-1.4886742011316851,1.4227505683767923
2.2377629294804833,1.4063751020083295
2.728370862683667,0.298658575481184
2.6009439485673562,0.6699179881718531
1.5660262038055177,1.338751706261686
-2.3702530512707862,0.588098753842439
-0.4182932657874341,0.9402490601055223
0.8385741267823732,0.7984584781731648
-0.5892982306029086,0.2785478395561555
-0.9773497838550291,1.322527938386171
-0.2799621607531746,0.8927121315768713
0.33020101681261566,1.5384830558545879
2.676178607572728,0.11934637099769259
-3.0256585759812706,0.0968893659528052
1.1756075992468915,1.2486918666042524
2.512233802900752,0.6372905383678326
0.35234347952046613,0.892764654244252
0.38814865577663227,1.306852655029313
1.3277192415995418,0.3746336859865453
-2.6862961415804554,1.0946241145264937
-1.601760754046765,0.22297278083607178
-1.0592382908444806,0.9342160198154199
-0.9466853191638354,0.8663095501668056
0.5156557894499749,1.1471508082823327
-1.3317823641086717,0.8196550643492638
-1.3317823641086717,0.8196550643492638
0.5179407839845757,1.147185968986865
-1.2837604290509992,1.412455234190671
0.7076670788479913,0.23813212863288769
2.322544321662637,1.457503564659177
-2.897319157195074,0.6303536771416239
-1.723829631175775,0.6636152785037135
-1.5072091555795737,0.20615260553275894
0.37358967359012685,1.3143018348717315
0.6069851277056455,1.3484633845590908
-2.6422241386646355,0.06344564307968904
-2.8884992488098393,0.11026489719891149
-2.324131217792942,1.5364190304277723
-1.5380116708873386,0.8470848590880286
-3.1265892024028847,1.4918922506599983
-0.14344977676904413,0.5944557302651671
-2.7323724738626884,0.05325803709390852
-2.1487591973453437,1.1855036387175422
-2.1189119815944943,0.1900739779851355
-1.8038129785859178,0.5446305219788821
-1.7090485232358743,1.4646102048330023
-0.6150049998743325,0.24174295463877518
2.864284328558878,0.2747235430302452
-2.3638327064383207,0.4661570721933481
-1.2556429715867186,1.2780558770375372
1.8824398695527211,0.11147337774936654
0.5777814948763149,0.07848450947126566
3.088098359626492,1.0779494520128436
-2.12336608357091,0.5451206746734907
-2.12336608357091,0.5451206746734907
-1.982794215686984,1.0678450644621722
-2.5265662152102655,1.0805717737700857
-1.4752045654673909,0.8199366036200562
0.5486179706548859,0.16971520672046322
2.590026859299748,1.2508164448952215
2.590026859299748,1.2508164448952215
2.590026859299748,1.2508164448952215
0.3130970204815349,0.6643380285090338
-2.7161075439426354,1.3409397155046363
2.283515132325337,0.78539817308192
-1.7589532242152695,0.48701723216595694
0.8142768686820866,0.3964329215246527
-2.904069461201,0.429910174817395
2.8230917467952574,1.2440060013721879
-0.8086711038945378,1.3374781263906688
-0.7963727696503833,0.5356930505278203
2.340051345676436,0.4556332235771116
-1.3104817986364266,0.4741918274114344
1.2323312629163452,0.8193801455921031
-1.3908465415087958,0.46752570341750493
-1.582445135878812,0.9217642528955416
0.5213821985886911,1.1469655179022664
0.5080194805663064,1.1471349621436635
0.5080194805663064,1.1471349621436635
-2.039133295777628,1.4338042486620994
-1.990622722277835,0.3813583484372488
-1.990622722277835,0.3813583484372488
-1.7159247933503767,0.5014577090128584
0.07120241628691237,0.5351695825030709
-1.5093767920673704,0.7784506296663727
-1.6148490320968412,1.2788222913964045
-1.2565895059026575,1.1624949818110193
-0.5768692659633228,0.6884943840864775
3.0700765607272475,0.3227378391335021
1.3255094091034403,0.6971558441051066
-0.11898376584827819,1.553816367777203
-3.008246462283324,1.136535129875495
-2.239331210970999,1.0250875835310715
-1.5270917243812008,0.9691561136456089
0.18920813166457057,0.05975389257685784
2.9859043720378424,0.3306199255790079
-3.003900226378706,0.7950493947029986
-1.640722363696157,0.8811583267423067
2.4736955164384065,1.4625100886311293
-1.6956099214583897,0.546893193883697
0.9578327978092039,1.4147724932282961
1.3593749804554949,0.6003789689513498
3.1032105097829006,1.2661744053361044
-1.2772814789854934,1.2415165540245074
2.37084689688163,0.7380182224558692
-2.7057746984223523,0.14671714133075406
-1.975194025122657,1.0520705371526187
1.0558425691147189,1.3105016683036754
-0.3208913005155569,1.5535594584211616
-2.7565749073807573,1.3100799322339092
-1.9393592077637436,0.9562290820148144
-1.7711874234788016,0.9627013624731529
0.8952159880588669,0.6665063146101221
2.1606223614940037,0.8754185559054106
-0.6555568127854743,1.0634477489087506
-0.5367787702383966,0.4482973459465725
1.8657241753078604,0.7461570268645307
1.8657241753078604,0.7461570268645307
1.8657241753078604,0.7461570268645307
-0.5873593485804935,0.5708120588566175
0.14361684050120038,0.5031010519130693
0.5839136962675904,1.1472272438835858
2.1762083979167257,1.157130913400898
-2.722896595519601,0.9370710070498125
-3.0128270873952623,0.8356470435788114
-2.016447545435059,0.48756971178692715
-0.8355412570094103,0.510058347887311
2.2486995434941046,0.5169297984081261
2.2486995434941046,0.5169297984081261
2.2486995434941046,0.5169297984081261
2.2486995434941046,0.5169297984081261
-1.5332629255045465,0.3899782706928529
-1.5332629255045465,0.3899782706928529
-0.7577425616291036,1.112367544833999
-0.598437642276366,0.2129829645593314
-0.2504173984516198,0.7910974321754037
0.7457496734559974,1.0156679508332356
2.367694188928171,0.7877953383256822
-1.9778083347731217,0.7668334877735206
-1.9657153726069732,0.3986284452808208
-1.1369226328261828,0.8328786048280963
-0.21739777826558804,0.4546310035349188
-3.096414411782831,0.8451083745647334
-0.10886509449925086,0.8603262247926454
0.5455636845207069,1.3296128888744978
1.242610217639898,0.9618777401699983
2.42373846669266,0.6888575407755794
2.7240717951844755,0.91678330589688
-1.9858914379435078,0.5530688905032222
-1.9659805463188222,1.455693272881159
-3.108627224198818,0.637644332075111
-2.8603623297891554,1.3104772481604372
0.9305258853452514,0.1484149651348575
0.2819183763479367,0.8114752323915562
2.3118727920670117,0.8239656606117075
2.844219125524435,0.3484067328158529
0.44075174152663693,1.1471121296306248
0.4430881161426923,1.1468862851259833
1.139783986747356,0.94409071664084
1.3319160800433456,0.4496015961135263
-2.073868532908701,0.7395230529739583
0.7963689022372102,1.495353133677513
-1.2309840389107425,0.8193488021578742
3.0136374313620267,1.0229829553401342
0.2872758868297846,1.3078965575690198
-2.820821384698167,0.7881783554028207
2.3197718856934206,1.3460255795099074
-0.03646677106222107,0.3344582229382752
1.482231844035245,1.3925683231755581
2.309912494888088,0.4218191145226164
-1.6554612205288732,0.20617222698798393
-2.9069423040082882,0.2858509006563955
1.4327975941406232,0.23116066023008838
-2.2786407590737285,0.9683802012753224
-1.0226971857052547,1.522187301535576
-1.1319871281601452,1.036749241684179
0.26230322687876745,0.470123208459126
1.8859468706034648,0.915602875983382
1.8880658044343424,0.240406792581374
2.1361295728732785,0.8075182757927979
2.1361295728732785,0.8075182757927979
2.1361295728732785,0.8075182757927979
0.04948286274640895,0.44774620158806205
0.583321850989385,1.1471871870361063
1.9081635871581304,0.23211612134059287
0.6121941705483827,0.14324763902792198
0.1812017744822101,1.1117618530700835
-2.880372737105169,0.6927094626094783
-2.880372737105169,0.6927094626094783
-2.5964513630797392,0.9573137811871816
-1.3944772373514747,0.20576908104514866
-0.46596700032875216,1.3366955456558693
-1.235447488076752,1.368792473922671
2.5860301217375485,0.7288287283301138
-2.648466620596523,0.84230250012928
-1.6102604205259379,1.0582863007803383
0.32150717916171606,1.4468771033804955
0.591572767632995,0.7957241541444082
-1.1286555279577053,1.5178471577669648
-0.8407849812228667,1.4894832807184673
2.855967703903565,0.4959854240230312
-0.6663263350141824,1.084327556938141
1.9899744876854557,0.9701247769293595
-1.6445447919665428,1.286027607735657
-1.18186466482313,0.571842168498172
-1.4271193896511951,1.4084920663040297
-1.2869178816104494,0.600227048511689
0.9523366525932329,0.6342560505841224
-3.0096600674324043,1.012192293117758
0.3280971596877019,0.7232093215709049
-2.5439953788384173,1.3465625318594565
-1.5490210229904324,1.4173122281390305
1.9738199075140939,1.2356066390232334
3.016336087855945,1.0122074936533505
-2.9959803029537055,1.2220299011126177
0.021695995479681807,0.27879538520382247
-1.282834567268651,1.4497460285729726
-0.031216829723455852,1.4197049264797588
0.13244135356066755,0.6500998968187067
0.13244135356066755,0.6500998968187067
0.14704416288388994,0.5064116742427076
1.0797342697794885,1.50601500430907
1.0761850180668155,0.5003642156838611
1.2714968266066653,0.9076128989488556
-1.6414217682949088,0.3489241372070396
2.7362601659317467,0.8558092706404652
2.7863241937352794,1.5028546892440844
-0.8009743642338218,1.0497738549180657
-2.1587034874475206,0.6367626709187265
-1.9015884279830333,0.935857108911515
-1.4852584197487166,1.300684353683511
0.019203652714834943,1.2255442352481816
0.9551571817681714,1.1546687511303972
1.4306732942634457,0.7178850062184378
2.1427990409754316,1.3939961418908202
2.91645387667783,0.346054819708869
-2.98221322770836,0.29077610853397995
-0.6380759495417987,0.21016662929879118
-0.6380759495417987,0.21016662929879118
-0.521989464314963,1.2722936319512075
1.0154778386950973,0.5170955708276721
-2.8939719469357006,1.244090075610382
-2.752393500583831,0.651331145439493
-0.2913924437804427,0.8723270693101081
0.14021562656258746,0.7024361419278318
0.5173895763246242,1.1470876704466137
1.073552945011395,1.2851721352514662
0.11232392475780904,0.059492094812080905
0.470829802227894,1.1471376094266441
1.4679550628012572,1.3382836159770304
-0.532730763478523,1.4307821344212992
-0.415197291476745,1.2695928933253222
-0.415197291476745,1.2695928933253222
-0.3421309550395968,1.2694303688230661
2.3119726394204334,0.5384716973996606
3.105772546102525,1.5247959894024463
-1.5227832145492064,0.3666481438826683
1.6082363215575761,0.9803915426488207
-1.6455659478802014,0.7320621115676874
-1.645551981191046,1.1558643667316768
-0.24887418759174817,0.13392921483666015
2.741805637705157,0.22489062052244704
-1.58724348573904,1.1487228398438427
-1.372213877064258,0.6696100799273077
-0.22631348186209443,0.7503821297119818
-0.06556685313601651,1.1398437623851723
-1.430500857923831,0.4050337009534039
0.7352851258956996,0.5643595795845114
-1.2803525432322296,0.822458926569033
-0.680069406499471,1.3200572457539301
-0.3350047012636459,1.0768425479338222
-0.31209735705091646,0.5847577284484905
-2.1883400845445955,0.6575367563426104
0.1803483456985628,0.5064606192810619
0.4367817324477707,1.147079512344392
2.243004199515126,1.0940385798494965
-0.8507823701262254,1.2407625799486335
1.834833584878866,0.295391038605832
-2.4773235930504094,0.8418532286163243
1.112870375594847,0.1378414856568017
2.180760673156437,1.516562580978627
3.1300464456132864,0.6097794609606586
-1.3935939406273956,1.134479598758375
2.211023501367092,1.279891445988479
-2.3856419774472246,0.46644748285778476
0.24537670812891477,0.6543649533788704
0.6609438196519891,0.44857155109235125
0.41104675172272653,1.063362525796169
0.4800075262979151,0.23796071722074869
-2.747425740880633,1.164583873485691
-2.4359783184314634,0.46640974291268994
-1.625398307168604,0.847291588331559
0.5317931097243147,0.7096125505279698
-2.9513255979736823,1.4562344011687907
0.2962073671543945,0.3187501077470463
0.2962073671543945,0.3187501077470463
0.2962073671543945,0.3187501077470463
0.2962073671543945,0.3187501077470463
1.1995095136462055,0.4046870781772372
-3.024291186359602,1.4908372257785927
2.2247251028148787,1.2649422025313837
0.5409820885589329,0.2791529840107358
-0.46919532172256684,1.554077055634851
0.9433233037415073,1.4401555966094446
-2.0541026453980065,0.5665202116278029
-0.03629456640039219,1.2400817890269236
-2.2674758695831034,1.3708151840376928
0.08348201208388438,0.27874799972040176
0.524286958918723,1.5249746360799856
1.781134709717146,0.6184512339174044
2.3712941556642795,1.207061137764555
2.1787264629924064,0.8484363318498537
2.273071686144594,0.7376615967678312
2.273071686144594,0.7376615967678312
-3.043541790164361,0.588701743351497
-2.07893795485158,0.9429913077913473
1.8169250119789466,1.4574651181409584
0.45752156052402854,0.7709099179528082
0.45752156052402854,0.7709099179528082
0.45752156052402854,0.7709099179528082
0.45752156052402854,0.7709099179528082
0.45752156052402854,0.7709099179528082
0.45752156052402854,0.7709099179528082
0.45752156052402854,0.7709099179528082
2.7017733386983327,0.2580564156707688
1.2083831513772672,0.024655226895427457
-2.6751996552291217,0.9778029362439161
-2.6751996552291217,0.9778029362439161
2.212930157831631,1.0045443155070706
-1.1726646136119259,0.529250196830914
-0.5281534498831828,0.974302524724041
-0.13147175850210768,0.14283609268644762
0.4763953133749787,1.2256817613957947
1.0583292400842237,0.6554161214386525
1.8454888270103917,0.7734147053286766
-0.33980623415761535,1.2620762360893536
0.32579857109381427,1.4460632603661518
2.403435966730785,0.6991112120146163
-2.785201201090702,0.85013776558758
-2.785201201090702,0.85013776558758
-2.5999350203344735,1.2510877372343265
-0.04306700292577492,0.9535172905522571
-0.6316688371295793,1.3174912876235267
0.3391777231417973,0.5733747920600145
2.1544791703045547,0.5523831945894313
1.196983220263634,0.27997871446784073
1.4049315225380974,1.0925142214907761
2.3134030586936776,0.4852202455275293
-2.274470784685235,1.0457206426564047
-0.7769492395233515,1.423179796603931
1.8142653420977595,1.1888467578798236
1.4697739336490367,0.9553771445090256
2.700979437857582,0.6096368951987614
-2.8980671901485864,0.87628707625248
0.922872292937259,0.5214808451250618
1.2823915696597257,0.421317879930319
-1.4336510195361107,0.9417417926435429
-0.25431157123203363,1.5002024955383095
-2.883306661552611,0.43041054709134435
-2.7103135463324395,1.3103770601827605
-2.3619605895261455,1.2145730903280456
2.21920350787111,0.5096655986180625
-2.994190326472526,1.032741414253638
-1.1933794859950897,0.5171929003538891
-1.1150445189736846,0.06383943819938388
-1.1150445189736846,0.06383943819938388
-1.1150445189736846,0.06383943819938388
0.6302766465175634,0.595390218199554
2.0668676171175564,1.2212613953537863
-2.6527774969094473,0.8423450682057092
0.6876047081019315,0.9516708208009854
-0.36226513542608973,0.7300224592022989
0.7453274331569524,0.27138363694570655
1.1138830168744969,0.9710321547359839
-1.9034085110602632,1.0040652265630274
0.537406169375365,0.6980464130194725
2.5490873638079257,0.6024134595702122
-1.8139417628139336,1.0194236586706145
1.5032550478172704,0.867684389933164
-2.816934969240894,0.05343470397414576
1.5070307196135775,0.32852308658126234
1.400299864916419,1.470836116157197
1.1109864139621095,1.4155713152736196
2.010789691713855,1.2356522912097307
-0.3982075990981748,0.8181139296315475
-2.4203907612832314,1.2509009529547725
-2.4203907612832314,1.2509009529547725
-2.4203907612832314,1.2509009529547725
-2.546899813895586,1.5575125880422642
2.538672972198246,0.6951958603541472
-2.5014770453004362,1.1790222682789175
-3.0359135502487224,0.7271093387429464
0.5921568299123081,0.04978817057908358
2.8676517422541354,0.6995249428503252
1.7616351838357711,0.5657497484112843
2.6971761181558356,0.9915096664938862
2.791317117196295,1.236672098803078
-2.918643512618016,1.229436047243286
-1.5080745625272822,1.106678607714475
0.5173981655879628,1.147101970085139
0.5173981655879628,1.147101970085139
2.408125690387678,0.9096045295084607
-2.745042062979701,0.4072685095468373
-2.5980106663869855,1.4918213289285631
1.3458227095530442,0.4571509581280466
1.3458227095530442,0.4571509581280466
2.6765053960560428,1.0147615223988549
3.0931339993218656,0.8763707651990821
1.4329478996747391,1.28583259516719
2.605744773580281,0.6304953661939879
2.7998172137683017,0.9098601643895008
-1.8804114602029962,1.3104897471860257
2.9274768420314676,0.751616502363807
1.9522562591876869,0.8856867479769661
-3.0959556543463815,1.2784558531717267
-2.9803640658015484,0.6238001389008827
-1.712488975348248,0.910255628734394
-1.694161706929763,1.4481623682343092
2.608211971922203,1.2002429138168345
1.5773897781553818,1.3885952584545849
-0.3421043552505072,0.5064807229489121
1.128024896726849,0.13513550339538924
-1.7231965460263163,0.9628881917619324
1.3968356833136177,1.2781159776122795
-1.1066288241690954,1.2336078575727576
0.29703827758361084,0.323140026495987
2.6082127424612427,0.8152729612820273
0.9190097549699439,0.4414620237766127
2.3260789475931274,0.33781625451239433
-2.9597920904581265,1.1368283523820626
-1.5434874544513146,0.7112114402891617
-0.646160168260125,1.0702764608312625
0.36046698937352084,1.3593697803898792
-1.3958944021201516,1.176833240931121
1.5198267087677593,1.0885251172769081
-2.5095243123715805,0.44437374715945305
-2.5095243123715805,0.44437374715945305
-1.4615300377248497,0.6353708126328566
0.1699870689229343,0.879130730531464
2.1103922827732786,0.5480606977810095
-2.909114257330092,0.1646070858392382
-1.357948334471775,0.833204630295322
2.4327566589857037,0.3535636478595983
2.9520671128350577,1.2259900226049705
0.7759118343046492,0.49259685579122575
0.7948943484640447,0.268128185517419
1.369901366909161,0.45723145630081724
1.369901366909161,0.45723145630081724
-1.342606060543294,0.9415347074222365
-0.31298623760292266,0.804671841596442
0.05808073927511024,0.27075643477446276
1.022495637892802,0.6967054556015437
1.1574216440744098,1.1866594399217663
-2.687403005999018,0.8422436157158242
-2.6720463898862272,0.11940173809385139
0.6358415264722896,0.9267270367031858
-2.3407153036940542,1.2434972434682467
-1.9140528295769572,0.3294127937500056
-0.32891804878043995,0.8385485646340426
2.8479025237841284,0.07566158918343155
-2.429607987211923,0.5027759412830441
-0.678165569031159,0.49966318061124776
-2.7609457393812975,1.54570011588453
-1.1790001149490834,1.0366644777524543
-2.9458686733960024,1.0258684460403058
-1.738787983844846,1.3774367809126349
-0.36727760717712066,0.818256603625872
-1.458293714688402,1.1205466865625588
-1.1946804923050012,1.2704970961038184
-0.24970027218105795,0.7298636180596502
2.962112232742392,1.4186598028637294
-1.9014644789109862,0.6802181390943355
2.1637415583451016,0.8509238893642376
-0.14603257084409993,1.0079223460501547
0.5579782999352636,1.2992791329743463
-1.8477684899134887,1.4111820968349789
1.9370325162171702,0.29336332653536845
1.9370325162171702,0.29336332653536845
-1.7942773836692494,1.5573650807391834
0.3700362967238593,0.6267635859260487
2.609781941287895,0.8625433650290727
-2.3949493944515035,0.9299763910193636
-2.0681581281611408,0.8414931702312849
-1.7228707990244985,0.9605033091055916
-1.7228707990244985,0.9605033091055916
-1.1397501357683453,1.0885110049040885
2.1087132715494463,0.7872129015855746
2.273586223150154,0.08174864595448611
-2.5262106680814163,1.200314872891918
0.471162562272094,1.5534844036336963
-1.7261418371639392,0.9609081729797229
-1.7261418371639392,0.9609081729797229
-1.7261418371639392,0.9609081729797229
0.2991965028653985,0.3229823550354634
0.2991965028653985,0.3229823550354634
-0.1558077759361245,1.4355185508793642
1.4050242778242203,0.9961332106468027
2.2771456944926047,0.7331491074830073
-1.3716975947650587,0.28029158891898776
-1.3308516139154465,0.45457152329403056
-0.6010732242152432,0.7981551328055163
-0.06352313944170795,0.8656091726028206
-0.06352313944170795,0.8656091726028206
-0.030864541634578302,0.6197455251569469
2.358464422986871,1.1433295402484045
2.6353030987972823,0.11024430951397161
2.721604384366143,0.5822593173521174
-2.8327800395355323,0.6996088823756166
-2.019678064998561,0.18111830050254626
-0.3394333186298253,1.0219317905988174
-0.17591720266097077,0.6057727757839281
0.9512971944262085,1.5440304011249932
1.9511595662018384,0.7530449640396565
1.976651367100775,1.3472961260389629
-2.4554523794054686,0.47360271903790985
1.1257998701770675,0.13500913978155532
1.529075756298969,0.5228076263548784
1.529075756298969,0.5228076263548784
1.5781801281835313,0.3128733507493871
-2.5849168056138017,0.02300326418322252
-1.922780017183734,0.6570401511988512
-0.7674021866020606,1.0224944474023496
2.398270444715752,0.3777624544716698
2.5911002338781177,0.4071845578462581
2.8299864031068642,0.4668398854776349
-1.3752809043265684,0.4275876623213193
-1.2627428113516643,1.0301509964855777
-2.418978414367307,0.14639974350015453
-2.418978414367307,0.14639974350015453
1.2123629915842917,1.464547671191977
1.2706669337162895,0.6280718702523478
-2.310964404831304,0.44406273707458277
0.03163882712809189,0.9196254159442175
0.5112077884787384,1.147099019208154
1.0676268816162415,0.2958518774725371
0.42241886719274435,0.9401634624231959
2.5510961054429884,0.012226632383342099
1.2839551304158439,0.4198110849442821
1.9334700493040027,1.1336613750893327
1.9334700493040027,1.1336613750893327
2.5876808949352275,1.1861111858657207
2.5876808949352275,1.1861111858657207
-2.5061543607682206,0.43702815029009817
-0.8194912596290402,1.299675917190692
0.32577577698011395,0.8313318370003157
0.9053335217836732,0.08831398885966694
1.1283434211922934,0.13510751795419199
0.14599925357457652,0.5060418887373423
1.2204197641880699,0.030514160837989326
-2.3678200693295803,0.07234718775888876
-0.4004224905080829,1.3910208894708571
0.1440133570776646,0.506433581568951
2.624772596027536,1.363498266836915
2.624772596027536,1.363498266836915
-1.252588742519916,0.5790573363888464
1.1291031607567563,0.1350880425304699
-0.8302454362631622,1.1901284538215726
-3.124245250950288,0.14693388712446612
-3.124245250950288,0.14693388712446612
-3.124245250950288,0.14693388712446612
-3.124245250950288,0.14693388712446612
-1.2445483175390804,0.44947256472068425
0.09204821389512287,0.9874511171183725
-2.1272149610324194,1.1411173181723453
-2.826547425528355,1.4186102494147623
1.188376160302342,1.0870676747459844
2.688609359579531,0.5903297589228389
-2.670303286652313,0.6373607551284789
-0.11689402057058995,0.8518825001336882
-0.506111073534365,0.9132887588929967
-0.2309603955460453,1.2694358904338459
0.1631070335961543,0.16511542194134565
0.7000945459021002,0.8904784352130142
-1.8813177128959993,0.3135427674475344
-0.4882092003729781,0.45106501834572343
-0.3747784481738474,0.8182246585707463
2.737101951735418,0.665241641386531
2.8359402483665987,0.7882357905127957
2.8359402483665987,0.7882357905127957
0.5131643762807171,1.1471039714668008
1.2014758652014168,0.6693121193256647
1.2014758652014168,0.6693121193256647
-1.5018989896586863,1.0330729531905936
-0.5498086358975875,1.5194445719339122
-0.10000328153498828,0.2624605308281023
0.45774424926204144,1.1470497801656945
-2.7544189537884103,1.5298444111651308
0.5194874822814716,1.1471132601706246
-0.9959565308027551,1.1196520943848456
0.4411175819941997,1.1470654991187084
0.5730290423872888,1.147154202253046
0.5730290423872888,1.147154202253046
2.6925321539438283,0.5604639841189839
-2.7633159621107506,1.0324689728803147
-1.525817525905662,0.9692045562207225
-1.435737167594012,1.26793640588686
-0.7559901319585558,0.6548694997805524
-0.7559901319585558,0.6548694997805524
-0.6957935168727412,0.37355203816448196
-0.6957935168727412,0.37355203816448196
-0.5123741386659448,0.8658765412273328
0.5141339826401017,1.1469243079537936
-0.548346668369244,1.3446602775618235
-2.41367935132648,0.391564153787648
1.8224735631446922,1.2279522959659737
-1.8589736337364045,0.9223361351815166
-1.4955717266532487,0.13594695651813302
2.194861511967926,1.4092545378064896
-2.683571217545355,0.8423528192912332
-2.42457758733326,0.13749100699983763
-1.3382311470411254,0.8195588570336907
-0.005961122884380998,1.3986377293605852
1.2178511726911105,1.0367323746138528
-2.5524520204263177,1.450285542364787
1.891622564812743,1.0176701111316855
-2.852136994152336,0.4814263007520442
-2.8509004826783797,0.665274423125551
0.56012925924532,0.14306116243300757
0.9413988584538469,0.9202722145183162
0.9413988584538469,0.9202722145183162
0.9413988584538469,0.9202722145183162
0.9413988584538469,0.9202722145183162
-2.7050417086434444,1.4229159856225844
0.8292777036416785,0.9271050411262564
0.9266149684516105,1.0225637186353438
3.0603234989122345,0.4716313274331729
-3.0779260316364954,0.7270352266478726
-2.6812262304790275,0.8421902274993465
0.3253547393482972,1.446968060340118
0.3253547393482972,1.446968060340118
0.3253547393482972,1.446968060340118
0.3562482795137035,0.601609625448546
1.3397615019996998,1.2930974964701734
-3.027617484053019,0.6610797772174711
0.6049043841541722,0.02577107298344949
-2.7683319583590964,0.8558625792135637
-2.7683319583590964,0.8558625792135637
-2.7683319583590964,0.8558625792135637
-2.6569908261787467,0.8404077594144308
-1.8374579086195597,0.6460022249524957
-1.2754766029075455,0.6627874184749803
-1.2020936835609781,0.9821584186662194
-1.1355281749555717,1.0348087881011967
-1.1355281749555717,1.0348087881011967
-2.30239638289778,1.4083276460842697
1.705118184258456,1.2385030665548917
-2.2082309283496055,0.45872102848162183
-1.6536789316346923,0.8542070939706246
0.8244222185101688,1.1335004697050233
-3.008373676589051,1.0121595097294593
-2.9405369673085295,0.5923427929157881
-1.7698578118572525,0.8680057406310542
-1.1656414014471954,0.9956705798132807
-0.039141115287286254,0.6837579677353449
0.46057250545668904,1.1470009986240446
2.0692101716885745,0.41389675075308335
-3.1103160395442084,1.0879693654950076
-2.6120978560745867,1.4667061223313869
1.9668561361943346,0.9701217386630461
2.092495409816295,1.0180120861801243
0.45718910912524324,1.136856411040851
1.3166436659043144,1.092239028376011
1.4822587275378218,0.5272451681713156
1.4548087426803669,1.2782234289611336
-1.2580193606016232,1.4240033288988885
0.4485197060762938,1.2111750972467619
1.7702181881000976,0.6360737818772345
2.8233857702591885,1.3790922000142274
2.138265896661674,1.4852268285764627
-1.0290830644379643,1.5300686312354124
2.1438690799488636,0.297932513355163
-2.7576102460491905,0.5103616550988844
-2.459399411627257,0.8554485356919722
-0.05346708871461292,1.5382319840344543
1.1267919519860539,0.13507132509706368
3.0943441898439548,1.0394295463753676
-1.6207469018692686,1.5548064864575681
2.842555285722041,0.18211338143989647
0.28761827011086494,1.3532898865296514
-0.5545568508539853,1.1688446046301515
0.1730610047675209,0.32668418512824204
1.2488109245227907,0.5931010365824972
-1.1789145242912804,1.036632768108015
0.5496669123212061,0.347519411739418
1.9343103808527378,1.124170784174728
2.084747191286421,0.3297062485038909
1.820758759006512,1.142402724526637
-1.5383855561018036,0.9012944872987567
-0.6330530449825611,0.07888542324009118
2.713166983578047,0.7949586148679884
-2.380742515194941,1.1643862844433104
-1.0013946361434236,1.2334365297604075
1.3174017638743132,0.45690853416586263
2.158560320981463,0.5168673549162245
-1.8357687752189253,0.7995955187169471
-1.8357687752189253,0.7995955187169471
0.5128938625548045,1.147057554206639
2.048713052185756,1.4175261924995903
2.1530887379270833,0.45106907876088453
2.2131741763954773,0.8521170279775405
2.2131741763954773,0.8521170279775405
2.2131741763954773,0.8521170279775405
2.9697577247646487,0.32274246029346243
-2.6544447840435055,0.8422996844083254
-2.3080411275816606,0.6737363239922826
-1.2644540163099158,1.05066804300794
0.5113487307589236,1.1471061507963591
1.323174573327596,0.943418300577133
1.4539218811906514,0.6630700727780057
2.0485196932863228,1.4496032010804105
2.1641637877709683,0.8503979253196229
-0.5949964786658022,0.29511756755537316
0.26734803998390777,0.22944589019469078
0.5126180478291322,1.1470969673277336
1.530468446869809,0.2886927563473009
1.569239931742079,0.28878751306599204
2.645421186235501,0.3487401564645624
2.645421186235501,0.3487401564645624
0.39391759210305555,1.5257281992525686
-2.841812697436111,0.5745798187641701
-2.3348563540224436,1.4341640454908693
-1.1812181364468914,1.036758970470039
0.5154926321813795,1.1470761876540434
1.921537194798038,1.3167515687421303
-2.5728524358379037,1.3465493201275003
0.344146531250529,1.4752455724352305
-2.5166146996684815,0.8082699398220703
-1.7848296462709232,0.6012200203339148
-1.5037905878931852,0.8267461578113067
2.7085254922522846,0.46673525655821346
-1.1428466852667478,1.0366322526735088
2.4814263667779444,0.5338852790436867
-2.5449164432278617,1.025546884434095
-2.3539680995563725,0.3612273575978258
0.009976033375803044,1.2035062653233097
0.41713831340851176,0.49937423726266933
0.5656905667354764,0.944214512560094
3.017214146496388,0.5087781585699054
2.0996652907019824,0.8076678645931656
2.339570460076415,0.36891563072015465
-0.6199138640485655,1.3874771897096612
-1.9268576114484706,1.135519405487679
1.3789156565824088,1.1769094057108158
2.4354118344397553,1.2509669111198665
1.9819295188292838,1.5295272475903516
2.1802597613443466,1.0801417472418342
0.3010676544135253,0.3226796421069646
-2.672961829116628,1.52979796928114
-3.066667608022042,1.3001887755449573
-1.549959616367734,0.1507039692233143
-1.4880367584243537,1.331105356797242
1.714421615127699,1.3216423901977994
0.21922974732266431,0.21264369180114903
0.300495544934241,0.3228752504314878
-3.108112985233739,0.27472320341407014
-1.9748363860746547,1.3702908338682718
1.183203292892425,1.5603060582351558
-2.365475089596675,1.0708073162847027
-1.2315950890224157,1.3766300786747674
0.43727603392768477,1.1470162231688261
1.3431259684712085,0.45711145222770067
2.360729678698758,1.262108501997372
-2.7311296355631107,0.8556824209645776
1.3453804492959722,0.4571586189028432
2.0869019183632855,1.1310369292206452
-3.101805363329871,1.3028382655030621
1.1231005864030974,0.1350569817381856
1.3649811604821058,0.4570736239819998
2.037634489458875,1.264636281426449
2.587082792961793,0.936890763280871
-1.0724903784877782,1.1761968386482644
1.3403264886892154,0.45697547220379103
-1.3435450569283134,1.3536500888234766
-1.118779934828269,1.0024139228281455
0.2709743919232818,0.3225841441130524
-1.9408537855792973,1.4810554277460388
1.1257730548608837,0.1382716726212364
1.32480476472017,0.45709226199106345
1.3461847634482929,0.45699136088172343
2.9441864908209814,1.1129808400852175
1.2888680246982114,1.4507211723990527
3.028520582609147,1.1018666197688838
-2.550295534950118,1.3558447112861012
-2.5228468012377396,0.8285978147951388
-3.052572244022637,0.9985046897556371
-2.467672618959543,0.9301108387790128
1.3849197542009877,1.3768308162932292
1.9767585825767273,0.6015695522779486
-3.0990652267991288,1.1058668789499242
1.0402052100608479,0.35882026073255047
1.3433498175048448,0.4571676960555514
1.345287905141894,0.45697572252184643
1.345287905141894,0.45697572252184643
1.3752930165946813,0.457198845065095
1.3704501054310974,0.4572030083024365
2.1307566532458964,1.2651090228722712
2.1307566532458964,1.2651090228722712
-2.284166976887221,1.0457708978077904
-1.4790308221916035,0.9554609766517858
1.3567449318461005,1.3188042107866134
2.77136462835271,1.4026874560289324
-1.9720686549356925,0.8614605201191086
-1.5569673932347659,0.42800734381996447
0.5616207297599465,1.147165598243758
-1.220931654730201,1.1603724791851497
-0.6708411890822816,1.3327299753812987
-2.9231827494242935,1.4378267852795732
-1.1756455775964172,1.0366518590508598
-0.9447546934733175,0.12717634999087293
1.3440685315532435,0.45710365810672654
1.34391700184085,0.455109818368152
-1.1832273852091753,1.2483864509485891
2.771458419826401,1.1723860634458152
-0.4211560600064965,0.6365631469939755
-0.15205893996233755,0.8248774235362638
0.17770805379066787,0.6750917717250746
1.0991553624898875,0.13501102773018933
1.9221723413421212,1.4173221388375583
2.711208456617546,0.5014659096066123
2.8400576546968774,0.8897744280314506
2.7621069060580288,1.4676740867030023
0.39352766896080305,0.33436015088570414
1.8071067694714442,0.3478700369968993
-1.2262402634326497,1.3092765195006266
-1.4337183297356644,1.4205750394361616
-1.5996520434748618,0.9555073625146249
-0.4258532294507047,1.4466560692764479
-2.8818246907580294,0.4739529636613028
-1.495335739205232,0.13569852769460372
1.3448734464041783,0.4570441035286399
2.9271607647270543,0.8831406707932448
0.004033884489136955,0.6335404237316501
1.2033446052543264,0.3894353387653689
1.3519507112243705,0.6391802605917877
3.111568204892628,0.2099480371851571
-2.963293789979592,0.9941486758654895
-2.369801128630868,0.9136300833370009
-2.369801128630868,0.9136300833370009
-0.03973660515330746,1.5356994242520683
1.3035360761309676,1.2485337427738403
-3.0022491849167907,1.0808338660064065
-2.4281361947373914,1.1222748891354701
-2.391694430287879,0.44427704815988256
-1.5038657112292375,0.7219143808556057
0.7947333240915123,0.648053336527655
1.485107682918768,1.127578203627662
2.353776069792408,0.13734475295580886
-0.1141359324293969,1.5363402039854623
3.0693959162741966,1.1058999322048317
-1.225091003033211,0.7243024681068166
-1.1187145004200776,1.2191322792687123
-0.36469053844930777,0.04957892588807585
0.01878648384681679,0.7234195912088827
0.8436043598886116,0.6273249146013596
-2.5611676892812487,0.778063478031674
-3.1348989019132927,0.6308071598094813
-0.740407300801321,0.5991175060911129
-0.1000352057573668,0.5092414897822679
0.6014163947697786,0.6477299280104926
-2.6045050392305704,1.0120628109121248
-0.881744068617957,0.4730370351355996
2.603866788392215,1.2004770230155095
-2.4011676300678246,1.045976955861409
2.504704785554382,0.7474523382819831
-0.6567531488607559,1.2994697915646072
2.0961704513006545,0.33442225797962816
2.611894504380725,1.2004039352313387
2.902725488387891,1.2955464416050448
-2.7146901367871314,0.27468210891884576
-1.8890917138885506,1.2939442538752746
-1.706474330348465,1.1397910098776034
0.6256015626405591,0.2127113750937467
-0.0027337929431903163,1.436291583292203
0.08632255961685636,0.5706041726817555
1.0074404822860703,1.133721224793947
2.2177330799744097,1.2652627295937564
2.2177330799744097,1.2652627295937564
-2.191394268614884,1.530959904476188
-3.0409870469816584,1.115823817394057
-0.9157281191011402,1.381230854419525
-2.3621024902692773,1.492293240358682
1.9517683018525407,1.3320746227541447
-0.6758973182311552,1.324589243488855
2.5203390592464303,0.11453184093250857
-0.07644219056552881,1.3753237081278105
-2.7216907097801166,1.4265850780266496
2.4030034259267783,0.2743484391864834
2.5304094863792237,0.7129544487880386
2.601448549615858,1.2004707192393735
2.6551312993822926,1.1364937648552975
-2.3297182929529368,0.8215463033553511
-2.305247816449335,0.2633526859160195
-1.6327626251776932,0.908230133151844
1.5533973067060525,0.7250197842237841
-2.429003531076136,1.5227027956538273
0.3192929144181795,1.1469544970940064
0.7843623117679815,1.3645632423745524
0.7843623117679815,1.3645632423745524
2.1130555117046326,1.0181236728642211
-0.9835376199650607,0.995140073106706
2.0209666828908865,1.3782408383165388
-3.1303207082637785,1.0397282107233075
-3.1303207082637785,1.0397282107233075
-2.7630591254092978,0.9915411602455909
-2.1276476352140428,1.37017658104589
-0.13474589695528127,0.9416630798342214
2.588124110923689,1.3867915990336335
2.5768812006185673,1.039314797284619
2.768169223729319,0.21654232841238347
-2.895742448432752,1.2497200779832829
1.3178826861130897,0.6403674392265095
1.3897972946621193,1.0303923074988954
-1.5532135765701467,0.7795078608178891
2.667654778017316,1.5108605569008473
-0.21179989209236183,1.4786037145541737
1.560556028456775,0.786240184648256
-3.072625642106885,0.48867465272413896
-0.6618718399201855,1.1541977390873253
1.1581592186738832,0.6485774305344263
-0.2736825644508647,0.4404222136611776
-2.8642725803017854,1.4430558465775702
2.2537486495863908,0.34793064512177135
2.3359930120848476,1.452490495109335
2.530393248393369,1.3788252066096913
0.9418703025864577,1.0708071676884403
-3.1322403229309974,0.1607097623848286
-3.1322403229309974,0.1607097623848286
0.18512323982894807,1.5209696376109112
-2.6536066795845548,0.8422217796035107
-0.12518256843287112,0.60562281693151
0.5913286656930934,0.15194632659789697
-3.06200004721055,1.273478227901719
-2.730856012377373,0.8559519474073669
-2.730856012377373,0.8559519474073669
1.3459937767369927,0.45710733101712403
0.4328659823383746,1.561920613600681
-1.2227447276592445,1.481069383807795
-1.1053362872466987,0.20498527331747962
0.5173344193088731,1.1470754074717322
1.0354001806900457,1.0296596756838223
1.1617522764095194,1.248323527921313
1.3456845903896468,0.45704826395640724
1.973505510304992,0.5449074816161898
2.862835575681187,0.33847320356835975
3.0537392673482024,0.7652166680068102
-1.8327868925152595,1.4655869463062088
0.5124186794627118,1.1470556655218345
-2.4240334038288003,1.5400853517598845
-1.1843713546183974,0.3665283023902016
-0.4854135616704438,0.7367912448379522
2.3547070040452374,0.3221397939658262
-2.734977557984736,0.8558916569561337
1.3160919682472487,0.45377713216775145
1.592913237128457,1.0076565740402028
1.8487871198398331,0.36805795131352514
2.337945514462564,0.5314601658564557
-0.0032882823682092166,0.5135938067427871
0.4526503406031314,0.9292019959079835
1.3262508332247827,0.4570329228870695
-3.0623624357235104,0.18229929471789275
0.7544333351262023,0.22142577332708047
2.5188946608237357,0.10079955137080798
-1.955844803347583,0.07745082980216927
-2.5089047401889015,0.9051404409804459
-2.3234486792631315,1.1642718135150225
-2.205037215966544,0.7767850775247557
-1.5021031121730912,0.4719240920879201
2.9150072724729026,0.978065092032299
-2.3800460716244514,0.5485784109936881
1.1352052090993248,0.859900352438243
-2.908507094240006,1.1493941079032455
-2.84816239059994,1.1506951137159214
-2.8282635010321893,1.15084485413915
-2.8282635010321893,1.15084485413915
-2.8282635010321893,1.15084485413915
-2.90429932256505,1.1493833460431788
-2.826834596191045,1.150813947609889
-2.826834596191045,1.150813947609889
-2.833906497984659,1.1495994672780767
-2.835593033686682,1.1512685295294314
-0.08947119949039273,1.0905227251589822
0.18036342788194026,0.3701975582069749
0.18036342788194026,0.3701975582069749
0.18036342788194026,0.3701975582069749
0.27356058352166657,0.20690718813225928
0.27356058352166657,0.20690718813225928
1.3322080906129836,1.1062217127751437
2.1440683551368758,0.38372280246395085
-0.05116056965758187,0.25416680036817896
-0.27683471936981174,0.6267027408009233
0.3447479987537956,1.4415734086501315
2.6837855602773026,0.6581268712577449
-2.6963139462722197,0.8420809159482591
-2.6963139462722197,0.8420809159482591
-2.6963139462722197,0.8420809159482591
-2.6963139462722197,0.8420809159482591
-2.1171934316399144,0.9703398649836307
-2.0743096324720165,0.6320825568537622
-1.4656184883988592,0.7860435773667583
-2.2304277808131836,1.4020441447031087
-1.9619584338244502,0.9157655844776144
1.9379626979699067,0.9688764503591399
-2.9659748535661543,1.1369183723918699
-2.1413679552458182,0.655763420228952
-1.9949016201778562,1.0521498948474586
-0.4864473272804748,0.34271071079322846
2.395544414000227,0.1945222722009113
2.674554825983901,1.1578229992759992
-3.0264848974803087,0.3951228591301814
2.4692291276723064,1.452932371668346
-1.446377738868664,1.4206059385548089
-1.3347496948098119,0.8196522694271011
-1.3347496948098119,0.8196522694271011
-0.9102962260184047,1.0088283633218667
0.15846279349554482,0.770751410242011
-0.4019763048370635,0.9016747366221495
-2.960818803240361,1.1367242445517451
-2.0479776486676,0.8739967806937456
-2.0479776486676,0.8739967806937456
0.7484940840807079,0.8931286029220404
2.2722826456850895,0.36117669924875184
0.8429343680989966,1.2996575521703615
-2.391685242349671,0.808090399661575
-1.6178300093178262,0.23988175102931317
-1.2351295011386005,1.3533904851359653
-2.4530185534725595,0.6550013932388209
-1.843630971655057,0.7049367759679617
-2.903951349270767,1.0396407558753775
-2.6151005215113328,1.1167440739910155
0.39599668786859993,0.8589284828616044
1.440462716482571,0.9078476418919733
-1.7935680930229134,1.313484384236548
1.683361495233475,1.4713431192704205
-0.6373365607811383,1.3295262053036985
1.3497142682938015,0.5296535589858732
-1.2238802090355314,0.7406675567005657
-0.6988663062371421,0.19636418077517592
-0.2980884637291519,0.8790795893794003
-2.9596390149484684,1.13691122686563
-2.9596390149484684,1.13691122686563
0.29992258728247895,0.3213603234212264
0.29992258728247895,0.3213603234212264
0.5172803096042089,1.14707326057698
0.5927201963195222,1.1471378330771358
-2.8285120144196116,1.521629431313891
0.09069280217980047,0.005513472955579208
-2.9584453038237783,0.7271228905810515
-0.47317172008688235,1.2183580533206413
-0.40663087123577846,1.1894389547983346
-2.2948514231924584,1.515824723231283
-2.97151970745706,0.18172679404087164
-2.7588803266451127,0.8355080277858441
-2.5219929467798115,0.2799823808249435
-2.429957411458891,0.7946401990443283
2.829012425481546,1.5607746319860152
2.345972485084831,0.6853419106080347
0.31572383790611475,0.05958340734163014
0.44258739091357907,1.1470066895087756
0.46906982947982906,1.146955885451773
-0.7753381943539948,0.4779474299068569
-0.9064957751626093,1.5384974163089713
0.4436054759485503,1.147011608032856
0.4436054759485503,1.147011608032856
-0.25662544898489514,0.22083341634660428
0.4368061781164924,1.146990602759491
1.8126063811634814,0.5872109627307905
1.1543633185142255,1.0092738265819137
0.5549184463395408,0.2819622696307194
2.511133550761016,0.1693833639752287
-2.006069980424792,0.9427732251504675
1.343060168181929,0.5721717265079125
-2.564241809650726,0.39190232275741405
2.941369596679853,1.4835985718532787
0.44855611492634745,0.2295390160516295
0.9297934588094805,0.8624504527720396
3.0995316368361956,0.5887927943140976
0.4062743999079526,1.3336778220597953
2.6432162839954736,1.4587831714933532
-2.2147080927504437,0.3377027792109736
0.1892184467736779,0.49197652291121385
0.5861724803116867,1.1223099929569555
1.4340085141382886,0.9348361193971488
-1.5615141199391083,1.5641891943043358
1.0731007196378448,0.47108697700068675
0.8429481147071719,1.541806283730264
0.8387428765543194,1.3661100658359173
2.1932113784996106,0.9569570396661243
-1.8202383055603315,0.6361203588160169
-1.2740598906560985,1.424118560327042
-1.902029910683984,1.2867951258165344
-0.3905350281721258,0.029291265132752802
2.7074082260162284,0.7746970033816629
-2.3927609217636645,1.3426327776895477
-0.5239126609099314,0.34762298203932335
2.7627261396665403,0.3539765428472666
-1.9951669796904685,0.5520501256992678
-1.0610058557036357,1.3075812906600375
2.5056859476949267,1.425403428234468
-0.5756181464967822,1.0356171236566414
0.7859635485659643,1.284666278444222
-1.149823930759628,0.9410257906985336
-2.5877444806463115,1.5428204075221703
-2.5877444806463115,1.5428204075221703
0.8009367634726497,0.35059438245103364
0.8452569532184505,0.5782807621205691
1.2571631263067522,0.6964352696204804
0.4482057931088866,1.1470335201413808
0.9834367737228041,1.0227175847181584
-1.1339534635285071,0.9410109747828783
0.6269982062143674,0.4017795986554444
-0.3917181973096424,0.16070412179764718
1.2637158220298925,0.607175404959124
-0.8032280534154692,0.8863984710769394
0.34079807034140397,1.543038037050644
3.072906939940118,0.5236801778700634
-3.0081693460632604,1.3333279147642318
-0.3948004344169922,0.45122565369996637
-2.4657838869549527,0.4411803993754651
-0.4077579272963341,0.8862256789249058
2.5031268758266587,1.0552645362184399
-2.999895033089971,0.6654047471265053
-2.379985900289374,1.370911756501404
3.091093928781336,0.985335712520823
-2.8057881429064175,1.4186250994606213
-2.8057881429064175,1.4186250994606213
-2.8057881429064175,1.4186250994606213
-2.400137708712552,1.0874621006252252
-0.671321266792666,0.11602128171681421
-2.0606856750791707,0.47323042289441647
-2.815397815078045,1.4186417863170937
-1.9921199196618753,0.31354666242191165
-1.3453292936908587,1.2856992913313934
-0.2234852095059532,0.6681820812538497
1.6897844366900356,0.9898903695476844
2.4454800692198906,0.7539618534458487
2.3208362923974524,0.9981733663745113
0.34480588673288765,0.22095866780553672
0.44814564372295657,1.1469867132359264
2.0462045936823468,0.9447302807796829
-3.0306421180648737,1.0534352083458838
-1.2639907068344671,0.6164516954750677
0.6672162809311746,1.566037785130158
1.5779262152912215,0.42046505513593274
1.8101232105407419,1.00391614173414
-3.0356921756195967,0.7339904716644108
-2.9703387559843444,0.4448340158865701
-2.9703387559843444,0.4448340158865701
-2.7666075981089517,0.9916025741093969
0.03745123148196738,0.5915676265496718
-2.2082499325763925,0.21252826055877838
-0.44729082716031066,1.256220140714164
1.204913047376027,0.5076132140431487
2.129506250710967,0.6102171247387775
2.129506250710967,0.6102171247387775
-1.589814833371607,0.8569194685396865
0.5593553739282542,1.2363712308390573
0.6225529376404071,0.7094826579966561
-1.225142483062883,1.5415725180896673
-1.8747779077458535,0.632868530594277
-1.1584122685857405,0.3742372991838262
2.140094017019461,0.9563671111057694
0.010611418266385312,1.1186712520948314
0.4034732906472435,0.9200924142476964
2.283489646498622,0.8640640778769426
3.0287186329134963,0.37706632023064496
-2.165680173340095,0.17588023958803678
2.39817970209674,1.0805324417729403
-2.7585315876026884,0.9168908388607934
-1.6737722146911462,0.37532898840254536
1.6480622873207538,0.874416360631985
2.6650240114731685,0.42988474182041136
-2.2335022756631524,0.1392205291145219
-1.9764629055223972,1.3547861347759806
1.4857139774332215,0.9759029880739578
-1.2644620511435,0.44950313241308165
-0.8530770554396652,0.28742716689245945
1.4553615978302654,0.7862674078600805
0.03814925469166863,1.3596315492839488
-1.555556710213418,0.49401450065451996
1.4487667010610605,0.4275623886137438
-3.0713212214169414,0.3540738923603223
-1.924799731996429,0.9970673361042107
1.3442601920613109,0.4571121922919296
-0.49419879188514493,0.30307415255260245
0.8843471513795406,0.5641259098729382
-1.5691475675664073,1.4311717770729322
2.369739708391253,0.306117139638292
1.3447681435583496,0.4571369400545946
0.47284270468814765,1.295758230224377
0.5872167706892264,1.562379761815535
0.7881097959701203,0.38835723275640793
0.9161856753364062,0.3890727167064386
2.9989603732846994,0.835663858280669
0.5948354316029558,0.7159522878940946
1.861654356214161,1.079593576081546
-0.8942943590922683,0.9815525287222042
-3.109133613989989,0.8549848119729562
-0.8516382450388704,0.50710761925363
0.8206563824732704,0.5923292475516633
1.3823151709012056,0.9721446491916552
1.7649875992315005,1.4075229602341959
-1.2056329108532742,1.1978282976874313
0.6558013230351719,0.46329661048343934
-0.7949247547329037,0.41897945614376736
0.7032639438994475,1.526790298953618
0.5156201001981912,1.1470417830533333
0.5156201001981912,1.1470417830533333
-3.1181023817987623,0.29041137606280654
-2.677650307945635,0.8423977255899203
-2.3460808397533075,0.7876115512197265
-1.2391214896963243,1.323000938694207
2.5109121491928703,1.5019271141981334
0.2985109217146894,0.3187359498272007
0.43402508211564084,1.1467479314125255
0.5538037095473491,0.7785368988844803
0.5832615087370524,1.1470982218858927
0.8953548153612062,0.9708768000966338
-2.353136466808483,0.8080823329905582
-2.311125260271129,1.5083372629114966
-0.8060349293778115,1.505138112674876
-1.5846952108093273,1.2710932639854082
2.0731482767225273,0.40665826987362597
2.0731482767225273,0.40665826987362597
2.9593308806061196,0.5647771062022102
3.0286645261518625,1.5337727989225143
-2.0737668937449483,0.5415818254308524
-1.552597769160724,1.037595055076658
-0.8484173618700561,0.5070860710092006
3.038166171525857,1.4891263018837129
-3.0143228477022537,0.36188742070575525
-2.667758090332762,0.9868108672786525
-2.667758090332762,0.9868108672786525
-2.667758090332762,0.9868108672786525
-2.667758090332762,0.9868108672786525
-2.162129868328167,0.36312732290872
-1.8019042066391338,0.9558860300752856
-1.1140687566694902,0.23046907239728498
2.3323640754550756,1.2798308232469453
2.880967707411402,0.7302448456357559
-0.35501682174145444,0.885726367735423
0.34741089570561196,0.7024223454880867
0.6160591778463795,0.25457942633153163
1.732094063921644,1.4167948742897156
2.0570493066186737,0.2656096001026466
-1.3356134262584645,0.819683686894657
-1.3356134262584645,0.819683686894657
1.2009081587058517,0.7757119724936254
-0.8523850801562078,0.5070537290736824
2.8856525043259236,0.8712815409233873
0.5802264911320442,0.03974188598962943
1.7766044935234893,0.9153963092219147
-2.770671024887376,1.0190457927829386
1.9394387099293517,0.6640956563792919
-2.768920420038035,1.2150609863797408
-2.612244113049726,0.3303882016940065
-1.672349040432156,1.4408406733294876
-0.22691659696015876,0.9263962555392248
0.9499873354146092,0.5854227058478676
1.1545244421646768,0.7172321204244642
0.1315609224579679,0.04941795548706781
-2.654282793000744,0.8424042604670385
-2.297387995226254,0.8075262635309748
-0.8879352519630865,0.9813183250696821
0.44677704895032727,1.154051493979376
-2.1034653826418532,1.2805839318200345
2.4323986681897747,0.6991736012574548
-0.46402274105929564,1.247125784831715
1.0989187081800376,1.2338136873813361
1.7746552125878887,1.3085691531861277
-0.044026300080668435,0.38821524173102057
-3.118969753305348,1.087990621284683
-2.149838540620726,1.1998006267042896
-0.5463740230750727,1.299305275940319
2.7963194202243096,0.17342415068788292
1.1971498446156277,1.3304101098553072
2.4927880759987104,1.4539507300004837
-0.9072881557956833,1.2847979529792204
-0.6618199173501527,1.1688782141837286
0.21525145423019623,0.7618842843970287
1.3999291310309587,1.5537219352904663
2.3139076964108876,0.8351060643440716
-3.0128812887827023,1.5399271852806795
0.9498922377762226,0.21331763660851702
0.5099764809464212,1.146977211742245
0.5144543397855249,1.1447577480131792
0.5753073451153264,1.147101642080453
-2.265577388584153,1.3176670005741569
-1.0035254904622155,1.183296598718005
-0.8973948883146425,1.4689372529569906
2.2330423399587187,0.9014924330582049
-0.05365461831824625,1.4824775591216985
-0.05365461831824625,1.4824775591216985
3.12973118843581,0.9372232697275049
-0.9485906978211016,0.13461708459609203
-0.564659071148859,1.1119947078694448
0.4307960751179679,1.146752603259948
2.675966039418517,0.8079613255042116
-0.38442047101111765,0.5776188173134538
1.621481891939856,0.9218791637145423
-2.0305330519396216,0.9325616197556251
-0.8513588551582707,0.5070894689880938
2.6058329271433727,0.7813631963609675
2.4095711154735358,1.5246863104345376
2.7151444690032984,1.1440826429025341
2.686825454718781,0.41836730253676246
0.617171095031062,1.5214193331409436
-0.5553140462247432,1.413250788873367
2.1335514611174298,0.8147554469642512
-2.6530539971327696,0.8397835297997781
-2.6530539971327696,0.8397835297997781
-2.645861672046088,0.20810821431688523
-1.662070075145908,0.8869329100609626
-1.239782542337223,0.6349516027192601
-0.3692176750510292,0.5065426911154127
-0.3692176750510292,0.5065426911154127
2.7495610752919952,0.6514493390132021
-0.2595663228736571,0.8045439433672115
1.7134504666756514,0.7379185059649654
-2.957452327596164,1.136978174248056
0.5396244762767649,1.487945183055788
0.5943034397347349,0.1667732864134388
1.4298247985627404,1.227181464178618
-2.406992938898721,0.10985504379523768
-2.406992938898721,0.10985504379523768
-1.9448946638424136,0.6501572102293531
2.428553988300171,0.19851368445186995
-1.9408760161532497,1.1564740138897096
-0.49358034973974974,0.30297096724074885
-0.49358034973974974,0.30297096724074885
-0.49358034973974974,0.30297096724074885
-0.49358034973974974,0.30297096724074885
2.174666453238457,0.022442567122156327
2.174666453238457,0.022442567122156327
-2.8400284706393966,1.1651639331434185
-0.5214657986204401,0.38838754729422365
-0.5214657986204401,0.38838754729422365
-0.5214657986204401,0.38838754729422365
-0.7432081578052667,1.5533822476365244
0.8860903395477526,0.45615874793393757
-0.9880057484334355,1.0777256804637194
0.26743561375388775,0.32659086104543833
0.3137740686778913,0.589012055966223
2.415507790304797,0.8149837252165898
-0.011684607323707574,1.4937292747367676
0.5853368222888314,1.1471350149769266
1.0048570756413158,0.21338030526409635
-0.5240437875206228,0.3030651942917939
-0.5240437875206228,0.3030651942917939
-0.5240437875206228,0.3030651942917939
1.2269783770647882,0.15302236138551764
1.2269783770647882,0.15302236138551764
1.2269783770647882,0.15302236138551764
-2.1846428653748795,0.5889251237703068
0.5383434639720934,0.5350719756301705
0.5383434639720934,0.5350719756301705
0.7165478995264356,0.25469297416879466
0.9449456566073497,0.564277495219173
-2.9671757093456916,0.892394752853303
-3.062934179983737,0.4449076506945385
-2.8751774751977863,0.0635383346529308
-1.5262106153133734,1.1913869448593395
0.47954939159923604,0.5028470040869311
0.9861111799270165,1.008891891224457
-2.715136819730731,0.9915908585315234
-1.5099261462149487,1.1064470540895939
-1.3666518450586311,1.353617753763067
3.0883157735551743,0.5606567143467028
-1.5635922875251387,0.8878860042606349
-2.648389076988875,1.2879619824745627
-2.330592678856882,0.09105527735573042
1.6543022929764062,0.6219200068906781
-1.4509177629382242,1.1838580485452386
-3.118856729912837,1.5166089345136786
-1.2992365075646637,1.4569705944270643
-0.7844493042316483,1.2995029518615757
0.1868039013787193,1.4964575456551947
0.8976779846365845,1.147514585800777
-2.9314025317830827,0.5177557246697503
-3.035330977102034,1.5201641078130212
-1.8084607632588643,1.2136388081771206
-1.7183597182700643,0.26480880669950596
0.35225477128397026,0.8926632503165643
1.1689166784068676,1.183435919685145
1.4899646072942239,1.4405306082303486
2.4330701230489336,0.5458726724079188
-2.4584307238250385,0.8847940779026069
-1.8245590598873322,1.135369879793529
-0.5227110293660013,0.388314671981381
1.412814067323876,1.2725194917697822
-1.3336159999580088,0.8196734164455877
-2.8788082614383117,0.923813717699469
-1.7495222559697874,1.2424054578268608
0.5474653973966905,0.07890033935354146
-2.3200616821526974,0.9365569407318922
0.5131856008119599,1.147065097984496
1.4282108462486853,1.5497914257981058
-2.9435088160853593,1.0326659139314542
0.5171865061686458,1.1470251665683422
-2.987712442253234,1.1864315481028238
-2.402540950251702,0.48750107418154026
-1.3022032084765538,0.8196266640426892
0.6587121994559466,0.49956912101114265
2.1293905145926155,0.9704156733514846
-0.6165964980243857,0.3960883675533635
-0.25683549318120846,1.497579099300136
-1.0110948880360464,0.23016330398009344
-0.33305825809758627,1.2510116622715555
0.43297174977123865,0.8113899474930295
1.5951747701642929,1.3333143830724452
2.7428856580905587,1.4226673144775297
0.18704945599491843,1.2284911099211642
1.5592831941859318,0.7375202722381538
2.518605673683475,0.3537550185417218
-2.5371123575448737,0.44007350905206843
-2.4906456534536945,1.1624126027781858
0.7571338744210075,1.5597341384042562
2.3474640955552997,0.1552982651004592
-0.3833340809642358,1.4390973148272264
2.154312756801399,0.6367996038823202
2.956376432599107,0.22223071424272564
1.6485462962382744,0.8338245281023915
-3.0948566147078522,0.8967410825012617
-1.0293404996206164,0.8732054884469753
0.6093434633738088,0.9199572851986179
-3.090740410975654,1.3257484377033448
-1.677430117884919,1.4908195346522568
-1.5230239810064665,0.7388673251928523
0.17437310676798587,1.410138513447714
0.3744847061707161,0.5729282472135986
1.985529616518141,1.259073572708794
2.0836620262453622,1.1642517597513813
2.669110361991143,0.7746097721800387
-1.8405822476725238,0.23197472118794887
-1.1042190918965495,0.9818946629308656
0.8870744859095125,0.8656345295926591
0.9883412397461543,0.7145843670570653
0.5132243757231767,1.1470265716681212
-0.40068860902278214,0.7842776480305976
-0.02331791009620421,0.7569928624994833
0.44060546966315184,1.146970490343098
2.7934989029389277,0.6996533881960139
2.2324195520662555,1.514510074924393
-1.3350290065937127,0.8195823353735984
0.10532622776642724,1.1114671600847335
-2.189483196658343,1.4116138504005822
-2.189483196658343,1.4116138504005822
-1.2735767209046571,1.3917406886709855
2.109721818781349,0.8685629605278803
-2.980854709340345,1.0122379935328238
-1.3343582734391326,0.8196497318220893
-1.3343582734391326,0.8196497318220893
-1.3343582734391326,0.8196497318220893
-2.5497931688001696,1.246267826099246
-1.9394849959803757,1.2943463498651744
-1.6950234780588076,0.7932143329173256
1.0319419967183383,0.6594378966537091
-1.8954502668519417,0.2975163439037073
-2.0065533821510035,0.4581190541959648
-2.652026238552336,0.842284137243115
0.5577279535316404,0.9743033576905655
2.580678749310004,0.6720141832324195
-2.7383444201971856,0.5458530971400357
-2.4987061358156306,0.40709394772189955
-1.3690084438997854,0.7108816073165024
2.4783182023040133,0.2079323350860525
2.9375001248057115,1.295495919675138
0.7912087090137181,1.3313782166945138
-1.8403382612071573,1.2572463914422087
2.141307408160256,0.40983805815281005
-1.3498930608625086,0.980892285585596
-3.026226632513573,1.5661415041125566
2.1178884745740625,0.2409053659088016
0.6979373802934837,0.5457974413542281
0.3736180862516735,1.4391248108770809
1.323311495759336,0.3669272342353511
1.8321785603878518,0.2813601702422977
-1.6003803793686293,1.4736386246262811
-0.4958543468012202,0.7977658583689018
-3.0866292100086725,0.14119421616535974
-0.7043354076113957,1.3956742373182551
-2.7966653720225296,0.7508748530157989
-1.3873893249704965,0.9688865860609056
-1.3873893249704965,0.9688865860609056
-2.2268915358425874,1.3863807316861105
-2.2268915358425874,1.3863807316861105
-1.7844160916029752,0.9222616081436924
0.6430192279776867,0.5709435820163664
-2.312412625833767,0.6231984379350827
-1.1771547992137883,0.49319513597897796
-2.74653252384217,0.8536567156551452
1.1506200937267554,0.6693494400951334
-1.6270670271784562,0.8477296480551134
-1.6270670271784562,0.8477296480551134
3.1262724759613087,0.12880160037447302
-0.8139430147707358,1.0290759977120754
0.07510381016473026,0.8992745799783609
0.62541550098798,0.5988010908803997
1.2505350447687376,1.5225902090519214
-2.5066344962822145,0.03657793050908604
-1.6086952276685285,0.8677007133719744
-1.7447142196326597,1.218405292650044
2.912995129251878,0.3694802224852196
3.104383316719606,1.2341068739997996
-1.729106221024404,1.1679460401793418
-1.364372283662445,1.05760076771218
1.2524108461582975,1.2267593531068464
-2.6077012359189538,1.5251612403089672
2.055236629586746,1.1785010472780375
-2.503548679216284,0.4437584234808058
-2.503548679216284,0.4437584234808058
-2.503548679216284,0.4437584234808058
2.570408303672159,1.032598517883502
2.6134112794655056,1.0578299786120413
1.8913058995827765,0.6639150336998558
-1.3041366637512564,1.122583191928062
-2.1815007319912247,1.1543312206132659
1.4472001743812153,1.5185071964375119
1.4472001743812153,1.5185071964375119
-1.1378555779412327,1.0367212759939213
-0.8724521443280144,1.272737756569425
2.8226578052627307,0.9916998164443098
0.2735422820147717,1.2228493367200115
0.3009704469334465,0.32209994806843345
0.38164318729994223,0.6613913317968424
0.7762740798322811,0.675616644180514
-2.258972483315035,1.0941213331229416
-1.6370887695220375,1.2452659253043292
-1.437065988123865,0.6214844435659362
-3.0528758000135863,0.9532035719924743
-2.97133334696345,0.29898136309014295
1.1029738293012596,0.9708887640400073
-3.0075235397821594,1.136960320038688
1.4670680502604707,0.4790900393997007
-0.4712112337026433,0.425892193863662
0.029453801179302987,0.9096376725506753
0.24232876411398757,0.7092877243804858
-2.704305243934608,0.9236074798272987
-0.755865401215849,0.16976573972208542
-1.8235229986362533,0.8883838433457567
0.09334270179544871,1.189332557003562
-0.46235123271183465,0.5492536577673933
1.122420575188233,1.4397992870567897
2.640645232172236,1.087403482789194
2.6319991272511007,0.6378904046929533
0.5652812771186694,1.203938663984569
-0.12693986698090587,1.342203587619387
-1.647049382769814,0.43124391056864153
-0.3431317122155386,0.4585366916708161
0.758144258385471,0.2270014294676814
1.8938712077519217,0.8613564309123396
-2.39583280730028,1.5337529775256555
-1.4595817973037128,0.3201039402242906
-1.4595817973037128,0.3201039402242906
-1.3550124929336151,1.3612561197524131
2.836647604114486,1.4020302819262862
-0.13808016583495153,1.2036663026800296
0.3316913062909499,0.3233535765848211
0.515617238719842,1.1470412517235946
0.515617238719842,1.1470412517235946
-2.5003907250575055,1.1295442795760007
-1.0810239530200239,1.0283776069242665
1.5865621476474632,1.017106498910266
1.823305658224113,0.41334873550861734
1.5153638310240425,0.6814740684985849
2.4279907135524152,0.5671910761015354
2.718994123826291,1.4752118154899312
-2.746420998308949,0.8523840283054557
-2.1879981019216768,0.8078736739264599
-1.9516004817144141,1.4049454678732258
2.80040751943706,1.2133012660404523
-2.0657163596093184,0.618954251747923
2.515767560579036,1.458634959810081
-0.3768485875062044,0.8181486937105747
2.4831038992803522,0.9166757972531906
2.4854905984079645,0.34599647975532205
1.768920636402711,1.4605650793896507
0.882665979524515,0.48540556228707993
2.597984293812666,0.6679700097953112
0.3323739817923035,0.32655484021592046
1.1612106657054437,0.9141413615685244
1.1612106657054437,0.9141413615685244
-2.682734139055135,0.6858796862476538
-2.955113351067575,0.5248608908204938
0.7359567606763954,1.3980877029589607
-1.4302237753195257,1.0398521562511165
-1.3701024097994283,1.0390452599795776
-1.3701024097994283,1.0390452599795776
-2.5128161110139122,0.441253125137491
-2.107830403781773,0.8820807058899941
-1.8530965902955474,1.4106677664351053
2.190395383904232,0.7833694956844045
2.3499083826193328,1.280318710236028
-1.9318596919612379,0.9767727266983732
0.6253500432150426,0.9024593236358461
2.283417291537353,1.1194747313307931
-2.9613077045917873,1.1369230266830659
0.44695051372038425,0.7339557708259612
1.4541557331357498,0.8199073836620884
-0.11652727997059031,1.2839418471204163
0.4684925681954393,1.1469874506704427
1.1356303286433722,0.8530916825549918
1.5988998830761525,0.9285392871674362
2.140153393902754,0.807771913372338
0.8636165018985428,0.8728515621728616
0.5740088142888682,0.5035344265275383
1.0731604555179544,0.7649628760760068
1.2699888762020406,0.17480301456186292
2.318472492774356,1.45015012516293
0.6753352642233849,0.4559605000526796
2.0956753105494332,0.7397183282406501
-2.055004159443886,0.5665839447972743
-1.8008082132911216,1.2939324778646364
-1.1303818939605108,0.9207643687585364
-0.15991541986688507,0.7028552960870859
-0.15991541986688507,0.7028552960870859
-0.15991541986688507,0.7028552960870859
-0.11783131354620657,0.7024074772892727
2.048673065781875,0.4139023997975468
-2.231607047043071,0.7295632750677562
-0.5819040907011788,0.5923999194631934
0.3013884062896577,0.32318400992295454
2.4954470697385513,0.7523333592623037
0.7166735897790748,1.3030528139319921
0.811833922313833,1.383617600995948
-2.668461285300571,0.6926004179255485
-0.7913434215387571,0.22988999772396668
2.044514938768881,0.6973588438703207
2.24562538123074,0.5950908719643002
2.46364662352924,0.8017466375812146
-2.386065304744226,0.43691998875693283
-0.7604635893005147,0.1433085854852743
-1.8131512461614827,1.1920316064296874
-0.664940689005209,0.7869808460511826
0.5912608857539342,0.8048068446985965
-0.960853062718094,0.5017706860058503
0.27635262968027186,1.4305504358123742
1.7303469173200536,1.4332760711338557
2.765083378717844,0.7881816024231146
0.40410406054201636,0.4588608474446587
-1.5587857233749691,1.3782709614158033
1.64939124097435,1.433353503944763
-1.909535303312822,0.9156547812455856
-1.9726438033663287,1.4412894990087952
-0.6807429814139727,1.5259790530088049
-0.28654619571366524,0.19643591681972986
0.5068612860260363,1.1469595376417618
-2.9685693502993202,0.2666600044167663
-0.13742641108765152,0.7074700854822966
2.7009803264887653,0.3486741561994117
-0.6452090403721336,0.22118565791814848
0.30036647285548457,1.111698252660409
1.3210159530361398,1.0141063140723465
-1.2448643075823531,1.4404218455393007
-0.9789905210773941,0.5359183424293552
1.1421460640213867,0.42965484254902575
0.763727768309581,0.08807001870091336
2.3880007733753987,1.418061311206067
-0.09925239707244593,0.417862783475768
-2.6659768910630444,1.0193596463765182
-1.375146119524672,1.0509154372126759
-1.1207381161221424,0.13495889218777576
-1.7338662982361956,0.62901597003466
-0.055274137825735536,1.2250938253117751
-2.986403100090003,1.525648677522091
-1.8142159335764019,1.1679733588769192
-0.8840236707855853,0.5069192303668091
-1.9393365752176317,1.199325376482899
-0.8177023981885849,0.5070125429709899
2.1645642892045625,0.5384171555979934
-0.776230360148678,1.1970063769665356
0.3658375914491925,0.5497069469034214
-0.6922239747272974,0.8184949286776647
2.343637373281098,1.2728440928272167
2.8261667618098603,0.6791365351687029
2.8261667618098603,0.6791365351687029
3.0216024776384587,0.8921614709873098
-2.936260843186766,0.614430976766396
-0.4738147777724038,0.5983745752849837
-0.6888227920382537,1.5074785667495327
-2.6955208643812005,0.353966988269577
-1.7025141645013262,1.2787394499347282
-1.4742764852344736,1.4197145038669359
0.5781030825725681,1.2326903043877282
1.9682320883979818,0.032153205735086704
-2.6425221353123844,1.0601244709322344
-2.9901849731370707,1.0878575146727512
-1.7834518675473143,0.915338452288525
-1.7834518675473143,0.915338452288525
-1.3227619536524182,0.6489637227861423
-1.7938682173847251,0.7049926975015526
-2.8786769307669924,0.5607262962979593
-0.040985509703994616,0.6264531316177071
0.6510456043445279,0.7484315987680232
0.6510456043445279,0.7484315987680232
2.2823423612011227,0.8758072712041166
2.2823133290777045,0.8757651550620709
2.997953157712911,0.6751251476844085
-0.8505111324090091,1.2918628212281549
-2.6851796745927703,1.3180634272494667
2.0778631796578453,1.3296886094274256
2.9077644779334655,0.30053237355120227
-1.9564812859138785,0.45094470981738344
-1.4351455426158886,0.35174554178677586
-0.2941505231320578,0.6197008457292966
1.163565299282477,0.7436870071926773
2.5009269869419377,0.9642589534664397
-1.562144382184921,0.3471827196282305
0.4521033904787743,1.3063618308799763
2.8291935300687245,0.21662798322530957
3.042552142270294,0.720301458056525
-0.7279148465025767,1.2697206106959267
2.134850115342725,0.8688209859792555
-0.49938164977717925,1.0563034961215316
1.9732161188650919,0.1367590753412779
1.9732161188650919,0.1367590753412779
2.5164970674950946,0.778311621128027
2.666749613394194,0.19966305522602645
-0.5578125848060882,0.7368032637275881
0.4070505988685258,0.8992889347853389
-1.9940958668278874,1.0798688103189173
-1.5014943688858722,0.6424721510748571
0.5781223517368428,0.8725236446900054
-1.4905917903071861,1.0996689388918508
1.897890024965674,0.8817589857476715
1.651419307590698,0.9694821066204768
2.9179232738640772,1.2008603044985553
-1.7342121287345265,0.23176610836644337
0.2671108854873985,0.37243591486366556
0.5746456750063674,1.1470996317426883
2.326040124188266,0.8351928349772794
0.6840226620833181,0.5567519266038975
0.9090941814676645,0.6081072131827775
1.4099720230040194,1.4003572308025307
2.8691670800235474,0.22108988585776346
-2.1656654609932415,1.2948829604334027
-0.8906011948351242,0.9815132997365119
2.135356600562408,0.8076627911846241
2.135356600562408,0.8076627911846241
2.135356600562408,0.8076627911846241
0.7185929513605946,0.24642631176600657
2.280756148625243,0.345638379991755
2.8348712770519633,0.7748676003967765
-2.9642995736410596,1.1370339316680613
-0.4495096911495482,1.1682602099307033
-2.409785006959411,0.3223005238089659
-0.3749693730192263,0.8179820914754711
0.7217386998064964,0.9336468803188278
-1.5372663215007583,0.13586762028236865
0.3314753179350869,0.3577801079847631
3.070094869118079,0.6997497943902263
-1.1399513613309624,1.0364102389729262
-1.6065549351912063,0.6078357518322138
2.3389613006362704,0.90302409407582
2.8589748353952174,0.933371717487753
-1.6505020112731854,1.201223325940701
-1.4868582519751108,0.9147680387543583
1.0727245634390556,0.7762215770648505
1.93597647434173,1.3018623192665855
-2.376490309289752,0.9460123716703713
-0.636045048313755,1.3100275855121948
0.4878181231590573,0.538048357344543
0.4878181231590573,0.538048357344543
0.703626578193625,0.8116397631115094
1.138180948905211,1.1549664121657834
-2.379970563498605,0.9471760376396203
2.65493784880986,0.747355417064392
2.65493784880986,0.747355417064392
2.65493784880986,0.747355417064392
-2.934919640969472,0.033326177046878604
0.33521510632742435,0.3598402570661088
0.33521510632742435,0.3598402570661088
0.33521510632742435,0.3598402570661088
1.1136993314892834,1.251822468231515
1.2035199091103923,1.3843005304630411
2.0585061365855615,1.3705000065832607
-0.08185504284553868,0.3458441777622029
0.5182290305253655,1.14692695664699
0.8053732755849361,0.23373257694180652
0.8053732755849361,0.23373257694180652
-1.13908122438096,1.0367356735186344
0.5018685841415559,1.1469560899834228
0.6926986687784447,0.7437147168002213
-1.4854593664539344,0.2965279647871334
0.4482508970575059,1.4065477773014257
0.5409860298085337,0.8995727203978501
1.9380654213391955,1.3018211833446418
1.9380654213391955,1.3018211833446418
0.010546818046029688,1.014693590040859
1.2175449452831357,0.46386359009754863
-1.8156916156624003,1.2135417713309438
1.3599905843028504,0.7993185229301983
2.705076778081128,1.1649825200660238
-1.8157930482221731,1.05180340452379
-1.1901223684239213,0.13502772844533192
-1.1901223684239213,0.13502772844533192
3.0568061206119177,1.0465777504201077
3.0568061206119177,1.0465777504201077
-2.815855298617271,0.3436036790872243
-1.4018717051207554,0.78590600149903
-0.36956963492378136,0.05916441756685502
1.4308169406518059,1.0510198097441221
0.3809083389889152,0.7910342957620385
-1.081074148392644,1.3998320705125824
0.04958831152821119,0.2864923110017111
2.8994600321822657,0.6098704674666132
2.9616476880040574,1.060208208117037
-1.8315431226883847,0.6362104860917497
1.5535329850387782,1.1629697558571066
-2.241314982227413,0.44810197776748834
-1.4155796379431287,0.968665568385655
0.5077740948785965,1.1467707399696556
0.5157510004451121,1.1467740924459713
-0.3386554069860397,0.7297571709405327
2.5562798437299126,0.6899774967013409
0.3230812760516475,1.2692539191919106
1.9914889407069323,0.8346057623649332
2.6562250510501846,0.24168562656176704
-2.0012312019737113,0.4585469229325045
0.6173162145543973,1.2917995741070347
1.4327488723664095,0.7654650342527655
0.870900738292609,0.0599462105814522
1.0352755130313966,0.08848426842252737
0.3347326683123847,0.35774522579416246
0.3347326683123847,0.35774522579416246
0.3347326683123847,0.35774522579416246
0.16819020013628413,1.3138744504664193
1.558567602263864,1.1137454447267252
-1.3715873930359388,0.4199825990198954
-1.2209024573304328,0.8392423040323052
0.3346711970907193,0.3576566993057727
0.3346711970907193,0.3576566993057727
0.3346711970907193,0.3576566993057727
0.3346711970907193,0.3576566993057727
1.343549077105857,1.1132386760558486
0.6470872271851977,0.8476127780966015
1.6854709218895414,0.8017794736924646
-1.1403925465843416,1.036683223927027
-0.8997405896068464,0.9339580215403043
-0.7796155219439909,0.4189153644092563
-0.32490242215564535,0.5354553648470429
0.1493056743967705,1.0421708544647201
-3.113574746823373,1.298878768414733
-2.919265732303197,0.6653367325060968
-2.6171600050064203,0.42991313064184633
0.9549903604728847,1.3715587167791494
1.3781019829578736,1.4606868294712068
0.3352564262810179,0.3578132149391864
2.782108456885286,1.0029846098134856
-2.1676870966115356,1.235977962201122
-1.9620967315942552,1.072751503576476
-0.6696089546317401,0.7691218233744406
1.3895239544303672,1.071700101341561
1.405076133828549,0.6074297216061897
-1.40104099513007,0.9959639834485582
0.5152512840395533,1.1469682401876968
1.6819739226256591,1.0723499889153743
1.8688550659299832,0.7095450554693523
0.5458851207891046,1.5599464009924786
-2.0790718293554873,1.1853449671835066
-1.9793668779850435,0.5020662517566665
-1.4016485561495564,1.254968503443133
0.5180036135546745,1.3067659126061368
0.5180036135546745,1.3067659126061368
1.2859484877777496,1.219703660803669
1.9793178488575682,0.5276047952283919
-1.7851953766726814,0.9424958534337129
-1.661215608293892,1.3619622451259032
2.0595923916600754,1.0701851218375114
1.8506411978982917,0.6700830771928141
1.8506411978982917,0.6700830771928141
-1.4334508161300672,0.586396814471206
0.8071695034080328,0.2301754543954094
1.724641401063177,1.3014087733923132
0.44932507088610574,1.1468929212568824
-1.349886348709405,0.48625082680009113
-0.16566162267274898,0.9263335217727533
0.22482343323468743,0.46283378054652263
0.5152194330124851,1.1469349352424003
-1.3141271636424259,0.6765772358918517
-1.3141271636424259,0.6765772358918517
2.131277896867093,1.1219362341938792
-2.6638300073507075,0.8761028712942671
-2.9878952822131777,1.4332101309685639
1.6527425388715724,0.297019133924701
0.33412578822518524,0.35775783584290843
-0.06000297072510463,1.566038933169023
2.1474521776395306,0.8516994773372463
0.2028055264519921,1.3986212193487206
0.46777703449976255,0.5422863128823305
0.3376455252846109,0.3577617922324254
0.3376455252846109,0.3577617922324254
0.7794578484994557,0.8794817364545623
-0.28806644259727054,1.5653656365334085
-1.159720047783562,1.3073583018153296
-0.03698767955098159,1.2817385454709307
0.32612598521668335,1.4880672867655678
-1.4131796500481437,1.2932294736307812
0.8155418872032819,1.3524667318566723
1.1701371485357666,0.050623929282324356
2.115034132364282,1.1429624749643466
1.584329724535778,0.03134433624204692
2.2957452152369116,0.5670023359128127
-0.49398298276345365,0.3028887588366691
0.8074006159974209,0.23794046568309504
0.8074006159974209,0.23794046568309504
0.8074006159974209,0.23794046568309504
0.8071792659571841,0.2333754115168455
-0.5052742108892243,0.5636764288638687
-1.6040982064914635,1.470430618487677
0.10332538593923193,0.27045531029385955
1.2266699349733814,0.010491048071989816
2.703405573920969,0.6097781677745779
2.9592160228685356,0.4596971230976334
-2.645674004731822,0.8086203928616051
0.13840549273480787,0.9417141232923605
0.13840549273480787,0.9417141232923605
0.13840549273480787,0.9417141232923605
-2.762004133620002,0.6861179616362759
-2.396446143720124,0.21614527432673902
-2.3438685954743366,0.33021952269018184
-1.6712257496909277,0.448516701958772
0.5195773952033276,1.146956930864079
1.6065372593124818,1.5146457623905234
2.3907541928799314,0.671802005781129
2.3907541928799314,0.671802005781129
2.3907541928799314,0.671802005781129
-2.3483476419640605,1.2004589615449994
-1.5741082712766659,1.53494089014884
-0.22214512731728497,0.8517301433205334
-0.10000260055904864,0.049258517283578974
-0.8986151932510174,1.375819805110962
0.033208437777689066,0.11543522497111373
-2.9760146141340815,0.7773289649791567
1.6316560183990898,1.4088049045982494
-0.2204028640140523,0.8517465703642001
1.6138763286518514,0.3287542668686566
2.9020688306468676,0.6139819828972126
-2.140824589888349,1.394149969160603
-0.22046397561201925,0.8517136814085452
-0.21960256481839924,0.8508615142668928
-0.21960256481839924,0.8508615142668928
-0.21960256481839924,0.8508615142668928
-0.21960256481839924,0.8508615142668928
-0.1779943266507349,0.8517222486679924
0.9947083343103789,0.6135566640561836
-0.22525623984170462,0.8518238658428946
-0.22154427855378156,0.8517543716121989
-0.17689540655991642,0.8496985526319701
0.2744061708738654,0.9158517584438635
1.5596303476831481,1.4859934047730885
1.9464012766432408,0.52350701111567
2.6646286544325175,0.47414956368385924
-2.4632831851738843,0.44154801885743633
-1.749172763075249,0.7185944274427406
-0.5485761314659552,1.414727393533984
-0.22377882860895504,0.8517254942583234
-0.22377882860895504,0.8517254942583234
0.07292279693293455,0.8086601376533099
0.1355222387754168,1.4880225650966439
-0.8163939422684532,1.5310642786959514
-0.22250343314971666,0.8517600197173744
3.136820645725682,1.1440683232855406
-2.381218884427827,0.3421629356439948
-0.6381861609905384,1.056369565480777
-1.3342809077068658,0.8195257704099362
-0.2234965911633724,0.8515712651919394
0.1813016251937128,0.3653124580932183
1.5265573416853784,1.4210217440105017
-1.0003451527062026,1.5095096138120845
-2.9838523513482205,0.43757371121763183
1.2646331974284755,0.22236884805963125
-2.8396146153603135,0.4226371985181518
-2.024455392562075,1.0936404638380715
-2.0009066569637186,0.8864927179238852
-0.6947163466027559,1.4148533881491827
-0.22192956548514609,0.8517426055054353
-0.22192956548514609,0.8517426055054353
-0.17648897991184498,0.8516892471331264
0.24741660186434555,0.5527049411271873
0.746937708057674,0.7848451158639073
0.8196120614213299,1.5150783424116656
2.4540728373982206,1.101515829171342
-2.4865511785215126,0.35382625226187286
-1.13885539617488,1.0504396996615788
-0.2265292025269412,0.8495542617734219
2.857744416558694,1.426858207803985
-1.977701259423812,1.490669406482652
-0.2230202836852122,0.8518201725224184
-0.22101989786700926,0.8517578797418278
-0.22139946827637935,0.8517082832020476
-0.22119103795519202,0.8517494813628956
-0.22335416417120157,0.8515893698271181
0.2318915107746746,0.9423896794886343
1.1127212916776177,0.36634412367281033
-2.07282080721688,1.3983386895670624
-1.5641466993188269,0.9214694117737274
3.02263034359767,0.6517015232068931
3.119813830195567,0.4743901961145116
-0.2689063239051528,0.8497357491422209
-0.22106306405055776,0.8517347203426886
-0.22128468497888942,0.8494345685461041
-0.22128468497888942,0.8494345685461041
-0.22128468497888942,0.8494345685461041
1.237715443472948,0.48389775251787603
-0.22088031724130186,0.8493764248915393
-0.22404124352758092,0.8517398861094966
1.2304620486083218,1.1058527312099349
-2.7429229984325962,0.3770832693766756
-0.22195544514345933,0.8517129137876891
-0.22031819266586528,0.8518258764560213
-0.22031819266586528,0.8518258764560213
-0.22031819266586528,0.8518258764560213
-0.22031819266586528,0.8518258764560213
-0.22031819266586528,0.8518258764560213
-0.22582725059622444,0.8516423477861057
-0.22582725059622444,0.8516423477861057
-0.1794667523967508,0.8517223642132631
2.000291444391929,0.6917233983788924
-0.41458005846547774,1.3908443730390092
-0.2665951312525623,0.8517053879646928
1.576420670004746,0.7181910188239271
-0.22411832613498994,0.851725442700585
-0.2194911801667736,0.8517666260455904
-0.21970266884065026,0.8516831858787169
-0.17473437185406837,0.8517387985844441
0.29068882467561713,1.3443163507542264
1.0054494432884875,1.247874435282075
-1.4439744043741873,0.021033727081230427
-0.2634949217262843,0.8517780914460833
-0.22265258324284165,0.8517339351032205
-0.21943291206685434,0.8519451901331707
-0.17820987322839432,0.8516677011190787
-2.388705048618854,0.8759380212121325
-2.3998961998866486,1.1294081319025364
-0.9898664310485721,0.5360434636832081
-0.9409565715070967,1.001860623747493
-0.6551416701088284,1.521242481403463
-0.6876226914923604,0.6408807371195444
-0.22362105272079624,0.8517066895527623
-0.222899734942704,0.8517189575802977
1.8012282884421331,0.14538439883316012
-2.070441426787821,0.5448960007250598
-0.17604687587167955,0.8517432731491272
1.661980531841218,0.9422494521661987
1.661980531841218,0.9422494521661987
2.150671973416998,1.090130579110279
-0.5540035173694005,0.8046987684311508
-0.2656748200933867,0.8517750557724032
-0.22620573599529514,0.8516949942463985
1.4279311560637362,0.42176830042770797
1.4279311560637362,0.42176830042770797
1.4279311560637362,0.42176830042770797
0.5051258437172719,1.4949947568331667
-2.354109486838563,1.257913840252639
-1.85396631285482,1.1484876151527712
-0.22096036051509937,0.8517081871802279
-0.2216293017417188,0.851697276836455
2.580284128583958,0.21652865676519234
-0.26397444580118545,0.8517393727194537
-0.26153849434791354,0.8516014525914711
-0.22424376328306828,0.8517940949394651
-0.22311171332965163,0.8517779059775289
2.2916198786517796,0.6022152732670275
2.2916198786517796,0.6022152732670275
-2.9947914167870944,0.05370256292953167
-0.2666371919385657,0.8493286682241364
-0.2194506139931489,0.8517225451672946
1.3161111224797737,0.853329368852764
2.0882352829808393,1.352474406523152
2.9389863790324546,0.548979681432363
-1.2520394332624294,0.9618346373527701
-0.2198453199501884,0.8517577080132903
-0.22296417135461688,0.849567987717189
-0.22296417135461688,0.849567987717189
-0.22296417135461688,0.849567987717189
-0.191270448025727,0.8518061126542883
1.6737036207208649,1.0241078468304219
2.400097145741031,0.7197193099570148
-0.21836065678808225,0.8516393834101141
-0.1788653142774148,0.8517739365521686
-0.1788653142774148,0.8517739365521686
0.440859761317949,1.1466803718110636
0.45046955141858763,1.146800892569394
-0.4388309268167303,0.15178058669081937
-0.21848243181851057,0.8517520274032473
-0.21848243181851057,0.8517520274032473
-0.21848243181851057,0.8517520274032473
-0.2216667412312736,0.8517030395330908
-0.1843851791137494,0.8516736145917906
-0.1843851791137494,0.8516736145917906
-0.1843851791137494,0.8516736145917906
-0.1843851791137494,0.8516736145917906
-0.1843851791137494,0.8516736145917906
-0.1843851791137494,0.8516736145917906
-0.1843851791137494,0.8516736145917906
0.7643243529974885,0.5850777503982035
2.4940321318810303,1.3381817352578032
-1.0137162340790642,1.3949518485202888
-0.6662355630868317,0.6129963615949547
-0.22087692970188577,0.8495423079803704
-0.21777569315731604,0.85182439096449
-0.22481819783223145,0.8517471086256453
-0.22458567403966168,0.8516985889549332
-0.22382413661655942,0.8516763891786762
-0.2243095431691593,0.8494100924364247
-0.2243095431691593,0.8494100924364247
-0.2222557341832916,0.851799745141164
-0.22257971966821977,0.8510856394665043
1.1033120113405601,0.5074896399398133
1.9202427134149986,0.1516114126015081
-0.2622617855061664,0.851688268639937
-0.2622617855061664,0.851688268639937
-0.2622617855061664,0.851688268639937
-0.225288358334649,0.8517514462232293
-0.225288358334649,0.8517514462232293
-0.225288358334649,0.8517514462232293
-0.22157638308804817,0.851691337744996
-0.22427892194014643,0.8517166686441062
-0.18092235991818395,0.8516993873375562
-2.309873273335601,0.5389040612852748
-1.3375366735075431,0.8195628849074051
-1.3375366735075431,0.8195628849074051
-1.3375366735075431,0.8195628849074051
-0.2221037917004871,0.8517831119234616
-0.2180528953821712,0.8516639160562476
-0.21871049970477685,0.851646986736775
0.4994614570764639,0.591800757392806
-1.845274416069116,1.5566200152763225
-1.3608034160352407,0.39768852047950076
-0.37538336011401974,0.8552103866699816
-0.37538336011401974,0.8552103866699816
-0.2670212940507888,0.851513893309027
-0.17816303322314386,0.851730550670721
-0.11749652156221302,0.46275621461930627
2.4339622604232467,0.3994196802419353
-2.613431165110747,0.6375107854898515
-0.2554361075656981,0.8517670757200406
-0.263868797817552,0.8516197872808365
-0.263868797817552,0.8516197872808365
-0.2619642639725006,0.8516572751562641
-0.2240603445960856,0.8517113541037676
-0.22187555289159544,0.8517171387778164
-0.21782129294289732,0.8516926313811103
-0.22279628497783843,0.8517285621114118
-0.22279628497783843,0.8517285621114118
-0.22279628497783843,0.8517285621114118
-0.22333545013036016,0.851680446329712
-0.22333545013036016,0.851680446329712
-0.22333545013036016,0.851680446329712
-0.22279501959398118,0.8516658394225748
0.19958523790882626,0.9147256521523237
-2.9215982295427687,1.5332367187525893
-0.22215323973882395,0.8517117970151801
-0.22163436507518863,0.8517705604505202
-2.6522356502012188,0.8397870100608273
-1.7737097632578216,0.1805862256659745
-0.26539589699754984,0.8515808869126056
-0.22180196431822452,0.8519503799401438
-0.22180196431822452,0.8519503799401438
-0.25051707407326607,0.8516072720959753
-0.22476979761402305,0.8517118595864814
-0.2201651702258598,0.8518277239007876
-0.2201651702258598,0.8518277239007876
-0.2218373308706143,0.8517299947986093
-0.2218373308706143,0.8517299947986093
-0.22240864575337227,0.8515810384842573
-0.18190400058032274,0.8517619031414165
-0.2254800738882663,0.8518884280492703
-0.2254800738882663,0.8518884280492703
-0.22258236744366577,0.8517394740758486
-0.2249693646333064,0.8517602938987433
-0.2249330463889896,0.8517722138718098
-0.2226628833469917,0.8517168079477548
-0.2226628833469917,0.8517168079477548
-0.2226628833469917,0.8517168079477548
-0.22059267352376466,0.8517172965043542
2.643764171476402,0.6306574322756074
-2.3621559007977226,0.46191792150498645
-1.1043447993817868,1.1267784244056707
-1.1043447993817868,1.1267784244056707
-0.7287301330090763,1.218582515501191
-0.2254212786958547,0.8517514489701702
-0.22049067826953372,0.8517232489525821
0.36440570111486825,0.3577395565718183
2.135420464610263,0.8099306679193352
2.135420464610263,0.8099306679193352
2.135420464610263,0.8099306679193352
2.3595545577032713,1.5336692218158898
2.245412947561254,1.391725315033661
-2.9707026254289843,1.3716071089634363
-2.871114695531405,0.01344219647314994
-1.400245441441438,0.917461928015316
-1.0390280791355107,1.0367943222054143
-0.28805941606689434,1.4657999481724338
-0.22298349762870018,0.8499611917076485
-0.22298349762870018,0.8499611917076485
-0.22298349762870018,0.8499611917076485
-0.21723712584813093,0.10617336189839718
0.365962894826386,0.3582923513917732
2.4685379915309373,0.6374008353785838
2.6712677360866732,0.258284576312116
2.6712677360866732,0.258284576312116
3.077051947425114,0.6169188821521128
-0.22341185022606602,0.8517873811363971
-0.21784573783184058,0.851657326159893
-1.9718992585432753,1.5195617458318211
-2.1765522091632743,0.5809181515119208
-0.26475416483863334,0.8517546651178876
-0.25548686176032387,0.8517376271385431
-0.25548686176032387,0.8517376271385431
-0.5881856447263782,0.5395926687357218
-0.22035974955465853,0.8515971089506273
-0.22518610610137912,0.8516995033808251
-0.2212316419245539,0.8517186475471991
-0.21856424087224013,0.8494919519524458
0.22789202559691837,0.9170203618203971
0.7605128583571913,1.5499069666859406
-1.408003669582091,0.6057950507698465
-0.22508196253465318,0.8517475923001104
-0.27185390365369955,0.8517267932568164
-0.27185390365369955,0.8517267932568164
-0.2747054528863737,0.851564865879044
-0.22312655445826657,0.8516867229815971
-0.2215672458526452,0.8517986503780786
-0.22032634205506962,0.8518150671283138
0.3227426952086887,0.5419929376560252
0.43913752677320084,1.1466113793266655
-2.815605840291271,1.0301108514084585
-2.815605840291271,1.0301108514084585
-1.8907919754663611,0.1801806261006595
-0.21886668341787807,0.8517879986213036
-0.21886668341787807,0.8517879986213036
-0.22570129256263805,0.851551933760747
-0.22570129256263805,0.851551933760747
0.07187955381972991,0.5633443124265387
0.3339211570149089,0.3576508131053217
2.325633250284756,0.817131028767745
-2.224697197835651,0.726333791588902
-0.2213233936677188,0.8518142199939615
-0.22400164710534742,0.8494861597697229
-0.22400164710534742,0.8494861597697229
-1.9491132128663295,1.1043913030294932
-0.259495102302548,0.8517031432741747
-0.22058425509737134,0.8516701992566413
1.2364070370005111,0.3667303347248632
-0.22493038741895077,0.8517069929197462
-0.2247574753269923,0.8516960328241604
-0.22179368062172244,0.8516352827497538
-0.22253098954504225,0.8514501157753426
-0.22253098954504225,0.8514501157753426
-0.6522462984529955,1.0841458066412655
-0.2207596164639689,0.8517405547417527
-0.22050429543567063,0.8517207504601868
-0.22061198641445845,0.8493890796475331
-0.17834999516089933,0.8496573340195621
-0.10288870527337135,0.24581407594741791
-1.6480135206785427,1.0034182364022848
-0.220699499635999,0.8495301212037789
-0.220699499635999,0.8495301212037789
-0.22179529827396216,0.8518166164033525
-0.22179529827396216,0.8518166164033525
-0.22179529827396216,0.8518166164033525
-0.22179529827396216,0.8518166164033525
-0.22516992334917507,0.8517057210879135
0.2335465709661752,0.1605026361574449
-0.36263732266569804,0.8547572440265295
-0.2643762940586303,0.8515902142121972
-0.22128117781336432,0.8487441813989683
-0.2217949404421109,0.8518233442737456
-0.2240025904895795,0.8516702711037828
0.4567810131064507,0.4260171514960553
2.21529144990357,0.8214885386640861
2.751939950721194,0.3722563776880447
-0.2650874005988113,0.8516622619416186
-0.2191797436689038,0.8517756968403998
-0.2235986258758924,0.8517814380679144
-0.22288678837424403,0.8488383286606835
-0.49590876126809125,0.30295801312007614
-0.26197336471379806,0.8516343628164278
-0.22319111570773398,0.8517137633524616
-0.22206677894030857,0.8518151647453279
-0.22206677894030857,0.8518151647453279
-0.22206677894030857,0.8518151647453279
-0.2188367760870129,0.8515567403936036
-0.22260447432411912,0.851729725532323
-0.21814799672704677,0.8516510281633877
-0.2255228093933539,0.8516375902699093
-2.977261186541897,0.6098453986859833
-0.22080635674591953,0.8516898146002942
-0.2237527898634335,0.8495660617138341
2.4287815150730725,0.9235255260403294
-1.9336987462839286,0.6778663186682248
-0.26664495057589566,0.8517505440006764
1.3410809849054388,0.9009388758046865
-0.22157246990983648,0.8517057498857808
-0.2188332661760093,0.8516526234326456
-0.2188332661760093,0.8516526234326456
0.5785532195048388,1.1469919712740009
1.3863485289629516,1.071581394913079
-0.22454650216388927,0.8515858797718384
-2.863921548627171,1.4385992179864624
1.9622678841815049,0.11828903213586997
-0.2259327520824117,0.8517218527805849
-0.22200084064577208,0.8517815339242409
-0.22200084064577208,0.8517815339242409
-0.440187539103321,1.1187451809577973
2.002769645766471,0.7054024807257154
2.2644875421330997,0.4294134351872531
-0.22310939713190514,0.8515857598112616
-0.2206472684565428,0.8515874738311976
-0.17995681831894927,0.8517510105814639
-0.2627482047604124,0.8516988438986147
1.1785864180062582,0.20522462183954476
-0.4953969320077265,0.3028742215453405
-0.4953969320077265,0.3028742215453405
-0.26642017545432317,0.8516829459760166
-0.26642017545432317,0.8516829459760166
-0.22043539551981972,0.8517865951742373
-0.22265580272840158,0.851668414409043
-0.22265580272840158,0.851668414409043
0.19844345828096388,0.8924660705768088
0.002248885929303846,0.9987897992924303
0.025842374968965943,0.4181007941757586
-1.9957631562627736,0.0906314130538226
-2.3881901397614795,0.7262499855297067
2.42371071088589,0.45459926594687916
2.5531010136511383,0.6789459226432611
1.3213272892991095,1.0233539098265938
1.8240459556486481,1.2237476501347142
2.5673264867443986,0.7610368182196273
2.663873817568309,0.5463062019722589
0.2978144095239135,0.9398107076887815
-0.6351133029872686,1.4499601963639213
-0.9387667085442146,1.2716023278471291
-2.1762911621066863,0.4780463154110776
-2.0151080842143516,0.18121316677414
-3.039969766462032,0.6511018314204766
-3.039969766462032,0.6511018314204766
-2.4779083770497796,1.3558607951238633
2.46456252484556,0.8805369145586468
-2.3507605342513664,0.9464498668185105
-0.41610755872052163,0.8046576046974564
-0.41610755872052163,0.8046576046974564
-0.22046547245974946,0.8517085835905169
2.5757624088113027,0.6226856379776728
-0.2242800538064742,0.851765381270239
0.3110091418593388,1.3595492347405935
-2.790109106043862,1.4982751829057013
0.9213896216044305,0.8727853182392207
-2.874498426380454,0.7816750042908915
2.6068565367355365,1.1696024220634487
2.6068565367355365,1.1696024220634487
2.6068565367355365,1.1696024220634487
-2.1474389136530156,0.24925212614898842
2.0515907544743506,1.2141057955314432
2.1569103571945196,0.7280536843384758
-2.110269430661293,0.502416098718294
1.8974962922629046,0.15445588215192138
-0.8543924082884127,1.545285701537937
-3.1181935530533695,0.7976914158614137
-3.0014140666189557,0.473637470285168
-1.7208030108698669,1.0931863660383785
-0.22633870799125155,0.8515539212874962
-0.22130256104175228,0.8517138300295967
2.394869391032086,0.6302820174694044
-2.7332733425522617,0.9441054447505034
-0.9452015034772412,0.26607052578666757
-0.7387263120911118,0.20452808225864533
-0.7473245932342403,1.5260124636355588
1.8687546589951043,0.1959320264756006
-2.141263241030858,0.5385127303986907
-2.0266411426079722,1.4113661705828513
1.8869503750945842,0.4583300705011591
-2.83967685777672,1.2293893281667667
-2.580134485164301,0.896569062797221
-2.2618250194195575,0.7331911253140668
-0.11308592864960243,0.2054390078803095
-2.7120922213501335,0.9681879039272094
-0.08279229353253204,0.5819058358030973
0.877957305522441,0.9746025526282317
-1.3205449602231614,1.338309269824187
-2.358311863948196,1.5294908774773983
2.7618999293150903,1.2223308670234467
-1.737768600785465,1.3163987151174719
-1.9424850122814812,0.48754869464801
0.1721373778322053,0.36486006302260277
1.3252270785456803,1.0439576229813303
0.5160232640327782,0.3422857346707448
2.818204459444532,0.8520407172727146
-2.838789015510065,0.6168988970321339
-2.4468530335910743,0.7198955976237948
-0.6204024211697785,0.5493384940179697
1.6159772856440975,0.7182626737770401
2.1532370608284306,0.6090074782802967
2.281489364988877,0.916395609987237
-1.3064622681121598,0.8194454532268288
-1.3064622681121598,0.8194454532268288
-0.15639998901575236,0.1309769943314777
-3.0103224342647072,1.250180160570002
-2.676081933241802,1.0533709164064966
-1.8920709168532186,0.41359326397121854
0.6212349727953183,0.7912239305478656
-1.955792804357663,0.13677767675078542
-0.8060083947733911,0.6024246332256846
-0.2239164538729348,0.8517596927466131
-2.6480215427421783,1.3236579197512326
2.301101696532672,0.14257161190010162
2.9893208795763018,0.1106795433866452
0.3024246392900135,0.7022838852878779
0.7511034245205973,1.307005442612873
-0.6806204473164712,0.7026030878203298
-0.21958322886629666,0.8517028524947734
1.5877618096236557,0.9760999507312103
-0.2265451044851643,0.8516468696919094
-0.22025298917492098,0.8517792918661615
2.030166188623009,0.6157502987308748
2.48569534260447,0.6858466347567062
-3.01829775182739,1.1865691996597025
-0.6578973098108616,0.4776705773565714
-2.4880880149865248,0.20798947515165678
-0.8656039211708944,0.12122437840733448
-0.2613966822140119,0.8515474290874103
-0.2613966822140119,0.8515474290874103
-0.2613966822140119,0.8515474290874103
1.8782115601170943,0.8206803580544954
-1.2151292470106476,1.4444152496355178
-1.0219616197138324,0.5431970606786338
-0.49118831443806954,0.30288637467247315
-0.2222700174693566,0.8517907799557549
-0.2222700174693566,0.8517907799557549
-0.22169064569438302,0.8517529028359899
-0.22167255556293686,0.8517599664004885
3.1285394469545054,1.2623018091069453
-1.494546640066443,1.1772392867140395
-0.26638952450899556,0.851705765899891
-1.0598744438027952,1.3320621755835944
-0.22260210118250168,0.8516830426780453
-0.3843293461045718,0.24906167431633408
1.9001843281800994,0.38326709209312493
-1.0299762822211838,1.0131914810949905
-0.5374524589017327,0.8637337799555552
-2.836749339988409,0.595868977842952
-2.88504503836434,0.8678932703633024
-0.9824598097401438,0.9271151530761352
-0.09328700002427226,0.5564209520149798
1.3246042356325771,1.3254741516323045
-2.5557149353138318,0.48119682741035313
2.5900151923826464,0.808495564009559
-1.4276212249711175,1.3377668799133495
0.4788835808575694,1.4881079417010283
-2.328499483599052,0.13741082341923214
-2.1848838184387223,0.6090605932717217
-0.2207729005599397,0.8515297238418177
-3.1390159295736506,0.7951970730978998
-2.9203794502534595,0.05402610264415524
0.0517283374542221,1.0491254873237057
0.8861863387504405,0.9882555482937642
2.6506992508419804,0.9372689316887122
-0.22636813131733557,0.8516381813025188
-0.22250947791100906,0.8515259754815735
0.6622107385328523,1.30680591842969
2.1453637680360944,1.2650714233971512
2.255476464290557,0.8487076085671502
-1.0142537329420245,0.3507802202661052
0.7301598447796492,1.189674583425785
2.22457824203728,0.902772092074945
-2.6902307107494003,0.6770130055498836
-2.3977875650758826,1.5108035952056933
0.7682429706513121,0.10375118912223764
0.7682429706513121,0.10375118912223764
0.3352324762641696,0.360117435512715
0.3352324762641696,0.360117435512715
0.3352324762641696,0.360117435512715
0.3352324762641696,0.360117435512715
-0.22144227542801165,0.851687391033059
1.679590604817096,0.6773121266313614
3.0725505881760373,0.7817888516087819
-2.5099744662811787,0.6720540539148913
-1.8299250613860556,1.2064062786732268
0.5782924869994793,0.6614711481491778
2.1946098882487353,1.3400073332332099
2.8741568607775423,0.39997683613464585
-0.21957898773794238,0.8517550437117533
-0.3058392255667357,0.7360514978947065
-0.10918877809260685,0.3956054488958233
2.7136246409103126,1.0667934987137793
0.43896186493617806,0.906084701018587
1.6224506909784173,1.0653275992593942
-1.6200409367216304,1.01017965747816
-1.3942299837248004,0.828389780136792
2.4024104801781987,0.25785741398253453
-1.7544854448489442,0.49448418191030613
-0.25912248304804386,0.8516650431436252
0.19289774587235753,0.9059188316292797
2.1809500267198487,0.5025466518100346
-0.22524275035240926,0.8497363281834286
0.4479087712072059,1.3595637463073482
2.900466632373274,0.8294083617322627
-0.2253458166901332,0.8506665252744343
-0.2253458166901332,0.8506665252744343
1.1655248162667085,0.9204906771808912
2.879932706978639,1.3558139693151146
-1.4455619190465283,1.088041265033236
-1.4090198737820447,1.2369562421782865
0.28188550004834984,0.5986167178231433
0.3645895324295787,0.513614272032824
-1.4967817229106721,0.5507057058721018
-2.9561708939396474,0.20824472985284626
0.29547479975169866,0.31864044551185405
0.8187816908454638,0.050090652162168334
1.989291113998002,1.074984963199811
-0.5389369170747518,0.17821209850629746
-0.2051297852960836,0.2540821108071044
0.47975323934121356,1.3909142941426123
2.6575228459125277,1.0924069296641978
-1.6776479881884834,0.5159179016518588
-0.28727574097751063,0.1426810831696332
2.2845266518239526,0.007693934858697443
2.3631914562892695,0.5725020708585495
-2.730801887323857,0.09160665449129088
-2.4580331108980658,0.8826262192525739
1.7163184787250476,0.8137703805194951
-1.5149565280863788,1.0857700818503202
-1.261242196976247,1.3075636495673488
-0.5914675353182606,0.6129375644520554
-0.5659374442614444,0.9733975822100026
-0.2184142491530796,0.8517435495762534
-0.2184142491530796,0.8517435495762534
-0.2184142491530796,0.8517435495762534
1.7858535056874825,0.9651929737183957
-0.8224680354924221,1.1333044575979077
2.2143891821161734,0.7579806431195194
-0.5492421372841063,0.9387069741519022
-0.21973497847141488,0.8516857773217849
-2.957612317824994,0.7952709835411547
2.627179056321056,0.8627702300442156
-0.9248193739600845,0.9406805726450509
-0.2711074787676404,0.8516154917032017
-0.24728381496877283,0.8516949832661506
-0.2585647674543914,0.8517341866525906
-0.2585647674543914,0.8517341866525906
0.3207114796249346,0.49185569473035134
0.3207114796249346,0.49185569473035134
0.3207114796249346,0.49185569473035134
-0.18224378245572392,0.8516375581167713
0.030755144883931575,0.39546426144808816
-2.6241401253738728,0.7881798186898886
-0.22608153995762326,0.8516732616302208
-0.2245343837463496,0.8517065070180905
-0.21800043982118567,0.8517237980119405
0.3547084251879951,0.32645778492231003
1.4297421796512375,0.962187586664755
1.9808081265543727,1.083483692562164
-1.6614323454630577,1.2280017998702193
-0.2609542725326559,0.8516255070743781
-0.2189119066079641,0.8517516962463811
1.4202012766528813,1.1629780309876583
1.915630777377627,1.5598681712847857
0.625914463825027,1.0455318923348147
-2.6497444211044052,0.8394447165258936
-1.334174266605456,0.3669585953838596
1.2063903247826415,1.4856694048182169
-2.5490466737783173,0.7199984098485217
-2.2710173212707883,0.6162433332854035
-0.6263458270995796,0.11598453433910946
2.6236813556235017,1.030029660503775
0.5290115752003416,1.3077849522880431
0.5290115752003416,1.3077849522880431
0.5290115752003416,1.3077849522880431
0.5290115752003416,1.3077849522880431
0.5323808160868259,1.3079099489371775
0.5323808160868259,1.3079099489371775
0.5323808160868259,1.3079099489371775
-0.9533139488069482,1.3994624257308848
-0.22406610223962353,0.8495698700690653
-0.22112260419235685,0.8517472236490837
0.5164584701216282,1.1454049691235721
0.5133283591374757,1.14704592282718
0.5133283591374757,1.14704592282718
-0.8197266314877094,0.5069346413772257
0.41374258763166677,0.31079767981485806
0.5178187982488314,1.3094194967659307
0.5178187982488314,1.3094194967659307
0.5178187982488314,1.3094194967659307
0.5178187982488314,1.3094194967659307
2.069374431392373,1.025048052833055
2.3868076406063103,0.6094495365937925
-0.18198858574202337,0.8516581857524194
0.9341407248762421,0.9745092635684144
2.3570365426881885,1.0737197786076758
-0.2757436075388382,0.4917727527757241
2.83208727819018,1.392245187893837
0.1464272525298636,0.5062316482596523
0.18051295215179142,0.1604201421536498
1.2883083375451734,1.160783888839127
-2.1976382677366013,0.2242533731256102
-0.34135733235149424,0.6196233941226928
1.9514070662214547,0.9225215167883116
-0.1844067555238631,0.8111816884021874
-1.9460880593512435,0.8412799391810847
-0.5977277983079334,0.7843302518498375
-0.22403276804294325,0.8516715371681632
0.8846266345645891,0.44281948453030406
-0.5170805496292461,0.4083115309326839
-2.542521255620541,0.9846178248802839
-0.3912663718174043,0.5423380042286069
-0.2238946844557086,0.8516763932338247
2.0636129016328417,1.1499649966713128
-2.007521942549692,0.44369048582391896
-1.79553751957528,1.0381204507136432
0.9420620079204621,0.9585903610876235
-0.951968858343565,1.29050288675587
-1.377429885813278,0.8195620438055682
0.3342626267832239,0.3577249014806399
-0.5203417100214338,0.3029484995531914
0.45292357251513876,0.7707311163490522
-2.2717183712039954,1.1855842695233019
-0.8876005517946775,0.9850459329643683
0.33811148850236883,0.3576329035630429
0.33811148850236883,0.3576329035630429
0.33811148850236883,0.3576329035630429
0.33811148850236883,0.3576329035630429
2.131953999402577,1.2649318216053254
-0.2229261337192856,0.8516990589348018
-0.2229261337192856,0.8516990589348018
0.5250863807512975,1.3065783219458393
-0.5488397647150931,0.1961140687812802
-0.22480796596231123,0.851625709298456
-0.22480796596231123,0.851625709298456
-2.922661948273511,0.35962854556412643
-2.6851657597202605,0.9285899555367524
-1.9924977481226707,0.6504218372440114
1.3609808423038188,1.0761348506768484
1.40542790904789,0.17482800545964003
1.7292598477212149,0.8138005343239358
-3.0307743399671074,0.4962585880035825
1.2598729364065375,0.655665142797583
0.3878221541350667,1.3519981202317954
-0.5394706138020977,0.5208249864767509
0.33306625848097493,0.3576667468614077
-2.5499505830712192,0.11947115124978752
-0.5487330293868373,1.2988350724400581
0.9525180592986924,1.3837827516234433
-0.21805427321426052,0.8515284438666082
0.3138381474773236,1.174882172736967
1.520409372454188,1.3369101271518804
-1.1883814428993684,0.21376269112270938
-0.2534895549937817,0.851604302516223
1.2544262596554612,1.4398499138279524
3.100435279515889,0.474418588580678
-0.21854774805891086,0.8516931552878955
-0.22275756194877694,0.8516446160766378
-0.22064376113017747,0.8517460752964884
-0.21600563718136723,0.8514988898064318
-0.2213528888471945,0.8517357806473294
-0.22024982559996253,0.8516603915849466
-2.627184167352043,1.335428094778751
-2.720001229131703,1.3178059299582925
-2.720001229131703,1.3178059299582925
-2.158680686343624,0.7331789843125363
-1.262040466964506,1.3079538916662083
-0.2221487232289574,0.8516555292229866
-0.21852089093290772,0.8516824603492218
-0.35570105525619145,0.5350164338015269
-0.2624474516963833,0.8515408533664721
-0.2193458819933074,0.8517392518006307
-0.2207451539475791,0.8515687223152572
0.45830708425988803,1.232731044259373
0.45830708425988803,1.232731044259373
1.1415658433800688,1.3532639096499537
1.4629187951552278,0.6630718374758773
2.273151795734989,1.2217695054918798
-1.100084371136763,0.08752007261577437
-0.26709475757681034,0.8494710352154206
-0.2180452376252786,0.8516892438580086
-1.9025774126914978,0.6640331985430123
-1.508605618257107,0.6284321202396351
-0.25924127375975736,0.8516318729119915
-0.25924127375975736,0.8516318729119915
1.3765260953058198,1.0716540118207825
2.332420987505148,0.4592140811567807
-3.058164497890821,0.8495250198000293
-3.058164497890821,0.8495250198000293
-2.7971122941839424,1.0055433556368079
-2.3349223472442384,0.9010619210456058
-0.21878446951235908,0.851666643558268
0.5262750833666222,0.3881770924796988
2.1069392664467963,0.14609023855217818
-0.7349648753571421,0.029444386339296063
2.153043274736892,1.0593375044343665
2.761374158414243,1.4135324575226667
1.0749749175288361,0.14380223915776377
1.0080131412451538,0.7578697312606588
1.2764930144264823,0.5649014179978429
-0.22021742852099369,0.8516753031281394
-0.2193473728349904,0.8494710132563296
-0.2193473728349904,0.8494710132563296
1.0753341142026906,1.0090706028847418
-0.5719149918254312,0.43333952405522
-0.2227268370107076,0.8517364034776771
-1.0582944706713366,0.4344317517850709
-0.22321439060325599,0.8495326389903634
-0.22189181430981986,0.8499091439701917
-0.4666785009878316,0.3029118469667259
-0.2632008501370242,0.8493836155062072
-0.22262132421494663,0.851663077498987
-0.22649770607664532,0.8515448252405758
-0.22685427937724256,0.8515398442598144
-0.1789749177495379,0.851663267910961
-0.22353730857952936,0.8517130620915642
-0.2222601076155657,0.8517031979403239
0.6607857592327173,0.3031030524537008
1.5532142832702587,0.6702090973816576
-1.5352173145011996,0.737358513025113
1.243157730816313,0.30058135412172254
0.7201446499372428,0.39609872198210616
1.9184040546389018,0.7803132803913263
-0.2585256621270293,1.2787978217192812
0.08281946689330213,0.3723097886893621
-1.0244163418408085,0.8661657888803174
-0.2212622104123998,0.8494762661219875
1.2520425223021652,0.4860027379091517
0.7710160072387899,0.8710824372938832
0.4113678526317914,0.13378678612818332
2.617491233264954,0.45211946585227886
-2.003282834350176,1.0041469591269632
-1.3399651444880485,0.9414615295101182
-1.3450883058114638,0.9414934240470832
-1.3450883058114638,0.9414934240470832
1.1773900494461975,0.36650662154363134
2.052964471426959,1.0250045825145677
-0.2226918156456641,0.851774898171111
1.8146574746694086,0.5306604495731693
-1.0745938982623322,1.0848224774016535
0.7237307343832607,1.1471959260366427
-3.071337381470729,1.4160360521000481
-2.434518376350044,1.1436071158239587
-0.5640424819155347,0.3422270435711808
-0.4190631825750408,0.9196887130818799
-2.164058543518099,0.6911205743004264
0.8906805764374174,0.5776056143590301
1.2614060609853457,0.2390836278600679
-2.42706548286109,1.221759458607653
-2.9519168241815255,0.9987309848561258
-0.3602108755215774,0.5377498697725704
-0.3602108755215774,0.5377498697725704
-0.3602108755215774,0.5377498697725704
-0.22139862514269204,0.8517883480662601
-0.22139862514269204,0.8517883480662601
0.1279160802221051,0.3955200596364349
-0.22221253807916863,0.8515958484589423
0.5702572192040433,0.9265804499938978
-1.3450939737991128,0.9415171765131755
-1.3450939737991128,0.9415171765131755
-1.3450939737991128,0.9415171765131755
-1.3450939737991128,0.9415171765131755
0.6268415461134904,0.9198846838878016
-0.25957205718938337,0.851644303536475
-0.17578215043640633,0.8516390222094873
-1.88688738898158,0.10560845295690816
-0.22537887894508657,0.8494767773039092
-0.8341257242344069,1.0634135691111812
-0.21956594030208532,0.8517076961830752
-0.21668958689257956,0.8515749884757863
-0.21668958689257956,0.8515749884757863
-0.18156682381754585,0.8516339046225059
-2.2994343983419485,0.6435576818121354
-2.996909332882639,0.9647815355836277
-1.7181269422791168,1.4083843430459806
-0.510563136564655,1.2748696394200212
-0.2181684501508947,0.8517216320418848
0.24888031522156315,1.5130702436686736
-0.22218633717525815,0.8516608929616248
-0.21981524429350596,0.8516281385427872
-0.18918302943392717,0.8517803294622366
-0.18918302943392717,0.8517803294622366
-0.18918302943392717,0.8517803294622366
1.5044538452425067,0.9758747378416781
-2.9101502660057337,0.930713945011887
-0.2186796349193969,0.8497707823213507
-0.21983895503127826,0.8515999714547109
-0.2218316917296157,0.8518034496106902
-0.2218316917296157,0.8518034496106902
-0.2219578250519838,0.8493429631264761
-0.2188972079522271,0.8496641877581985
-0.21979915390158666,0.8516563416827467
-0.21979915390158666,0.8516563416827467
0.5238853448106032,1.2110493109708032
1.5515009792511352,0.7989348630770082
2.188041732929812,0.5242120357143257
-0.22447349150245444,0.8517494949679899
-0.222040951633371,0.8514950962694738
-0.216543460297709,0.8525641836802098
-0.216543460297709,0.8525641836802098
-2.0308495488427827,0.4731912232721358
-0.26343278966904204,0.8490889688484047
2.3731053487730573,1.4025351552692364
-1.2127142381681786,1.4798467721254034
0.3636819296557598,0.6013490527922492
1.5294007925689985,1.5520197350633158
0.03187751611547074,0.9019209087374497
-0.25745465861226524,0.8517373447626846
0.5744045359638731,0.47018676993713127
2.319438627490749,1.4377960687804714
-0.22155102452158282,0.8517748298809314
-0.22165226357639956,0.8517237283095073
-0.2670714511157799,0.8517828571994782
-0.9084192823898114,1.299675441206137
-0.9084192823898114,1.299675441206137
-0.2209287788723211,0.8514857110354513
2.3763018798697453,0.6392029168733349
-1.0680681842771111,0.850880195236731
-0.21855445667605,0.8516416879211963
-0.07422130800739168,0.37274217642997304
-1.3026184944665546,0.7722326063659649
0.7638484149492443,0.37337834740939513
-0.25887503733992556,0.8515720499849339
-0.2199286171851096,0.8515038251543392
-0.18130950744016694,0.8516283169603771
-2.7810190386765843,0.6377585459763886
-1.3991692756415635,0.00044209090419285467
0.231684639822541,0.23742507073738822
-2.997119520480267,0.9549724701890787
-0.22251369722742176,0.8516435762398821
-0.222646330976767,0.8516429811880025
0.899630117283428,0.044663625847934124
1.5653960853956514,0.9936165624630731
1.5653960853956514,0.9936165624630731
1.5653960853956514,0.9936165624630731
-1.7805604430324529,1.0105643142419671
-1.032432688394394,1.0158887026514547
-0.5703530586633621,1.425685767112404
-0.4913535232677484,0.3029227216269441
0.4068260150623666,1.306729858963439
0.4068260150623666,1.306729858963439
2.32226618398003,1.535087114838597
-0.2203724982841031,0.8488498548949818
-2.6271287565316745,0.8425615705090183
-2.7266735459645224,0.44486464507743867
-1.3566914283566938,0.6678584540559616
-3.1227032225380316,1.4535850733306945
0.023135728581400568,0.5563818140512238
1.0613735337884636,1.147801997963779
2.302361882831218,1.136363690145679
-2.4453990444693123,1.0600083400930151
-1.5937546786638386,0.011150714665519326
-1.5347116445099145,0.012248817653232425
-1.2220649978359965,0.03392726140404533
-1.2189306773876236,0.09325051786565147
-1.501652199595056,0.37632352999188734
-1.523461543039767,0.39188653396918455
-0.9965102808365964,0.0014049900478554354
-1.6117097533437308,0.2076966050557308
-1.0073240499937448,0.0458784034570765
-1.5791375461783872,0.32196331118379956
-1.4897475996554101,0.34791538753359297
-1.5555392402503792,0.24946718219276617
2.7911669008154147,0.16173481364550346
2.7508716117099956,0.007411346743121477
0.17074410628156197,0.3387475608238117
1.3356713877303936,0.31695033772112685
2.0799888638590254,0.2818546753456076
0.15924674983404927,0.19780301226532843
-1.284482335210444,0.16903028991883973
-1.296685095563971,0.23413107101822822
-0.9928887226387078,0.680237227827979
-1.1110184241778578,0.42118673360072045
-1.1050115826689106,0.40120271366538546
-1.9951295011860175,0.990425869138671
1.3001670817039246,-0.17335836694688336
-0.006268818602985782,-0.20322200001430113
-2.5244868507631573,-0.13252580220410265
-3.0517727625158946,-0.11590644812596117
1.317821718433151,-0.19068660347149663
-0.6510379581841361,-0.7764386180227053
1.5047518727782216,-0.40789629962498625
-1.1494533203210393,-0.976039729773292
0.5053167020875824,-1.160648113146599
2.3024567598408074,-1.2058489650518163
-0.9538256680950612,-0.30300381948177907
-0.8881522834799025,-1.146402555785131
-2.8865669320438574,-0.6547178878807454
-2.972586433422419,-0.2827630377864983
-1.8037960411706386,-0.3720638248862887
-1.982998567278078,-0.1723359042715959
-1.550737157309129,-0.6809865878883398
-2.232149692152481,-0.9286105524183225
-1.5068473231530168,-0.014406792800614687
-1.566365309182606,-0.8639540410296227
-1.9432515913423263,-0.19719653681782015
1.7075825307042736,-0.4727294654780464
-0.5753559611108727,-0.2537322544979766
-0.5777989285844054,-0.5537954089551304
1.2037094790780003,-0.09667647456372637
-2.1002810314112876,-0.9319355490059961
0.7654022145684589,-0.056434346540196675
1.018695321767966,-0.320572823970636
0.9991266703757234,-1.3573751340457323
-1.7528348074374458,-0.6010428591636628
0.6174793076028596,-0.6810583739508497
2.518659154144727,-0.5548243866670577
-3.0022854052423424,-0.18806124166406785
-2.824698247794593,-1.075229190802248
-1.9988571313744083,-1.1620421788244957
0.2779187283228656,-0.5797853166635469
3.123720846197623,-1.4840111929186264
1.4113918103007168,-0.48915359851532936
-2.2954786485330114,-0.615324996150796
-2.3813611807134185,-0.7057458098907824
0.6442256952974271,-0.3185330454608986
0.6496718052519495,-0.15450770353505355
2.2779903120390257,-0.07650983376296525
2.365544169955736,-0.1749196115396421
-1.3463828658390966,-0.1313618160783284
0.3243225914435368,-0.8274707465818968
1.3524279553663716,-0.41088321142855955
0.6167669619033542,-0.6078100486193426
-1.289762528236328,-0.0767803832582849
-3.0979059296867337,-0.3665597345300735
0.7592624645857605,-1.1956929296486016
-0.7816349180694875,-0.4354667987610835
1.7811177973155985,-0.2895354406645771
-0.7682568491781252,-0.25194387642219934
-1.9987204788788162,-0.5248653320863511
-2.1141175700352823,-0.036309651225871965
0.0394493574804969,-0.20989720269073986
-1.8841160194175615,-0.3128533078511496
1.646211345599284,-0.15507167947466305
0.3910906535548966,-0.0018719343305955815
-0.7938967985671788,-0.15145032294258653
-0.9924130915363616,-1.0949498327235525
-0.13157753311076537,-0.4494547416666931
-2.7735055248603047,-1.1041086570004501
-2.6051924490047496,-0.4664942256810454
-2.8423036660031604,-1.341957780413812
-2.822032255260683,-0.35836085013808217
1.6964489992961111,-0.4436707551227323
1.8855091205616226,-0.4456914758745575
3.030631149272102,-0.7448988224086388
-1.1253010993193824,-0.30883521629981037
-2.742344352177021,-0.3719829263918462
-1.753525683985191,-0.33115428070267866
0.5721180865501116,-1.181516581847523
-0.9360417214389418,-0.23899960281611407
-0.7227387681926594,-0.5275714096686084
1.8062251316734677,-0.11371284924237364
0.6496525565334074,-0.34250243482484105
1.3177694100999122,-0.27265621576923105
0.8664790730067264,-0.5829361472833947
1.8354685122207257,-0.9317191991690376
-0.6629114423512856,-0.11361620078056067
3.116317679929417,-0.10498923540427359
2.5205775237036576,-0.6959053770357577
2.3358678172669523,-0.9803481025643345
3.01978774974806,-0.9578063574352091
0.0639009813347856,-0.8459833860997074
-0.5939837573476261,-0.054621490997614285
0.4512933889244907,-0.7947705457383357
2.2930212862824444,-0.6735436395476513
0.06060682707346103,-0.3968527845063155
0.37008413890366704,-0.9178509931365842
0.39063262357092166,-0.715186132080871
3.0185983017024953,-0.37324373291450175
1.613189346143892,-0.6461047880338868
-1.1978432383213873,-0.34285970253678205
2.9769041680449764,-0.592829438543952
0.1112190711222167,-0.9935732015966099
-2.9468086428942866,-1.2406547071797207
-1.029832779110584,-0.3408821118634208
2.6927233552066485,-0.1586828972861061
-1.9942839634110507,-0.7267127391700731
1.7447668507131726,-0.35921368147968324
3.021670790726805,-0.4176544432933875
2.881126227152435,-0.39858271077278024
-0.8784240480712127,-0.7127462034139163
0.4038016019280295,-0.1488972849925355
-2.7155286225523834,-0.1313161524841548
-1.8817571885650324,-0.22305512945563902
-1.2238418474430484,-0.4096334737007144
-0.6238822691791848,-0.7755595906543682
0.870256442085917,-0.4380500515569702
3.0908193318307586,-0.3629562738785363
2.700126478886547,-0.25382919251684105
2.368021711669333,-0.9740858632076275
-2.03401947635695,-1.2478146813228346
0.2915151653160781,-0.5269848633281348
-2.287506766730226,-0.34474651262564726
2.9418363821162137,-0.6949878056717528
0.38926486413500677,-1.0799142226054925
0.3606454643050475,-0.603674311536579
-1.9227966444202522,-0.56923776581571
1.4261598978144379,-0.031540170235937054
-2.875439529958866,-0.7386744559564127
1.7656830812102295,-0.2349676167849733
-1.6968320842607154,-0.9002329542164803
2.4030199083691817,-0.8095632644259076
-1.2586248749901223,-0.47611038860332827
2.1893739877231315,-0.5696087931224372
1.286037620892196,-0.6168527278751907
0.3470134031698774,-0.5691674134008389
-1.8160072907638494,-0.6789165702847998
-2.94924328077869,-0.11869308923840938
2.2898425431426332,-0.025755557415500015
-2.244244662216908,-1.243599643027717
-1.2825057328229832,-0.5783728574222696
-2.6118279878257114,-0.3632986107843898
0.6835390222730648,-1.2854843206097664
1.200378278760425,-1.1686074643708093
-1.4959816860319979,-0.9228311294670807
-1.7698169021019767,-1.015127146206463
1.681839129219991,-0.660779490710577
-2.996308377560811,-0.4073914877605755
1.867619328357623,-0.3176561222072834
-0.043644078903002814,-1.0301603194940205
0.7876583929772938,-0.41086964260045944
0.3950369135146925,-0.2561567591039281
-1.2891187883758013,-0.03707534250980726
1.192539620555814,-0.39239189458429974
-1.536753589485416,-0.8645414596933522
-1.3571275075052158,-0.2524572357645038
-1.1738323101170618,-0.6747128322931405
-0.005439957222483471,-0.014503306706909802
1.986877002313161,-0.9368326687618218
1.2952386585421474,-0.8611342594689213
0.5750435883486562,-0.696417550365239
3.046095523525962,-0.32271801431601194
-0.9946363563312683,-0.48599364338194273
0.978808869355359,-0.4714294834995458
1.278076089683556,-0.08728631531520595
1.357606874629085,-0.03892645889063502
2.185740952068284,-0.02851028057509191
0.013408490748551752,-0.4605816962649966
-2.2484706128432874,-0.5841011525885995
2.3029577133786483,-0.5648839809315339
2.04549251653794,-0.7991225852979268
0.11838993700453165,-0.8593814141202556
-0.42681617719097265,-0.19290159718182898
-0.584730901557676,-1.284562465594317
0.3850112330422722,-0.025958117739585115
-1.1311876661596134,-1.2364490385633498
-1.347148065908499,-0.5940144487742135
-1.3848829429732268,-0.9809613978200086
2.6092601236089736,-0.7159120993336168
0.28444364022490687,-0.6216714009949368
0.06046967783301213,-0.6584198356370097
1.3727206522503057,-0.6697510221114132
1.223486804878806,-0.09008205904843027
1.9699550001690254,-0.38271725778942733
-1.929980053786255,-0.9356661348531031
2.144691123064391,-0.9097460626430774
-0.5616417800486477,-0.501388060062187
3.013978670635473,-0.3039166214689661
3.0322316404956604,-0.15467381348498752
2.3929056496839727,-0.5132227848046399
-3.0854628647606326,-1.1875003772840391
1.3344979906666474,-0.4115719841435951
1.5680625341151833,-0.05377631579518814
-1.0731660952651314,-0.6884409991282002
1.539382965554473,-0.5090758425583669
2.8423895911088404,-0.5571064083948352
0.08155210786155023,-1.3591291146759987
-2.8880501244253614,-0.09629078487768762
1.4786325586656976,-0.19531225102467678
2.0559941115641087,-0.5469004884574287
0.5011507280612217,-0.01463422490776642
-2.8831192984559344,-0.03447358506940277
0.97342417215685,-0.284972801974475
-1.0874980648353878,-0.13489405824037748
-1.649155427794903,-0.716889583838046
1.4963074377141388,-0.42943554350795293
-1.0988510369540956,-0.29731722882103157
-3.113464230986232,-0.33797215399661135
-0.8000944401460925,-0.26850672235910444
1.491158127566656,-0.13950754705818444
-1.8206494063181067,-0.03937652734628872
0.5381463956240615,-0.9199661516094298
1.7621676826397916,-1.0755334013846818
-2.5480244396228606,-1.389114905525215
-2.104246331224048,-0.4279133146651062
2.595239761800241,-0.4445800768647597
-0.10505725778571673,-1.1055128883679894
0.6377354113551044,-0.012573105157550396
0.5891569107523853,-0.581439447082667
0.765992292891318,-0.22184444936470504
2.5200951198073875,-0.5213045893383649
2.2080346320291664,-0.7835754550229962
0.040180797660181934,-0.9174269386370942
-1.1893989488403225,-0.5924713076834202
-2.717721460896813,-0.19461223897477606
-0.3533803140139167,-0.8934945742495288
-2.113976058341832,-0.4726157685904238
-0.2510131379607152,-1.5376266369328422
0.06999960940701251,-0.8299756359500379
-2.9611195608693244,-0.7730728570189472
-0.18587306468459275,-1.0190754386567702
-1.125826089442823,-1.3514694261264188
1.3287552079232932,-0.2825747428861601
-0.5323657580153522,-0.5716566157756531
-0.19281244221025773,-0.8083646557003485
0.13474072406156334,-0.8627283913605327
0.8291381558698239,-0.04311797373209207
-3.047228803458966,-1.1952974397707734
-1.0702372086724488,-0.8833131424436149
-2.305573023225257,-1.272353958492562
0.3157946427848151,-0.9658418913802777
-0.9062018302080332,-0.930358371951489
-0.1616895987883593,-0.4888184263195583
-0.6194329586989351,-0.27755753897123636
-2.3466309756750965,-0.5330641870346055
-0.26682415100145285,-0.655010559193639
0.2576073686884671,-0.14683804240538514
-1.0094452824863653,-0.06273762011166571
2.238230756224524,-0.2201391219408915
2.710312219594482,-0.13399209023078157
-2.2111554742363486,-0.8550710166271805
-0.21525347396138006,-0.9900825288110328
1.4036073579536137,-0.44922239120604346
1.9358662530360597,-0.16798690026563834
0.9466247937657111,-0.8861052241069377
-2.670294812591501,-0.7116460434549821
2.9462758932954003,-0.48060759733452935
-1.023031961159388,-0.5356171510905882
-0.572405726400186,-0.8708301797805796
2.6761282181090644,-0.12721181824955793
-1.6536377017455903,-1.0127814212150361
3.0141144367742507,-0.6568986024865642
2.050280900972515,-0.2614654418217258
-1.2817225827919776,-0.6316693866325895
-1.8403658712600581,-0.5646681787782717
1.3666162994188795,-0.18429724987180335
-0.3092271883371662,-0.8692145937260705
-0.32865259325386287,-0.008471467071945387
-1.874094405046228,-0.47742135325157503
2.9146134032276363,-0.9324887857599838
-2.9364052509331735,-1.1524580430002118
-0.538567491608605,-0.00995541915264084
2.7330166445525563,-0.19533002778862715
-0.1714682627617785,-0.7054441547717885
-3.0361483999349854,-1.2550688481122396
3.006490850080535,-0.24014027446703007
-2.9745445767262133,-1.223282081075191
-2.970495528841964,-0.3323782932466689
2.637828975455094,-0.2489418249713951
-1.0803446887376387,-0.14435307029690023
-1.8556735850422816,-1.3057977929680393
1.7013904551233336,-1.3381928605158562
-0.25624008967025524,-0.45629791833941574
-0.9088728694675137,-0.5915204317935954
-0.39169378621972584,-0.21875252625932948
-0.579843535043624,-0.4576456637877088
-1.5845524278067415,-0.0022692966984712956
-0.6001445625399819,-0.5932785637283174
-1.9396703703730704,-0.7069480517050444
0.6270380063949773,-0.5380659736346496
-2.6666273215731264,-0.08428820844736298
1.7756616298083656,-0.9617410174975025
-1.3257904188650818,-0.3313506101400759
1.2200278240157258,-0.3649005060389511
2.518959142384815,-0.7999713435291455
-0.954996464941309,-1.176015416700376
1.3911568072745508,-0.7047590488945982
0.9366371339576415,-0.13480158950670626
1.6151016499903053,-0.03337177875830556
-0.2709813702634678,-0.23500781155522238
2.406642713887194,-0.23627792158705332
-0.21780992048347247,-0.263162813142141
-2.9945335939124664,-0.45291679722988276
-1.8756035351994438,-0.09295291060212775
-2.9168462806860926,-1.1864736452119735
-0.5059807325665444,-0.8386276146950334
-3.08804514617148,-0.7476477784453361
0.922797912894033,-0.26328878302975334
-0.7137361341995598,-0.7544269740026794
1.2803632930791367,-0.7254868589384078
-0.5745723021826592,-0.8132715005426445
0.796742117883901,-0.7703352063725922
-1.6001487563505128,-0.14298418271597108
1.6624907406876002,-0.3312005101615029
2.9817027378714855,-0.006830580884343787
-3.0231010452956126,-0.04976824967217653
2.2360258790824545,-0.9649411026291167
0.832169202683169,-0.3179987713454501
0.14367335013252092,-0.27629245070974884
-0.1292377200368735,-0.6705528805407281
-2.2643427296700365,-0.23043863878506887
-1.7009300625923558,-0.7591649088425193
1.0964589199658619,-0.2800628785958677
-1.2203461431369549,-0.13468653595979688
-2.5111447758720993,-0.20726041057904782
1.2904953203151532,-0.9894765335398755
2.9673738747131626,-1.4003769009100555
0.11866880182686637,-1.2338638557236665
2.4970707909144285,-0.4239323418602604
-1.6294768407210976,-1.070068549289671
2.9322778330009376,-0.4821180241287955
2.586483385190184,-1.2072965118135988
2.749718055458141,-0.0015300424149902727
0.7092793191217782,-0.6733897501385037
2.3550759664944585,-0.26473371670875395
0.7513722017254891,-0.5721680120489785
-0.4888434897368823,-0.3014765177059796
2.314681825334163,-0.6038447656684155
2.862003701141399,-0.029134514020144598
-2.4504609882303514,-0.648926146279461
3.090977585977011,-0.6670193103286629
1.3665592134812674,-0.9658914741847848
-2.0010518865400924,-0.30579119988081677
-2.2376136118912795,-0.7012473145692348
1.251866584687757,-0.1557303136439981
0.6688719478108934,-1.1719697796993624
-2.5689688660537673,-0.8086917621760692
0.030513682304679626,-0.31180314995734354
-1.8482595374579462,-0.3885980139614595
0.10075177887654593,-0.4526483291564066
2.5800239001894325,-1.2691648904259585
-2.3517862171775716,-0.8304646689420682
0.4121127930698174,-0.02995040130241747
1.2785655786026067,-0.1633096270406365
-1.8591455358621714,-1.3731449836083027
-0.15182303881888704,-1.1124277876870343
-2.2868823876234643,-0.899082660122121
-1.004795132544701,-0.5036869440410751
-1.045398127733704,-0.0330609077429411
0.5137635463578238,-0.6487441799692228
1.8188084118260217,-0.09366143547637605
-2.5499427034585347,-0.4215191469795471
-1.4689421022373272,-0.506335500865587
0.7629263366174063,-0.5850117048420901
0.8176977803660039,-0.21793153217602598
2.8417345406117045,-0.11141795058150838
0.6914975657540049,-0.38681429389514016
3.121692174489305,-0.22093709030161177
0.6676573290381745,-0.8325838653701605
-0.948343322806279,-1.230476286155994
-0.7891699824705425,-0.6077264860146884
1.3176792235844188,-0.8227541241783838
-1.958589993717439,-1.3620075014502229
1.1640757581475614,-0.47152014293003663
1.0386428862928885,-0.6191540795680244
-0.9752490863308143,-0.43120858285265834
-1.2274944235165446,-0.779898154761073
1.6384890087696093,-0.3921911288337468
2.780168011304585,-0.5307696017820192
2.3077015872590607,-1.3050487998398945
-1.4984357973022249,-1.1232740689630836
1.869885235784032,-0.28236490938914843
-3.0933383601893727,-0.4828618766239283
2.233634322172093,-0.055541709802411396
0.940200159269536,-0.9614201350259921
2.371506078407491,-0.5517134858868303
-1.5484018542721856,-1.0808502590750557
2.283356183284259,-0.7569106358670489
-0.899402310318405,-0.3040661294100574
1.9233452338831183,-0.8809103997016104
-0.8560134804035329,-0.867333070360035
2.3391809534593886,-0.20312103688975444
-0.8612264545877979,-1.2126061595083957
-1.4248090705776306,-0.8735225218255592
-0.9552900681190861,-0.7535490772348669
-2.093260522461911,-0.24676514321956636
0.6591158695253434,-0.8008064545051021
0.11119757908529554,-0.47565137661596985
2.702304966099207,-1.2342212277570288
-0.9504967675340161,-0.43950553074652493
-1.174349791056966,-0.4672293871030492
-2.310658565754204,-0.7958613047683742
2.665975991897888,-0.3764586552577595
1.1217655807054763,-0.4139469617758618
0.6676491596639572,-0.5360211252379711
1.5082677045115518,-1.1292170393277274
2.121870633683348,-0.40222326233879585
2.4272006308474245,-0.8960607466094089
-2.346143112101862,-0.736611349990516
1.7601313540068144,-0.2578685443965621
2.7120842765349806,-0.6378510786279065
1.593634233387265,-0.9689120526434026
2.8222350879151037,-0.7422344355566484
1.3582181293329436,-0.4975398001464495
-2.2474846435560014,-0.3492622627856001
2.5501169691309675,-0.2146957314230891
-0.6327762100778163,-0.3102153987039487
2.4815945715102226,-0.46739450464547616
-1.7682783156955262,-0.8966992319335468
2.210914765340324,-0.18520691941015544
-2.5606435653870943,-0.3492178547371397
1.0226407653883605,-0.7029229259436619
0.49742987689083057,-0.18012835024559617
-0.9204152138401165,-0.844679943177189
-1.3702811458451212,-0.6244400028966046
0.6829634317970554,-1.2902016592118564
1.2091795505807312,-0.7578215741464587
2.9180784766891863,-0.13519107248909992
-0.5541726522656321,-0.10254032287074664
-2.9413984152304504,-0.46692082012385966
1.8570740184037138,-0.53919444399141
-1.422497319582316,-0.4414377815390868
-2.4228515479057218,-0.8466363103392879
0.05945759887483714,-1.1647428919608769
-3.065726663042884,-0.4048574827137431
0.5649347494321206,-0.5104714286734205
1.465400045966405,-0.5027147343146118
2.6733494580702692,-0.16250132665234596
-1.749735527624865,-0.45977334078915233
-0.15636645412210193,-0.6359803551378472
0.8715203387423962,-0.25537182771663125
-0.2834403858310406,-0.5129386628556616
-1.396887974713815,-0.4015606440859979
-2.8648862209550376,-1.0742300796257223
1.6677968221972415,-0.24027288992743506
-1.1235562553946723,-0.46335058333483253
-1.5509416808709409,-0.4007773678650391
2.05464766967724,-0.16462095810495186
2.9783289502766768,-0.6802018631479284
1.4975018279658876,-0.0562437470453293
-2.1610066154180414,-0.9699449991474942
2.9256613920183616,-0.3436546761480803
2.5187777434940384,-0.48606939802259536
-1.2717905482519756,-0.4316896220172768
2.7202988208097008,-0.8472945541614656
-0.44448694258208565,-0.6177987149646974
-1.4186240298206751,-1.0538048578242885
-2.988202018601515,-0.8464823453385829
-1.2957974151573008,-0.002700299983128184
-1.586822112119921,-0.057882194439855164
1.9410787165788028,-0.0010261822630920827
-0.570222120311815,-0.44967252636643784
-0.9664079499394891,-0.509973574932922
-1.588112424176753,-0.5354504853462827
-2.9181152171410334,-1.2585459379205035
-0.08355330809554662,-0.8705691731902827
0.39956237490372726,-0.4730781379227436
-1.8561941262390116,-0.10021206511617547
0.40688285651111206,-0.15073213859396148
0.542071192046113,-0.31680111977397024
1.5701294866447486,-0.06889153970047811
2.9581402371140655,-0.4581488027888518
-0.9576584564941752,-0.01264664939471761
1.552567260870282,-0.029798341031330715
-1.3172558256753248,-0.045834162850091634
0.9523269846308378,-0.6002269368076733
-0.7515850499191936,-1.0073545257673016
1.9558224447996844,-0.06838509538906497
1.6532803775658016,-0.14673871479573133
0.3676515856674671,-1.1722767317143228
-0.552720840193965,-1.3205075518550418
1.0643695004887566,-0.19383086025575547
1.9214586099984197,-0.09802391955887373
-0.974851405667934,-0.7198248866749104
-1.0682171837627976,-0.43835066870260975
-0.9044549607183461,-0.8353446715485254
-1.2270732916576588,-0.0952351876985256
1.2945696124129316,-0.44042927129678405
-2.7386023980705123,-0.5726656397601668
-2.7455497498236308,-0.03722676609969466
2.9410686195650095,-0.7843775198485259
0.7600358143549616,-0.07439296553270658
-0.35044976474958656,-0.7583900480731504
1.975117384360009,-0.48838917426054684
-2.830323729811254,-0.6754330615093933
-3.1246887305801003,-0.15672041952485685
0.07227515904398851,-0.6186660187218354
-1.3391143359671807,-0.3392829311714144
-2.3881446675570306,-0.718407896823943
-0.851804606807943,-0.11342462254866825
-1.1846776961424048,-0.18647389978234558
-0.9884881174308298,-0.9439190544741207
2.1892509644683487,-0.592312748658981
2.1269966461366914,-0.6975111238881362
3.020560887068792,-0.29627664168507684
-1.2309002900587354,-0.5181808767194013
0.8642354685126791,-0.997232887259171
-0.28553813311047804,-0.46626072746659225
2.783498234128083,-0.7591311982833316
1.3413004621330067,-0.20703472315062582
0.31418357639859834,-0.42966735823254604
-0.6507814491483392,-0.5667984641341954
1.045236561642933,-0.08061726904284854
1.679537502052757,-0.9115546057008055
0.3125367291585412,-0.9946120236161079
-1.1564164873281362,-0.33691478772432826
0.7524674879474573,-1.0563476579909599
-1.44092831582444,-0.7657831021010055
0.9856411434678893,-1.254104814728265
1.3239912749588931,-0.5413701191406912
1.9556958599239203,-1.044020726136789
0.06890044931047946,-0.13894052368538676
-2.4336700014546837,-0.03363428692302694
0.20105915194137838,-0.7294314546656576
-1.0110950095222737,-0.007860346338668597
0.17763883211818807,-0.43059945021408513
0.6723936988226417,-0.08233481225024515
1.160111143889359,-0.8232663017903235
-1.7889916905293521,-0.6888776584694385
2.6942471456130797,-0.42293351681852576
-2.378799221087496,-0.867304621526747
3.080019884042464,-0.5672992009360905
0.7873824408841382,-0.584109277678741
1.6137508950441068,-0.1087046335131126
0.5970132185469408,-0.6564785499936183
-3.006873304489105,-0.9167971031315932
2.7258661470501897,-0.2148523106774391
1.5694899325386737,-0.5456694903873616
1.3255176921603595,-0.3943639213689322
-2.7757102484508933,-0.05342264149129983
-2.6567300050623777,-0.31924627632402086
0.21002557245431605,-0.7145784013351439
0.8325251139161701,-0.44919146995824755
2.8792521578725925,-0.9280202795768925
2.1159584647670395,-0.3229755026480358
2.7567362696503226,-0.8243239921014098
-1.8752648376143295,-0.4662127059089546
-0.7119472847627142,-1.069162016695424
-2.7497226146957656,-0.6101723720567905
0.9751628510933472,-0.4053566511832331
1.1581299422173235,-0.9060449188517786
-1.4693674262115088,-0.7593578087220689
2.8090419175452177,-0.30847555621954625
-1.8117876337391747,-0.07526475626000602
-2.486620897789685,-0.2234838149159251
-2.134792843995939,-0.01293235417303614
0.37962791965648746,-0.22240114591619053
1.9744806021639882,-0.49903695696872846
1.2402374161799903,-0.10692262316417168
-1.8978752602129525,-0.1839911809521272
0.9844193732308133,-0.811312184502974
1.7227810065808657,-0.8643848897544739
1.0789889462469167,-0.3741819578656789
1.4925490649377264,-1.1695105060653275
-1.0789352370567995,-0.9411907694548675
1.4764572807856688,-0.5864668825896864
0.7481524643171632,-0.723832721785079
-0.29977284165168605,-1.1830440553848134
-1.0211415371054748,-0.047655307278304186
1.4637515832620647,-1.1210426716052262
-0.2267352301179164,-0.6168426508703468
1.1643706834611218,-0.24603540266363205
-2.9628336016635375,-0.17918724694558907
0.17336571186244207,-0.06416660934618508
-0.7790674272674227,-0.4824997259738493
2.322801548911431,-0.5097117683876692
2.5752134713582544,-0.6747344759129794
0.6940362458601035,-0.8211953182221227
2.6687043828043224,-1.3288423848147666
1.452134889013682,-1.3082685510245855
-1.8822381146836937,-0.1705931639197258
0.5794747058273493,-0.4788941093396618
0.9156821390401982,-0.19322171020301449
-2.369652997254789,-1.0528632184811484
-1.385342182370339,-0.1961855649881905
-0.8293466605717787,-0.26472080018746996
-2.061920917197247,-0.34627537535154185
-1.1180662942020971,-0.5300414967024542
1.494708576465586,-0.6628550136013944
1.3422263483228072,-0.40039300180378967
1.9691275121619356,-1.0604279200359636
-0.08696035795799606,-0.15773046441635566
1.2748096844405685,-1.0414402242126006
2.377372164166269,-0.41713177415280966
-1.1867065950881202,-1.3501070541760403
0.24164335357316089,-1.1915720729301909
1.0678408234806112,-0.3728789396644561
1.987991466410029,-0.5592918392740751
1.0887671858362138,-0.6586503292264805
-1.5068155032751784,-0.7217679124640952
0.24320457449896654,-0.4378644045060594
-0.7244075899443825,-0.495630995176153
-0.17276426503346887,-0.32506795282379847
-0.05821333278250318,-0.10714449517036027
3.0226983449994793,-0.5455149840268703
0.01151500530473601,-0.4296148613093765
-1.3474645173202102,-0.16159808420747745
-1.9858010159177848,-0.8041247167908444
-2.1637039702528575,-0.6236900616752229
2.49014560626299,-0.3015611217674902
0.17137196079611855,-0.43939648244490775
-1.1391497314979224,-0.38715385875162944
-0.1150012778806273,-0.37370588888307893
-1.0901046858117276,-0.18315805019046458
1.9908935795146272,-0.35719271094657973
1.7948415285822756,-1.405576740972023
-2.180756345944464,-0.39366528746250457
0.007204985651102357,-0.12131720596766189
-0.6095243469559399,-0.20722041295884516
-2.0789179689995594,-0.5145734638431506
-2.8421199787790083,-0.7853956404374741
-0.6323258304155805,-0.3059969798759993
3.101321382586402,-0.41437978072011933
-0.548773345044598,-0.05174128586716902
1.6257592331826052,-0.9474613944949931
2.463381066395143,-1.1121966557987442
1.4874849999624502,-0.006634593272531741
-0.31651818744387583,-1.009032120768562
-2.953445159482061,-0.24527167339565525
-2.450633995918423,-0.6389150340364966
1.7369487771567944,-1.2314906702663524
-3.0091905687563125,-0.7157860015554965
-1.3745025629719745,-0.2846449067176653
1.2678504866606983,-0.16704281333455268
-1.3466766161980495,-1.098633994485985
-2.473117658900603,-0.508835190452777
0.7090258950577547,-0.1772439876523267
1.4851352080889781,-0.23124236262021702
-0.7541160927702801,-0.31454449259672923
-2.840781238265156,-0.8565401095383158
-1.1117893543264392,-1.3123824654397067
0.504505239893292,-0.008658036987660475
1.8380685470222466,-1.1750017099151358
1.347601954946975,-0.30076793120874457
-1.2762600595015785,-0.3468346391715889
2.263386190257966,-0.6143704317017589
1.6847805402706344,-0.03680405332358831
-2.337343837307466,-0.9214545064128611
2.683181283214338,-0.4746895686290479
-1.7488611302932195,-1.1094231862310178
-1.503630338486973,-0.10875420553508001
-2.744924460446552,-0.24965508551495832
1.7326845045245658,-0.5346465020971717
-2.2102171954553134,-1.0912698767553786
1.7340878296149365,-0.07989709605448753
-1.611416243590864,-0.564099475474378
-1.4105348339898933,-0.7358919911668815
2.1770474188447952,-0.7199886948410932
-0.7010811269209025,-0.9149150546352292
0.5093235710567496,-0.4010563019137174
0.26623054059467954,-0.04536078181729911
2.0548335776676803,-0.4961319759608853
-2.9222794299063013,-0.39274147603566495
2.745712914892987,-0.20156696116340167
0.1478798744593615,-0.037368393301658885
-1.5860558777157836,-0.6040336249624367
-1.3504470428690487,-0.600760428926328
-1.1066121700847988,-0.8589343336621794
2.3360223642463684,-0.28390310281927095
2.8590141409448337,-1.1592912482158644
2.43836442618774,-1.1104301100367695
2.681372147432233,-0.9195046445104738
-2.5687450654813233,-0.8050310413329083
2.1296499858118563,-1.1084987661637267
-0.7357387395179753,-0.10972330436519835
1.8833230058636727,-1.23466129378651
2.76656609566291,-0.24528410920721333
-2.364838435421947,-0.3162302054695115
-3.034670152972528,-0.5724969412292943
-1.2648690941585183,-0.41875031533647217
-0.6638036616849448,-0.684735903154227
-2.74309441121692,-1.0506840467163228
-1.9677721857784087,-1.233285348725641
-0.7199341072163925,-0.84528240747794
-2.9550474133192903,-0.18281392113104716
-0.4713920063269512,-0.6356973426194178
3.009216523644394,-0.19225624821287007
1.6414489609493887,-0.013789679690196916
-0.6054884474684998,-0.09732094787701479
-2.8568179673049636,-0.5295299983989661
3.027017184177874,-1.3145411320143592
0.265628279944536,-0.7929776867340628
-1.2685793461524009,-0.126203044125772
-0.6992211532745056,-0.8064694472364072
-1.2171221885468162,-0.5597645098531486
-1.3123690609084164,-0.3354964464794475
-2.56316171263814,-1.042384569977653
1.6593098048680617,-0.7234027351791542
-2.2368268433036027,-0.5823195782296445
2.03117579057238,-0.8312963599000828
0.786290466764384,-0.1665756396547128
-3.1219765968953745,-0.6850944584043824
-2.628151307945235,-0.03562985418346498
2.568960377124171,-0.8788486064841752
-0.45689500022373863,-0.3740441205947122
-0.22228409099867363,-0.15865612589431657
1.5910591975350468,-1.2154097572940028
2.739705654490229,-0.14486591920549985
1.4264797438032504,-0.44452432540681314
0.8478049530510804,-0.7679481592782184
-0.40952523819288267,-0.2748846586768015
0.25755029843227123,-0.2937080732208415
0.8277470446847732,-1.1494936755114746
2.5068278518916434,-0.2761720406069247
-2.12489231136213,-0.5708377533498288
-0.9571612790780577,-0.40149819641487106
-2.393107002998868,-0.17354787565095517
-0.6142527901392558,-0.09830867393937756
1.8456891827604116,-1.1569274077971614
1.0101292063583074,-0.4634574478690789
0.30491632408789476,-0.9101284232542681
-1.8428436138027857,-0.5516202351942143
1.067839192860527,-1.192439286088877
2.4472587170601385,-0.08490613144466953
1.3307952288030347,-0.6762338405262763
1.3377800495275178,-1.4201065758999658
1.939986236551747,-0.4513243705221433
-1.3924900181243434,-0.6771963248532652
-1.34799756517398,-0.44103352669048207
-1.49717658628174,-0.17152756797815136
-1.8007530472481719,-0.3871949308032924
3.0128195236956783,-0.21843981062815596
3.130260141873151,-0.8052651842721413
1.3677758618494291,-0.7605196773353129
2.6538719582956505,-0.20118219717648878
0.006895045101017828,-1.0346517877981838
-1.8295272601143475,-0.32882439795895657
-0.5362624238701521,-0.47430179917414345
3.054423977604758,-0.5916270087866407
-1.2300578216916866,-0.6909944351410587
0.23687324890496037,-0.40717264786502305
-2.2437291931767485,-0.44554740967098344
-1.1457018609897416,-0.9795057898036922
1.6723603410975607,-0.4161014753933846
1.895267624673369,-0.6237076585804342
-1.0548310787486415,-0.2056559345987863
2.3546965004149905,-0.4217081223772292
-1.0370072376199468,-0.8259866240867844
2.7674966864344976,-1.4120333038721362
2.305021761520444,-0.47082043257814504
-2.5276667944860796,-0.4659278557796574
1.6822826532948945,-0.2929615130939395
-1.6167648898336955,-0.7073239907523294
-2.3062725098580574,-0.39660635116218473
-2.6067022533823057,-1.2777044972030287
-2.005423215461354,-0.44929146740837134
-1.8533773467723966,-1.0414459830519622
-1.3940915690316782,-0.9384740548649049
1.0087697748878928,-0.0700188140482642
-0.8322538386301686,-0.24395402264795216
0.43282646939065994,-1.0637406514126024
-1.9593931876597992,-0.33919189380748455
2.492688645285548,-0.6688747266709636
-1.4268876387675649,-0.7769764483432473
1.5089562460498942,-0.22356459752294977
1.233969047179497,-0.7904630043684293
-2.4639718152180574,-1.4700188628678361
1.855961049473222,-0.021314089154062816
-0.16293627635786923,-0.32512008914174484
1.7908054629971846,-0.5729171743464003
0.5286171739647184,-0.2978246284642531
-0.7799423751173888,-0.5037930512252283
2.0435947099620653,-0.2645614778118723
3.0852471728352904,-0.31797914018065937
-0.8860059813059085,-0.0372988666115984
-2.9189876245674284,-0.3456694253751946
0.3454326563636004,-0.15561473703316347
-1.7862198100207225,-0.8705847967837277
1.011150076595466,-0.1002371676373501
-0.19547334622296475,-0.9856784374464115
2.6763852739381937,-1.0734642507871277
1.813483470774359,-0.8556379483825726
-0.6309074478459955,-0.8549031256909406
2.0927857008402073,-0.5851058454028567
-1.8336037506092318,-0.7106073004623643
-2.87468728771641,-0.38966475517034993
2.8032116729968948,-0.6950377066100514
-1.9063252452893211,-0.3948027879356787
3.070344858973016,-0.5817966196478225
-1.9977528148456898,-0.9080923461699671
0.3293865658011839,-0.07490338373314764
2.56819995963627,-0.3051360047134178
-0.49549349576941815,-0.2897787601210941
2.491452253108874,-1.0280888391463485
2.820113750919115,-0.13680909554733617
-2.6913397810928057,-0.7343177495133668
1.92276277071121,-0.03673115730442545
-1.87302648272418,-0.24332191711672183
2.748353369737103,-0.8793912474654214
-0.9423289348194963,-0.13566714667049054
-2.313727455545371,-0.47856861942861845
0.9948152132798896,-0.4117718698867004
-1.4609789273063516,-0.16887105725367801
-1.7895139240423346,-0.8755420710912567
2.13282936616996,-1.1137722316544016
-0.6634982539287888,-0.008122218342735237
0.6049440723610595,-0.11408697963594258
-1.4887594873632022,-0.8168473752722013
0.26209691686912634,-0.40264912061720104
0.15891972905819785,-1.1863365817625189
-0.1161837991232586,-1.055827551252213
0.23419380479106253,-0.8788541637634255
2.020834879873617,-0.7578353644950723
0.5193803746634068,-0.6874625835325752
1.07559333190039,-0.09654295231320496
0.4634230860779685,-0.39682038690386845
-2.0377167158552467,-0.28969043451742926
-2.17675685522883,-0.18923506020487824
-2.160353030747496,-0.9397021330398139
1.370308246008078,-1.4256341052059807
-1.5792396003453764,-0.49253826801422507
2.541274718030216,-0.6224865084536092
-1.425097191385576,-0.09607828527833934
-0.6877001792518351,-0.9541722693221253
2.5452940162922,-0.9507302998735824
2.228308957730221,-0.880082647553955
-0.8149296548414506,-0.3617285881528506
2.739215010877959,-1.3901781459561824
-1.879370837178743,-0.6941382639565625
0.7297787527352207,-0.2721041982397867
-2.493096887751293,-0.7433625892671576
1.8882192666369768,-0.7468244666671672
-2.464824307173579,-0.6738299427058075
0.8219217530952682,-0.9697620178055084
0.9361835468212779,-0.30823673743359586
-1.6677770056916996,-0.40857225604906217
1.628357492213148,-0.8690780791628271
2.968258084878384,-0.23335741840743032
-2.8021628460897863,-0.6831611412615746
-2.14662354466327,-0.09229938447553818
-0.7554141367214555,-0.7283407444060296
1.510204966695675,-0.18714946228991078
-1.2688906533625905,-1.3032663410963699
3.127710186249274,-0.1973225841817073
1.181575535421099,-0.59507132591356
-1.836444145766194,-1.0222939586747837
-1.1365751587327901,-0.988072173361824
-2.0617412238822697,-0.6241253488411043
-0.47893402116925454,-1.126762258808791
-0.3560212787160353,-0.41533427727768174
0.7810625413464464,-0.6174708855117875
-1.6714251257684207,-0.5081016410622569
-0.07323644486831515,-1.1886835124414383
1.2105130563139894,-0.5308410151296149
-2.3298194750695487,-0.5680320804518793
0.6081365397284594,-0.6914155987552705
2.662474011600998,-0.20102323875839215
3.1209071814096925,-1.1317698200939343
2.504068225068829,-0.04495393329109629
-2.768791745605408,-0.9284989841798262
0.6808446603528272,-0.4970116793497068
1.1579987598142736,-0.3917800408650671
-0.8366269991347206,-0.6358232887880029
0.1557555007218432,-0.39630435468844777
-1.3753937218868773,-0.8947820142122093
-2.2857347323694044,-0.38132229617443053
2.619340768456299,-0.6491219850094785
0.15790796229267118,-0.05922286701093192
1.7800494082000886,-0.3830305123443455
0.5200811252814846,-0.6054062220285898
-2.013849238770404,-1.0689083695273258
0.19623073581392067,-0.3646118510053222
-2.6184436035727257,-0.05398507733840898
0.5519475354510466,-0.22625324217331083
-0.15276060779330258,-0.7192675594800907
-2.3015975895414997,-0.3511562518175636
0.999472666583863,-0.11586001605084872
1.1010251856082405,-0.15372376198537047
-2.204828332688,-0.7920359439162431
-0.24799325516130732,-1.0129497912211418
2.465509142760503,-0.558456524386281
0.486784728461152,-0.08225883359015894
-1.2410105722990004,-0.5978200265703606
2.920534952521174,-0.8210605428327662
3.0386209543581852,-0.8719940538136031
-0.7200844654066039,-0.627592818474779
-2.664926454065854,-0.7553691141109721
2.7572294685138505,-0.40078454558300175
-0.17873240243306832,-0.4345620858143689
2.016130859629752,-0.32529772637557086
-2.2984332175649476,-0.5522190732809205
1.2758323499413553,-0.7174370583967541
-2.2077612401445252,-1.3298156230328093
-2.8112823554492508,-0.6122865809874575
-2.023758924139093,-0.5792277338757065
0.376571883011682,-0.4883213729411479
1.310205923977582,-1.3794287432832
2.52458961191128,-0.8118850451466375
-2.230731227596345,-0.4694760704154069
2.7794013014718573,-0.30539946774031695
-0.9327313486961879,-1.2890241692659428
0.588061489513126,-0.8109257318825563
1.3290206288512063,-0.025660436007533396
3.124763443928835,-0.10220045967378745
-0.6535842626302655,-0.9063470147360206
-1.5339603292349215,-0.2810746738683088
-3.017871994216998,-1.2329735505991242
-3.0885646419035573,-1.0363462699501704
0.576998634893849,-0.16860267825634287
1.8442485367040058,-1.0008559011411646
1.2939087398383382,-0.9667787230521329
2.878267077657996,-0.4336479447051473
-0.12831450560314828,-0.5959065589720434
-2.026077491828497,-0.19978816984730624
-2.409269819082517,-0.033546808230837465
2.880481538436721,-0.18886374523381919
2.861032422012325,-0.6755469335724347
-1.6067079939184206,-1.040813041227866
1.2426774158541978,-1.1293039894433852
2.4689463811733003,-0.6353884884089035
2.2183701624122154,-0.4040440283185887
-2.015461975361659,-0.09970885465025708
-1.994676627814182,-1.1347159003244642
3.026703056511078,-0.06875483683003623
1.9349626151230954,-1.0050153649197027
-0.19599117839472147,-0.15251875262184547
0.16833776472567283,-0.15954322110317218
-1.31107957402733,-0.565870562509647
-0.97419013432157,-1.0860331071595533
-0.1916964646854824,-0.0912439639210952
0.6613787284752806,-0.5490554894926472
0.8878675312388434,-0.2278384303612366
-2.3783604266041323,-1.2971995712044857
2.428191484573557,-0.7065833104295246
0.3435055781473579,-1.0158622027476896
-0.5957126839993929,-0.8402663002216568
-0.5681865975453073,-0.5002414453984313
-0.9539491641636841,-0.611432151107909
-2.9239528798037093,-0.17052145392307105
-0.021023598930839604,-0.6166793099099778
1.1546889363986153,-0.36961783795553776
-2.4226414583147955,-0.20073241798450428
0.6378295117871423,-0.15867544865717825
2.586873995310584,-0.6683558314171333
2.2568041801501475,-1.4817900607999288
0.2744623848995892,-0.01853406712866092
-1.8666977152497637,-1.2749369796353163
-3.016509217729974,-1.4807943637725536
2.0274934884540414,-0.07887437310002055
0.2167764704076149,-0.9051238380537702
-1.3208280397738026,-0.07493268237606665
2.3842263309280805,-0.17558977161930703
-2.413837052818819,-1.1438000420390129
0.26384212943138796,-0.6249195815894625
-2.75466527198752,-0.7174311596987873
-0.06092002886096548,-0.2428469606155324
-0.864982906742207,-0.1870051448774749
0.543085261681515,-1.4702373842608987
0.03243396689023362,-1.2950013837927667
1.413979621263951,-0.042966570590055354
0.9862960869520734,-0.2523056254285253
0.15115383658502665,-0.35010274820389137
-0.6402070042080181,-0.2896188557047183
2.1243360681561883,-1.104354580939815
1.1285326554428978,-0.9170345819085897
-0.7251506900121756,-0.3645553452442723
0.9518640263136462,-0.05476942689922533
2.269706391426888,-0.015119102866163876
1.36512822630668,-1.4599226778505476
0.1316332947539922,-0.07994474073590674
2.6436001899416586,-0.993098838016813
-1.8694607743615714,-1.1629852412928179
-0.87269062980213,-0.6419217899480282
-2.562500901789079,-1.038488232202322
-2.393396659681183,-0.7336118426969767
-1.233706161591786,-0.47354893878318755
-0.573766016002363,-0.7165805862684895
-2.3123805098453927,-0.22458009257957787
-3.0537081178670302,-0.18805093551477953
1.3263299636495,-0.9684404824192505
1.224134486874677,-0.1679166459509387
0.8652801602069017,-0.4506602666372819
1.2882034708950718,-0.11986542195415022
-3.0741240977213913,-0.6853258538680251
2.264650528025967,-0.2249701262107436
1.6142320513730446,-0.41222287280963554
-1.1074168758338105,-0.9509753273657631
0.026329760553270257,-0.25286123472594635
-1.4574386169760771,-1.3559966417677478
2.890643271803224,-1.2220643025834368
-0.6471410375872271,-0.09867234579459208
2.8781605647296695,-1.5370414192116988
-1.882919719828931,-0.6266081540688617
0.997043037711037,-0.7793686486515029
1.4360815949106984,-0.34382256811788964
-0.5889973000226219,-0.8574362929330402
-2.5059656539304993,-0.2801607595038963
-0.14943960804853074,-0.4928309670172726
-1.1728144608847746,-0.6882916547188094
0.47928271429829095,-0.010363336688985869
2.9368644697606627,-0.1341494382145283
-1.8646254971892828,-0.3688262805402995
0.3299962537924729,-0.21961100406509532
2.1544631515152393,-0.8545671275863669
2.3388515733256763,-0.42413951516694043
2.272207720436817,-0.5030163846271856
-0.91029505166905,-0.46590526836269686
-1.3444415462821242,-0.05669119660928983
-2.3252466953972863,-0.9777394738159892
-0.37328245861332476,-0.03149292406451431
3.0364998478556773,-0.25469986162299046
-0.7145715906664556,-0.2044435117742735
2.055897965671407,-0.02327412261320192
-0.904166159513478,-1.0456312473080533
0.9893776890890214,-0.10956760573518129
-0.4636332685831892,-0.5269852802721611
-2.5346869720582594,-0.10935365747268537
1.424233711820192,-0.5740971974065044
-2.915616209894279,-0.5304786597559847
1.0959193731932177,-0.9340494169054403
-0.03383830202880844,-0.09496740354408245
-0.23993524216481266,-1.0683005283211318
0.7397445052229492,-1.1045017734647908
-2.3996642109033335,-0.8368808101785534
0.057061472952123604,-0.14069813158912617
2.5209603302641135,-0.884953345717714
2.8918717125858224,-1.3067782436818034
1.892979328629504,-0.15308107229612913
2.60984137630227,-1.1907841975170417
-0.4233456430745104,-0.6006386421773632
-0.7358675929794973,-0.4902221301489048
2.7602624373090583,-0.061504994485258625
1.822653781023745,-0.14780107282552013
-0.6370884193371218,-0.8886883164500009
0.1155858894678662,-0.17966255993754077
-0.9740508056129178,-0.0832367864496741
1.5709553984846691,-0.1710309531602112
1.8030720951511736,-0.43457964508733027
2.634516292823027,-0.12732960805322713
2.9787237380892884,-0.18870490143789906
-1.3209870568699147,-0.2280151848960778
1.6095078767207267,-0.4856300411128733
1.8304302423845147,-0.6879648055737342
0.6008685423103146,-0.026748998148645915
1.2114721087147005,-0.17131505622202176
1.760944208071973,-0.05634993064461221
-3.0966189101144432,-1.0103354343366404
2.341289971117946,-0.19447315528387157
-1.2491913194633941,-0.3610313198350356
1.1798962972726823,-0.9837610711416708
1.8827024709575046,-0.5470951518741826
0.3892032276008127,-0.40331569366708614
-0.06708778443096364,-0.3871498869253846
-0.11866595264343616,-1.3577121918598856
0.8850992983839803,-0.5443632623817121
-0.8902988582325353,-0.35315952785619986
0.053427692359589246,-0.10096228395780904
-0.5854742910469737,-0.3160783089076923
-1.08357634513108,-0.6152925410886015
0.2892268708014445,-0.19694414231793128
0.2934338332114891,-0.4804526398669518
0.6242866015713914,-0.2484777234214275
-2.603199646518649,-0.09945881749007048
2.5501114594097127,-0.7325116071104684
0.24693497558865057,-0.24530601452533776
-1.8670691474410646,-0.9290426109372422
-1.5292189108133591,-0.7089229584836029
-0.30760546590161475,-0.15557660218924912
2.8059048604326353,-0.06372963302629313
-2.110194147138867,-0.438273743098049
-1.2686344687571482,-0.21052538091870737
-0.2923257391099163,-0.33799940010974217
-2.033098894668636,-0.7249045549740526
2.875831689025694,-1.0161238731141127
0.21606236854061867,-0.8107585995258563
-1.1477294130695164,-1.223240189991573
-0.9591732713379661,-0.6579309143092189
2.383805498381882,-0.6924206754200861
2.1205557670998383,-0.941257641869772
0.7710164082337057,-0.5723192883004565
-0.6658638568843758,-0.3742543824730104
-1.704608516447652,-1.5061370646121672
-2.004622324468942,-0.5119456058849883
-1.9530304417599806,-0.1243776529466794
-0.07777579314339267,-1.181799121776567
0.2687857021565198,-1.2238927133728312
-2.9894948444389726,-0.9743948843075231
2.106142233130634,-0.6166033654166505
3.1378438150659025,-0.767997561415964
-2.3288631994119866,-0.6396707867685751
-1.4416570664857336,-1.2114784036720003
-0.5363752702413658,-1.3963897051461844
1.4522749208027665,-1.1475451631484717
-1.0861447671588413,-0.5825987612122908
1.6895258197231993,-0.5692283138577129
-1.7766965233824,-0.28041067529241637
-2.8730568720819467,-1.1192970789290413
-1.8244568809842532,-0.09109606765538117
-0.1445602962971666,-0.601973190489413
1.7617650286451916,-0.29118459004798175
2.469180220581767,-0.11116829144917822
0.7495970829024496,-0.12529527816851915
1.6781207337970638,-0.4530347324746363
1.0502019406854217,-0.5891950022588103
2.9701846711945445,-0.16811422342000937
-1.149842590057812,-1.0636578291715957
-2.9972120785662653,-1.062447185199107
-1.6188693525006759,-0.03013829188583144
2.2806011167010674,-0.25445949110313254
-2.1126412114851387,-0.6617461670399741
-2.7084716231701402,-0.5547161699890126
2.545756984862834,-0.17693258117315283
2.4797643707173305,-0.18168777410687756
2.273526993121525,-0.9422579818233274
-2.6429957525269088,-1.4401267797127832
2.8027773146738033,-0.7120436663621711
2.3573713419420805,-0.5956167931698857
-3.037874299088797,-1.0145911923654667
1.45174229505035,-0.7438136114315426
-1.1905560396827894,-0.12422103454571048
-0.1840863044640253,-0.32782498762769147
0.6546215954336352,-1.0207396439657892
0.4944048371645477,-0.29153469833214835
0.7232132246667102,-1.1486412599015565
-2.63564777248543,-0.3774454189390612
2.8646365286173037,-1.0373272197525911
1.3840084226699647,-0.8735122144549852
3.041224001909468,-0.1425843889513652
2.972987475607044,-0.5186201669964058
-1.330981286700867,-1.3563989467951996
-1.7044013832738418,-0.6988940250401349
-2.120252318187892,-0.46876111238174933
2.1045507024225576,-0.07622385814186455
-2.829813519108439,-1.138272487312653
-1.4461113225991573,-1.0661782068105436
-2.1847781133320234,-0.06662225526693148
1.4825371607991493,-0.4148562707405995
2.4810793326051317,-0.1290574791922916
-2.8362307537507476,-1.2875826223262377
2.098286075611461,-0.3310652216808757
-1.3984291187866988,-0.12458963120796158
-0.06985966974179458,-0.9141544195222714
2.7419589664842094,-1.0571468834976634
-1.4880575540232233,-1.340761347455951
-0.7498264407430559,-0.849757077262813
-2.2964565423036625,-0.4226268346970617
-1.958113743679756,-1.0886786562472575
2.945651550044458,-0.3517010353645069
1.9118803909533488,-0.5574873295280726
0.24417952361701345,-0.3852863698493333
2.4134195102935068,-1.2299632997394674
3.1144983333265563,-0.5359742663013675
-1.2773329820812833,-1.0013098107215135
1.0684769548782969,-0.43659718156275057
0.15027573456014448,-1.3499062222670237
-1.3883579452143948,-0.04971373223822279
-2.0015488457368624,-0.33522985763541546
-0.7791180641325042,-0.18812404013326262
-1.5491863729421347,-0.10946177546855496
-2.3176104173949157,-1.069673842575414
-0.47466611049505847,-0.9902878053937794
0.6427259496226089,-0.04209593114263455
0.21521441488800905,-0.4740194370483908
1.2333895275011646,-0.9469138506243794
1.1757147924452727,-1.449244695001586
1.3994965866982725,-0.05863860370358142
-2.646637231489715,-0.9947354978467573
2.081901017325511,-0.37845665648386556
-0.5341980577487027,-0.9273048887854356
-1.6136379401146694,-0.16593631100582135
-1.1643743263245137,-0.9637481142645222
-3.1006590193354415,-0.27517712584761805
2.546527020712209,-0.06512678397105517
1.338348409989515,-0.20324733518565524
-0.0295738571152242,-1.0941439435249507
1.5903825819271031,-0.5099894688759589
0.5170046869569531,-0.495555336472929
1.6900478973054265,-0.04613671786485724
2.5679246793387223,-0.979657401404752
0.671883781536246,-0.36420573550991187
-0.10841724343720394,-1.0212302761847565
1.0364393394511442,-0.49786701915170173
-0.18144059400529056,-0.02701847668795445
1.6232364057377595,-1.0742028681005085
-0.7897216398130178,-0.32358725802877525
2.5769557544713453,-0.4491402596517457
-2.0340069741346456,-0.8184191324440796
2.153492532988803,-0.3148050481058811
2.508731029171195,-0.9203014375012198
2.0657877121504713,-0.9351985303543043
-1.0353111623982842,-0.9547832710809055
-1.3981146098183235,-0.11290787573996418
-1.2315275001256971,-0.3317824793327677
-1.3302544457582872,-0.3487921302506062
-1.105530286483897,-0.9439531973081775
1.7708548299879487,-0.40469649879061864
-1.2848507104450846,-0.8611145669859823
-1.5352557025692732,-0.7196252717197131
0.42901837381940994,-0.4643535389089582
2.0116659527555996,-0.547268292557321
0.5269002426177164,-0.2237832791758123
0.016969023527227685,-0.027532478416301836
-2.9485359041996055,-1.1454912623415225
0.7558594472692828,-1.2666752119169278
2.5885517498246595,-0.05660358524403984
2.8453143931613174,-1.21959483737895
-0.0558857597405904,-0.9327667340809286
-2.412638327164243,-0.5772221391253923
-3.0482672414654868,-0.8222095414166999
2.02530601035505,-0.9725947675282347
0.7943220069587147,-0.9926623223598912
-1.5326383611078214,-1.3012582810639863
1.2658453110236232,-0.02107665008411616
-0.9610116259245824,-0.8231100079337114
2.7612209644324346,-1.0587816519650766
-1.6150215974122748,-0.29517816866897795
-1.4089580682033294,-0.18974825201398085
-0.6189301043307864,-0.011191754994622344
1.8864855730277128,-0.3820062122030574
2.9321290966963858,-0.02145664196469523
-0.9050891261345093,-1.0553533259906605
-2.525204496159104,-0.4505256993023927
-2.288905959853007,-0.5061084745616258
3.0496070275392193,-0.7151885890723099
-1.5264227371545633,-0.09237096859170082
2.433632487437864,-0.8035047404615561
-0.6293596802831294,-0.07772469773007575
-3.0169561095168658,-0.9650889854989358
-2.887856412818775,-0.49100472751427005
-2.845456222989828,-0.18424722980731578
0.8549415445399188,-1.1054226191156693
0.9669046738743863,-1.3169639281882566
2.712476147514372,-0.17192907879259772
2.122710444006188,-0.04397389918049549
-2.528653661947679,-0.6028034524601379
3.0651274952823244,-0.907490896940648
-1.1030366624818342,-0.731316519453103
3.1379671764612986,-0.5077530823516871
-1.587516562449144,-0.895438733633744
1.6775909078135507,-0.5966871090662407
0.8949869900995949,-0.5290378535364363
2.573161114260789,-0.7795343518288909
-1.3431049133180455,-0.6431915450036882
-2.681280456513524,-0.22472484701628181
0.48859574069787265,-0.1733234421243962
1.4833188183237342,-0.06446866464339154
-0.7319504590080683,-0.20157430253406278
1.8822386534570095,-0.10145757928042021
1.989424036890346,-1.0699906877124055
-0.552819880066024,-0.7937553702197273
-0.17421149238800737,-0.002524804257164743
-3.1152674769326647,-0.425453745235122
1.624531726784151,-0.9921282922025803
1.5889025970901633,-0.9478066399448138
-2.527079346638914,-1.0735103194333708
-1.8682389919629063,-0.7798476959809323
-0.4112945816072644,-0.6768162811168039
-1.9254163488056824,-1.257115351814034
-2.4443519541294787,-0.36767555652793327
1.0071711939937174,-0.47160087626222363
-2.2437802315953306,-0.8615031326775867
-2.2629689626058394,-0.14520818546592018
-2.874736051852933,-0.22197642456467503
-0.6164282880124938,-0.0431567844146309
-1.2457539842873917,-0.09556719278848909
2.1837309642953286,-0.9110533841728881
-1.7391621933765196,-0.39074899383653683
1.86317729406229,-0.905184997815972
0.6476030520411613,-1.1622648020544386
1.0480123728761572,-0.3453406627688452
-2.6417036996105403,-0.15138100744902935
-2.835867816328297,-0.1461765707178435
-2.220675738450998,-0.8931043318986447
2.703892688603185,-1.1714850058722677
-0.8853094674807265,-0.10012183096791945
-0.8694068721921555,-1.2337665193337308
0.20178725384964846,-1.1757818088807883
-2.387099049372682,-0.5590361362113807
-2.750842427727066,-0.75975477372993
-2.422914842326337,-0.3604708887175309
-1.504613957955896,-0.030125941590079076
1.358931506188412,-0.6844997556584916
-2.9129696618723497,-0.7835194658055262
-1.3078060080946408,-0.4879156681292263
0.6135996252645806,-0.08448832482873193
-0.5601644602987959,-0.21642736716555336
-2.012779720683678,-0.002469779258035957
1.7459746127947926,-0.1307030314054858
2.8445953092087093,-1.252311969653194
1.6790182034945538,-1.0398536235777425
2.736196746988758,-0.6545928210528364
0.05376703442980874,-0.4189862910478149
-0.3468080167993639,-1.4544194501938912
1.669246035931785,-1.039843728570117
1.7788922172430686,-0.11001951814228922
-0.0179672088971099,-1.3842511213383706
-0.6663489043078732,-0.6088416943234333
-1.7223229901621373,-0.7150939669294848
0.45688282416325987,-1.223876043486316
-1.051782082418642,-0.41237048196521225
-1.6727014240145275,-1.1423466483388351
-1.8352516369875973,-0.3408633372625837
-0.4986330429092227,-0.18256156172755109
2.431226353138378,-0.038094076316159714
0.25856625149628254,-0.5179354155984202
-2.994609022214198,-0.03943799786711512
-0.8757698607828122,-1.086325708491997
-2.59289128619384,-1.1798100729343808
-0.28173925238171016,-0.36069374901511886
-0.28612836382463325,-0.6495404790450594
-1.8434278408563989,-0.5576994639374021
-2.6366014958886907,-0.5211578633652624
-0.12888184419490134,-0.8354484255930236
-0.1382191441309475,-0.6430836383153988
1.959582634250056,-0.12208003594983385
-0.7854415514261346,-0.6093489032863846
-2.8351342441815133,-1.2471219157562954
-0.4827187502495942,-0.41400410898172385
0.5666882543530826,-0.09099938325684265
1.472849037793977,-0.122971754095363
-0.4201625134590268,-0.26215905672021256
1.2859457766426612,-0.47981272504916717
-1.8354253470677087,-1.0543873300389683
0.5325399376034378,-0.8161500575430545
-0.5968327857466109,-0.11158547836985563
-0.9494969310066796,-0.9879292742430393
1.5446684274999596,-1.2002460457006592
-2.3216968885795937,-0.09891041173940729
2.230010952756793,-1.1708335373507606
-1.6034402852116356,-0.6451315501603776
1.2096196380450146,-0.20575713831902062
-0.061462759971139924,-0.5387271072142388
1.710859164729936,-0.6362694705013041
2.3009997777551363,-0.7553925276509775
-0.45909111012116366,-0.8029494079049088
0.5978345063149344,-0.7636612425119765
-2.631798682326934,-0.5933938079909126
0.6416156366017866,-0.7066538608682913
-1.1447028051992314,-0.13685999344123723
0.26641842927858805,-1.0168359440708277
-2.953814735179764,-0.7793281159847038
-0.6450538445651999,-0.7112761461776002
-2.215049345028109,-1.2550675736932728
1.346910460132521,-0.8146872894741509
-0.6223095548396582,-0.4603434893242972
0.013570312238368097,-1.2732233613666482
-0.8894756075290884,-0.4310508721293258
-2.02743154572192,-0.8099790528163312
-0.8907986068329752,-1.4635652489194377
-0.4033063090855036,-0.02865671743260892
0.9670895787454878,-0.24796302123784997
-1.2020541965104323,-0.5165213178740679
2.4713878932620754,-0.03888959138272675
0.5103019843773777,-1.2093748519803145
2.9271930894239135,-0.020930857291060246
3.000160288601824,-0.9613623547634873
-1.5937088580365026,-0.959746024769696
-2.647639745214937,-0.15004422928339545
0.5972201641818423,-0.5412973652398542
2.8698384639482852,-0.5174112767043959
-2.870506161025313,-0.1692437391585818
-1.919087855431238,-1.2144700704792353
0.8770579201098938,-0.7991770291261812
-1.8567728439945528,-1.0110747947618326
0.4944546361198932,-0.03844735511646874
1.2398434416520772,-0.7154941777927164
-0.5482733730031644,-0.5470740410113074
-3.0429578815723124,-0.1336051978940991
-0.5457940143902089,-0.2370093369423737
3.036149665709288,-0.868150215365334
1.9780384219118947,-0.8970601860952226
-0.8723261204250372,-0.5653073552125999
-2.340372869330996,-0.07105567560502532
0.8129157573334072,-0.8158214918112523
-0.15624720435365447,-0.08708163372127382
-0.3405051525296532,-0.6123424244762404
-2.063949992190077,-0.04589886137448138
-2.061162839234685,-0.5630086101911648
-0.0033645014046559396,-0.20216015265659634
-2.246920866544876,-0.07555737517002584
-2.143529886454158,-0.7347781884346427
3.057829651157174,-0.05773483969241424
-0.8225356935169374,-0.16094233235167021
-3.1411419614300446,-1.3518040040534238
-2.475275285132639,-0.5227312930306819
-1.9329032227266296,-0.9518961709276981
-1.4759629247548203,-0.16493617775725758
-2.668457009870293,-1.1197671491465395
3.104626549071858,-0.6227005555114872
-0.495710032570587,-0.3064782968703031
-3.029706228392672,-0.6709546145132543
3.1036773817928585,-1.0278955112048804
0.43539920526574144,-1.3028570707862877
1.30805762154239,-0.40360192878721557
1.725455900531864,-0.055904878373096066
-2.8780728770465687,-1.0899045635376454
0.040247130034917325,-0.8779679144525598
-1.0020898036624315,-0.7882982021741161
-0.878009413532113,-0.9697500596303058
-1.9880924142395235,-0.7708061291361179
2.8647935378735516,-0.025123235196362125
0.9114006464344574,-0.33821602527081157
2.279833709567725,-0.18743931280923384
-1.9195518937173954,-0.00035638249938038245
1.0062988015205316,-0.1127405133833438
2.4431211730389863,-0.7973378275605355
-2.2427022163798345,-0.00837865278329423
1.4000878380568522,-0.7994573552988664
-0.17636026860691878,-0.13541293305853563
2.1368880309896885,-0.7529585678092352
-0.3132811242133666,-0.34176991936567686
-0.815302250776087,-0.0004930892434731559
-1.9932875266194445,-0.364517327099954
-2.9552674758615365,-0.3572863850380055
-0.7301225865961722,-0.09736436004222708
1.840359913868294,-0.47916622071167075
1.625332631433087,-0.23363874600303228
-1.9020197433776875,-0.11248774959248899
-0.5781275507210113,-0.9313031616644247
0.14197082593483165,-0.9211881916614959
1.870561042389212,-0.5605745357853267
2.0140047970844104,-0.45395897387103085
1.6614838173415327,-0.6313698415677265
-3.12803728249923,-0.5573386705717933
-2.91487589245012,-0.9792081057895897
0.17477903779923612,-0.02466614772953878
-0.7293367993344919,-1.4943831211826515
1.6529656923123877,-1.1653158566806905
-0.5410299557127134,-0.01825305591402342
-0.6304413122694061,-1.2158967854459362
1.282196637144087,-1.371369429735136
-0.321285825127287,-0.0488497484412043
-1.248709523878297,-0.07158280394943015
1.9146857974183447,-0.3740760278252295
1.8767836426936335,-0.9218809386292224
-0.8651741837708897,-0.5143890193246202
-1.9081268605017936,-0.14352291827109465
2.807197327269007,-0.33818741618363624
-1.5082009915883061,-0.14399110782483412
-3.0279935953346064,-0.7930229726054885
-1.819781195987944,-0.9157252580689915
0.7907373994323663,-0.2468000357118313
2.7310017737832797,-0.1674637797994303
-2.525918561316808,-0.9303721397297727
-1.7105932654079004,-0.578695522559941
-0.7379130420696463,-0.17890548531029213
-1.19063140871999,-0.8262045370196134
-0.9809725250805421,-1.1219582933751737
2.0930495411379537,-1.2097149302260792
3.066175686197167,-1.0149408392210226
-1.713152051498013,-1.0767394446737912
-1.7657201284037773,-0.6070080288739144
2.1177136911482832,-0.967600634466752
0.048501078676969636,-0.35788351938836727
-0.8927393216704917,-1.457661361799631
-1.0242003524653143,-0.24154811437596788
-1.6161944812414628,-0.2798523007434607
1.5307411154855184,-0.5685949515929457
-0.848951327915688,-0.04614748814926571
-1.6405847602218628,-0.2093783389743346
2.136683258733926,-0.3124889441831634
-1.274602822996525,-0.0784590910661413
1.6454636667705838,-0.33555249469133847
1.83915924987786,-0.2657537779371345
-1.0348839811226904,-0.7574600479802173
-2.5103135375368857,-0.13941471106009898
-1.7033392139821846,-0.02291786441136447
2.7498082871557443,-0.5307166756017392
0.799685487591127,-0.04706486399344258
-1.4270158840148977,-0.41190861902719744
0.4288733153879231,-0.5946193315127615
-1.8716738952271017,-1.2789058093772374
-0.04071573778321813,-0.1966183716348186
-1.6513951602411412,-0.846997233968588
-2.540141160402603,-0.8990011055110483
-2.4223594824968826,-0.23524248463782235
-1.3669705894846649,-0.16764972077943788
-1.82095800317183,-0.136698244397766
-3.0254548094292764,-0.23451314469748538
1.004858832898462,-0.9872306833957434
1.3926156979176747,-0.45852391424633926
-1.1251407068318668,-0.35300341230942434
2.888332152661756,-0.675313256063524
2.109028011109192,-0.5505495493231638
0.23149699243069408,-0.3834196279728132
-2.7095060878181854,-0.30253501180621406
-2.447067457037557,-0.5546775403382377
-1.8500029422909874,-1.1421760266540006
-0.3046595754592829,-0.08804069848328974
-1.1456433843908274,-0.7526448856427888
0.48543756623767687,-0.10233789746391812
0.4418839784161013,-0.23465557418456615
-1.2310934632934156,-0.46032141746053773
-2.9184887204257297,-0.6463532495521768
-2.611221317783395,-0.8852981298678403
-1.914678815917406,-0.4404001900001468
0.9216739711537927,-0.7435374152347805
1.7304312870787086,-0.1312402898808181
-0.9019284443914888,-0.35121455219964653
0.6386486517101743,-0.9108721103455837
2.043581774677165,-0.0968919384420246
1.598954676868707,-0.31168611037426014
2.0429678771520137,-0.04512455322917407
0.04505592685496868,-0.33990592345994974
0.8412968825204314,-0.4003263649961998
-1.1869819671477284,-0.26929504316527175
0.2904399529872373,-1.2450017827895725
-2.1456618229524356,-0.42217909635941336
-0.701113609980669,-0.7946950405729065
2.665087318158303,-0.28832979334074355
-2.9357528706384954,-0.12747510693352432
1.7756525793784212,-0.7724272603198137
2.5963319081082106,-0.45744077582791887
-2.1104473872978255,-0.2479852357885793
2.4445122520101044,-0.14605308998059918
-1.0155182512101293,-0.3655950237037307
-1.1744821588628547,-1.1911372419712565
-0.6998824874466232,-0.8569730867676004
1.7140768183698176,-0.8819405094634704
2.557619797949305,-0.5417414560264311
1.7713938158429126,-0.15560804623085642
-1.3740597789778555,-0.34350828648899867
-1.222387892913412,-1.2849471539980957
2.141343500459941,-0.8732590544817947
-2.7362922574934485,-0.5673599195796337
1.6263752110665186,-0.9584084895516903
0.24035157676818605,-0.16156224913917
1.7923879270917324,-1.4452514513313437
1.4143647126707068,-0.4287407682925527
-1.4451686005036661,-0.6800336292351961
-1.9923315825555292,-1.0037621986951886
-1.381056340007424,-0.9460026923342115
-2.5389772831092587,-1.4486078701540246
-0.44477155263094925,-0.7032119368850158
0.3334280942555115,-0.18601639030653114
-1.3611210550210666,-0.14129354784411052
0.45790561204044516,-0.7942282586092874
-2.661856610678039,-0.34974322196997976
-1.2403422474597496,-0.2261190007302724
2.961434958278543,-1.0940779697656144
-1.334098952014215,-0.027768588563917982
2.6453847544089335,-0.5340477873904887
-2.0090742759333367,-1.0634165100225101
2.1506977839702883,-0.710748959990068
-1.5496565995940097,-0.4258996969233856
-2.640117859179919,-0.32427476528500093
-1.1461640398332849,-0.7961761182827047
1.5825333040881409,-0.37600116212517015
2.9172088710237887,-0.37405976436357063
2.3136291818143992,-0.31392529385607365
2.8921679165681193,-0.6778317827772585
2.8992257408573705,-0.5066593122155797
-0.5958264648974891,-0.48801779320933564
-2.879321573926829,-0.5087924729292181
0.08130291044768444,-1.2508640112751506
-0.5916287784213949,-0.0176465245509635
0.3894478353001447,-0.908212484443243
1.56103190178974,-0.6161046190248832
2.1282821170264716,-0.47861924566625236
1.5867694232087872,-0.3734454003848594
1.829485850101477,-1.149652892905556
-0.17395876169410052,-0.49615708516780826
-0.8283064115104288,-0.8101370999309502
-0.25805516512306603,-0.37130407188203624
2.1915947930160673,-0.6564521305274323
1.4270420027040076,-0.28737161593446403
-0.22813719163863677,-0.699844717236856
1.6486909305934265,-0.3840941281672434
-1.8169823497718092,-0.45604322354923293
-0.8795938006400119,-0.8443313039623431
2.9478060252710923,-0.26170802624202594
-2.5199514863281967,-0.5525197548817341
0.6802339264955567,-0.19593759154954388
-1.6527738102689487,-0.2320140689864785
-1.328729407567149,-0.11337908819877085
2.9245967503610877,-0.1611133657904829
0.47647969842624743,-0.7569140795758958
-1.6572887371064224,-0.4108502694139956
-1.128971173162566,-1.4697213218373453
-2.426732019897747,-1.3516567501591736
3.140163087611243,-1.1127156701654248
2.2756335503756606,-0.7121972814110373
0.9011995037525254,-0.21318385927467837
-1.5106516909690244,-1.4903826085904344
0.4493691341267227,-0.4787446840536494
2.8987328586252277,-1.2468506363606995
1.0300662462176542,-0.48522948409100797
-0.33066121508203317,-0.054643806231517676
2.4897971365259814,-0.7733257471872387
-1.5397137004306014,-0.42167385437350724
0.0631297216442106,-0.2851861927013569
1.5888640207695262,-0.8581614315432143
1.7435039541650044,-0.9793923750547794
-0.6254601239506759,-0.87051485131028
-2.398958487444358,-0.07389296473773542
0.3379933648215913,-0.7032210179235536
-2.4551819275077396,-0.16334816399106575
-2.907956118188068,-0.11960509426308016
2.287934224059223,-0.26733753559867285
3.072226600096115,-0.022938898032270127
0.29365811098144695,-1.121246812473513
-1.7385579292492865,-0.27638803436435694
1.4645988439138096,-0.6719566978154855
-0.9730101226768904,-0.27879781464612785
1.8586282202263686,-0.3322743710692906
1.7298589589724838,-0.5669019161648866
-1.6346285031191385,-0.12040545192089082
0.32954464967865843,-0.35272970475512355
-1.4265800663126313,-1.0251102674760786
-1.2242955024963642,-0.1290749786036851
2.2764249946468924,-1.1630384352156922
-2.2623627100836856,-0.5679992064184997
2.180369240011626,-0.08779754663325998
0.9958177473767781,-0.03977146097988688
-0.26117212579296645,-0.15140107867643732
-2.5064963707019956,-0.24393021762849507
-2.8230872397381694,-0.1469094696865645
-1.6895701258977454,-0.4409653658165307
-2.2458901470009502,-0.35482080605017685
-2.6518225667979616,-0.6919541984802275
-0.36631867771715054,-0.5769221731546021
0.9908768813059672,-1.1265444644925995
-2.7080680898818597,-0.7374608933596264
2.5208091346752433,-1.0319526198788078
-0.3682673133828329,-1.1467434586168161
-0.36188359795753655,-1.3765606030303235
-0.4634663676868822,-0.31977235657137054
-2.515268444448654,-0.9224816170511148
0.7540206270494859,-0.632863561619869
2.734852709107023,-0.1663281795706327
-0.682669440051086,-1.0246307381168818
2.414578516246783,-0.5670142671933261
-0.4199769311978301,-0.65513375940974
1.2469702540465282,-0.4606937455204242
2.7952815720813424,-1.074279910219667
0.7199806106738867,-0.7818696364773405
-2.055159568328518,-0.8248206311508327
0.43676370962017824,-0.37592511797361455
-2.1984024616291675,-0.3949800040519093
2.952023526019479,-0.6072646618064239
2.1805135109121405,-0.5520223233704249
2.8320393105153716,-0.25648210997555315
-1.636784834990598,-0.730671750682408
-1.0698872390623517,-0.4902147464864287
1.166383798017394,-0.26713182007354674
-1.0486559510592972,-0.7234866936554956
-0.207607655355301,-0.07720995524641062
-1.3110253635924236,-1.1229034294631952
-1.7869575867856806,-0.20721884589413714
2.162644394504951,-0.33233219120209817
2.4952400574937164,-0.5530753333858545
0.03290300724018664,-0.6973243740436756
-3.092248343520687,-0.40500791686764054
0.31932016220337484,-1.0290957420203393
1.3295053637814525,-0.13719603777042472
-2.136524434262115,-0.43523351505502605
-0.6162360327555305,-0.7607634652240647
-1.9753077900083813,-0.3172240078360712
-0.5308654243450572,-0.8114584363776378
-1.5418358561812529,-0.11463403852510178
-0.5672659734243943,-0.46159177965819365
2.635625392893611,-1.5020587994359698
-2.2042681004314995,-0.4618440091852968
-1.0760690078140565,-0.7404535451290138
-1.0246810697159425,-0.9111625691528312
-1.3106907732607844,-0.2042532089075803
-0.6369711213796325,-0.6508055772702651
-0.8324828370462747,-0.9035280863370023
-0.7437061659092059,-0.31376993577325074
-1.098465403778861,-0.8129479406464295
-0.4358133852313477,-0.16667962795796784
-3.1273988196054896,-0.39168340296991755
-2.4388217781634767,-0.6424874780959025
-2.816672041799001,-1.2126030426021848
1.6312804599836428,-0.8871812111932565
-2.756839033669291,-0.5984895974818287
-1.4897867614521845,-0.25867100545782706
0.35602575498453565,-1.176496699143236
-2.1380124515363885,-0.8428906448041051
-2.780585600010017,-0.9783498555448515
-1.5369280639524492,-0.008572847921580634
-2.0885376354537284,-0.05939412984247722
-2.263359429657541,-0.469016858086804
0.7493475409173274,-0.5658058374307458
-0.18534855366789849,-0.9592770132295103
2.5931265009809645,-0.14647280425732928
2.949992802535776,-0.36851463992155664
-2.820566383167897,-0.8983367140409502
1.9457574476151016,-0.3159416076180756
1.4265752304986603,-0.9836087658518274
-2.850788600944501,-1.2316938437435754
0.6869842583658006,-0.44367081688156446
1.04439209485406,-0.6520433754343702
-0.15096206493665498,-0.535531125674473
2.4504513925267197,-0.10293781011585988
-2.340042189226051,-0.6632982091247841
-2.299543480652489,-1.0439314202158478
0.46270574010984983,-0.9837092667337611
-0.04785396304604195,-0.2048617288636583
-1.1072587448927171,-0.7904187534405421
2.824812001556104,-0.998453043265021
0.24914259778398776,-0.16957207343022243
3.023261489254293,-0.273287475368676
2.5703501664667536,-0.9898431421184086
1.6986501929783773,-0.7103586934888223
-1.6791767771369104,-0.5214165006623028
2.967398962120142,-0.24691564096043633
-2.602485403170464,-0.9038936254949731
-1.7586886510201953,-0.8123595140994807
-2.0960861852755146,-1.0871826118922447
-0.6991850125596208,-0.3549062873872511
3.0486560805611624,-0.19918272828808595
-2.6040934393886457,-0.336892906625516
-1.125963141622881,-0.43756751706597186
0.2320098889074357,-0.4735246589156659
-0.9965458391270987,-1.3078538907108193
-1.9756906665593084,-0.5157101253873074
1.6938773095823023,-0.00759431676752425
-0.26490277301001086,-0.08013654446084705
-0.4451085604168199,-0.07746631217291294
1.9989207436427674,-0.9214170796119782
0.14469811729334064,-0.5949102102166727
0.4253900545036642,-0.7560885966274539
0.0674448859264502,-0.462388543022259
-1.286159254995515,-0.977589929921541
-0.6665614032642662,-0.4919221125240863
-2.583203842144365,-0.06501632148227249
1.1057385375768662,-0.05016957329349266
0.5649407765758064,-0.02286770028197403
2.0208999214296033,-0.12774242648093556
-2.6504591529457033,-0.7541412389011184
-1.0184557347319618,-0.5867042561426687
-2.291372995120241,-0.30921392905407385
-2.013042063036126,-0.36158820541459336
-2.746522141813035,-0.5796113415093485
-1.9365804838746161,-1.1207169377168589
-0.79184517421207,-0.03524064599160236
3.112321932888841,-0.9781237297484416
2.7309589947973465,-1.0576181363897896
1.9827550368440559,-0.46959734323531804
1.1059166875522224,-0.46980084393792026
-1.0969138799414138,-0.9815514493519155
0.014832911075292565,-0.3729666680858141
2.364291651746171,-0.1529375777862683
-2.5150491297811453,-0.5955532179760042
-2.2379650196494953,-0.5492273193273307
0.7576078311087993,-0.3455139146282813
-0.26790135004280824,-0.3488859742566837
0.2441323411670029,-0.0018269830076539123
1.0872583228108945,-1.09853214314436
0.003311476269686092,-0.8684591777716129
2.8715033630452056,-0.16637770147140735
-2.381233540116213,-0.9715705003205839
-1.261903730044735,-0.017187459762898732
1.0610513289645696,-0.9149979078803231
0.6938215009324632,-0.5335256052480593
2.3234554175780873,-1.2119979834111632
0.2351301274597861,-0.6787827089814309
0.6315522936868083,-0.43350448330789076
1.2191786645930842,-0.9624604107065319
-1.5994229426318691,-0.7620339909056829
-1.2093337704510025,-0.9175829917997883
-3.114385876797096,-0.800222279860278
1.392761599036541,-0.6616845187481558
2.4358404641870095,-0.8461164070636726
-0.6019964244305962,-0.29996443151802865
-0.5325832851258445,-0.09823155816426404
1.2708696857924038,-0.59346151161745
-2.0621361796199196,-0.13948628081658987
-0.8815087685290974,-0.2662982842702587
-1.7073519128250405,-0.06261730227384567
-2.1851761416840922,-0.4647048730811445
-2.8538382138162253,-0.39133109095543067
-1.0190941596452756,-0.24395339434504304
1.8392871192711417,-0.6608849663091088
-0.5827616898429788,-0.37201337631936093
-0.8819092514808231,-0.6422988936707567
-1.4889127894635328,-0.648554697841066
0.256602233241462,-0.004932701223624984
-2.1235779473038647,-0.9093425794473431
-1.6269325379870114,-0.9559655940548161
-0.38786800358292606,-0.730625262954897
2.2830605991686026,-0.8872642371583893
-2.5997947833996187,-0.30743659856185296
-0.9336488659650781,-0.3452205754656865
1.299782570244741,-0.16195038779702198
-2.9800412594995054,-0.14041036445119828
0.6464448678240815,-0.02108015518357804
-0.17548926160517464,-0.6750329402805557
0.9917865089582509,-0.41046820004007817
-0.33455210612443054,-0.076009332487787
-1.5298702595411022,-0.242967879010923
-2.8478391116913877,-0.820133039878797
1.4573554217028213,-0.05067411933988268
-0.09334022850380208,-1.3010797062996664
1.9291563898747026,-0.028173714979715995
-1.3135106565655175,-1.2473167630672655
-3.1302796329866753,-1.135324269500381
-0.16706109756602494,-0.08468889877864141
-2.223592639833039,-1.1748139717422883
-3.04175466253692,-0.4863690189960335
0.9880197904333119,-0.03494872668876318
-3.0637613193521425,-0.9282288611861961
-2.219073904407339,-0.7788797425480888
-0.6175840089635845,-0.12268618530473273
-0.19704357448529386,-0.5077771265406328
-2.7786664656164484,-1.0749830235345028
0.16034804401810115,-0.2809460165120083
1.1834434621552723,-0.24172891955151468
-2.689585058197691,-0.3905613850353089
-2.7936686486393967,-0.47501293488816654
2.5528158801998764,-0.8897350155447844
-2.706785489420755,-0.485320736456763
-1.3653809848898266,-0.8302690413426919
2.601126026085544,-1.3111789666911078
1.1395297039683345,-0.6690052148986813
2.092681511133681,-0.4064322008638453
0.9465166032116326,-0.24530966331685455
3.0411684260690466,-0.5800967506480614
2.899322914954561,-1.135144707341704
1.2806715769836168,-0.8982912364339359
-2.1218010897925534,-0.656045942599837
0.7647031552833262,-0.3459644440589917
-2.28441630549293,-0.04288065294928267
-1.9744470359935313,-0.6493899438864945
2.013229810983137,-0.5091049309402125
2.7700169049543675,-0.9866479100594088
0.6295418440011431,-0.020857961743831276
1.9018938016987907,-0.8410989975643272
-1.369058982053729,-0.4736921253244923
-2.756110121315141,-1.0218273784265226
0.28531510628281703,-0.9385251224729774
1.9940969707666363,-0.21124144007416254
0.7596088233542784,-0.30489706513831694
-1.430880305543301,-1.237865148230032
-1.589113793983068,-0.6092716060611848
-1.3142631443266835,-0.13685206896461322
1.5980121662489515,-0.49642457465642764
-0.3996000872425842,-0.15975083643737284
2.0969112742580296,-0.2086438125498121
-0.8117927392697482,-0.47898303584550556
2.163334895279984,-0.19740418263255918
2.180088158359389,-0.991979016850588
0.9579402746316994,-0.45315326304469905
-1.9901358059320913,-0.1243008141531835
1.5022260034970785,-0.7137886304496726
2.479071024923622,-1.5596530780500646
2.9742849812447165,-0.4217240757614903
0.9510312933125099,-0.12145629358766265
-2.727901903763696,-0.888626879209721
-2.945018653660461,-1.1828606861983981
2.5559114644858094,-0.7631054831714722
-0.181724040062619,-0.6558469699918735
0.9412064503000057,-0.6379338807179321
-2.382244915214063,-1.1541214467878547
2.9771146543177274,-0.7561136224868958
-3.0602623011758534,-0.6988204919222388
2.3275306253200463,-0.2124036161315743
-0.5985874829010198,-0.051940325099867485
-2.045892855934591,-0.1767135528576077
-0.12464712191891358,-0.0736582852982168
2.1881986857094997,-0.06980987680093002
1.6200762465460259,-0.16315381812444293
2.5444047494095186,-0.3456111870953196
-2.335395981808269,-0.6843985462797039
-2.6892618035294857,-1.2790929911980229
-1.6993288152440575,-0.19365667334666095
-0.87282233085255,-0.5872619843555951
-1.3618913856199173,-0.7969649564949365
-1.5713283302892957,-0.5409016799413173
-0.9205415202341847,-0.10239682005595765
2.3445063597528435,-0.945028392749337
-2.358642325887324,-0.2514149044107793
0.3355200882280064,-0.48274789309776633
-1.3077534750827589,-0.18015216682220547
-0.14951081061108074,-0.001995709920907928
-0.6960032120165547,-0.14950211095282104
2.4086261498016515,-1.0959880267663729
0.6284796341066674,-0.8950884518119103
-1.9360147985353464,-0.8398428875584198
0.33729608783809767,-0.8574298701564433
-1.8183632286056621,-0.2710752946888066
2.1430254940452094,-0.7485845860740141
0.026628575733399686,-0.3365327612753665
-0.11365084091251276,-0.5736622879898385
-2.2475385911353927,-0.6582968003272442
2.682541854900388,-0.4757182943704737
0.6542998359029035,-0.06458184275572583
2.241032275027682,-1.2614390092650292
2.5705829178279704,-0.41152344413131303
-1.0400348876893108,-1.0187967269176048
-1.7762502491592898,-1.1676908562465147
0.7799339382811112,-0.8059641670888715
-1.6877907825562835,-0.06680273595865471
-2.2968143841241195,-0.8872246048248628
-2.0569581919108506,-0.15810606206322592
-1.5173799871673541,-1.3258140405106007
-2.699020455317801,-0.024460563936134255
-0.08204800221885833,-0.1258868688950148
1.2993491453111334,-0.7370961470690901
2.365932133960265,-0.8701523783034895
-1.9866659486237648,-1.069716386735813
2.299031063626358,-0.3310552424560157
0.019702577814466448,-0.8865156736886759
-0.8843594867712259,-0.3019550726589708
-2.821794506068737,-0.3168872875411825
1.9163316144500464,-0.8617153143746287
-1.548741610440631,-0.4723534908750515
-2.689377029776294,-1.03235863161006
1.8017644387778389,-0.9530878422330303
-2.977162989166601,-0.11696821321127687
0.6211722530696127,-0.2756322981150536
2.8247975020636127,-0.13902105575966897
-1.065540944825929,-0.25267440031404936
-0.16945148894735595,-0.3654103528603856
-1.8947831734873688,-0.9562853655687292
1.1372628727889682,-0.22674903619928516
2.606876522331537,-0.5658376593403304
-2.3827016090853497,-0.8145938956569553
0.664863675840185,-8.253706874162647e-05
-2.6640401511603797,-1.0126225529172765
-1.5600269231361041,-1.2000554727845352
-0.4572916372383595,-0.2422895069592528
1.9841904148176528,-0.34751256838114175
-2.233462479944218,-0.48522990190689985
-2.353006300991921,-1.0873557869926622
-1.0222878357511336,-0.34316414992201405
-1.5754461886942384,-0.013325019953576194
0.9080903661636848,-0.7228093255401125
-1.066077229418231,-0.5981287217509067
-1.764811568728068,-0.2580389386161464
-0.9730775030265866,-1.0325396021241628
-0.7744292587747674,-0.9686201076127063
-0.10211093346196431,-0.08527520238299514
0.4258709040419459,-1.3314529757460503
-0.8214371295366201,-0.5244683055091421
1.2547454474272075,-0.1347998929647198
-0.5627576646858152,-1.010566218212699
0.7269227416749288,-0.3457761576667392
-2.8137751918428693,-0.026056630821088063
0.250301926703447,-0.4266392322195315
3.012222795488154,-0.7322220221584796
0.15867797569977932,-0.7955406309543297
0.6949218934717554,-0.2854962385939336
2.060969050397454,-0.02692648990396298
-0.08683533481527395,-0.42330489658111936
-3.058504024914099,-0.667133850961748
-1.420111656261354,-0.33425923078974906
1.867647678360111,-0.11151516088099377
-2.5199161033210546,-0.04487226620373977
0.0030962142093479456,-0.6462556081900864
-0.8695366789816248,-0.9593916345259934
-0.7441977871632695,-0.7034461433815948
-0.6081260173950058,-0.42066172639705535
0.8197601299963833,-0.07631757053864792
-1.7431989281554117,-0.11598322369781029
2.574787729357183,-1.006864804633393
0.12750457015697164,-0.9682176400209099
2.820561727938828,-1.1413604610422452
0.5005693347256637,-0.9477471112094428
1.002918119139453,-0.014581590281088472
-1.5660366762897846,-1.1583453828840538
-1.9329550920229455,-0.22006754821732175
1.4141236109624615,-0.5323441192121035
1.1674614046387968,-0.45663671915637755
2.4492315465695644,-0.3206464565112216
-2.451096589740652,-1.069695626141865
-0.21719477832448497,-0.6536078334746018
2.1833410245957117,-0.7450589943108684
-1.9484908069015585,-1.2243399855035944
1.4020232854112382,-0.30133059949547986
0.908032465302284,-0.5934094872812571
1.7549219779892453,-1.0979986616581443
2.1876228655688266,-0.073000942176341
0.9949309254182663,-0.4756932297899643
0.5209826612642542,-1.22664545845961
0.6263555614033643,-1.1578662472257268
1.0282165909265673,-0.7684091026440774
-2.5503107951925768,-0.3188446584867509
2.3268980918106648,-0.7023655977194548
-1.5722813639360895,-1.3868505872504246
-2.698937187619267,-0.3803539331683027
-0.9763524478466392,-1.1313071395726575
0.4716701337801352,-1.2629380605299034
-1.4174920707404732,-0.13582735644590638
0.21933811633975822,-0.21021881298249256
2.5248079685350353,-0.19898008812187346
3.0094381907883245,-0.5495224512159328
2.762946075386242,-0.7228632863599822
-3.0327713135195524,-0.4649856913320762
0.8543480705237,-0.09717913201908109
-2.723197635880723,-1.2081305919041505
0.39644263579786027,-0.4872361252181625
-0.9621112329610204,-1.0346270078169357
-1.345058205650548,-0.6223016748789554
-1.5733680589257775,-0.282449120039943
-0.9315949330146704,-0.7861762409018687
2.7383788344860918,-0.09012957877239725
1.409749211776133,-0.12344166151718984
-0.26104330891590344,-0.0015381321193602096
-2.2119808273161965,-0.9433255448793051
1.4024212035934716,-0.43547617456883286
-2.0594923511398617,-0.48165573694789343
-2.985334638871261,-0.9695961586005559
-0.1700556986950046,-0.6031462957416961
0.9147136369735658,-0.13599833984376486
0.5444926880031495,-0.2870121529486045
0.4770096195953313,-0.3281320227512405
-2.0373456281231572,-0.44249338625842966
2.514904271002744,-0.9657625081501597
2.3587287539094874,-0.6187714282604624
0.32871377061920987,-1.0130115738047993
-0.9330945977332332,-1.49510390246567
1.8231041325410473,-0.2507009286953504
0.027192095373346544,-0.3245997901946664
-1.3767141500913658,-0.9359918291738337
3.09222736940123,-0.44761223883659174
1.7832833036913192,-0.34816645688015146
-1.769266524068727,-1.4503014150287705
0.05042959238134717,-0.5060566677369301
-2.0694736456576255,-0.5897806616619121
1.6051964105832077,-0.11450830965174366
2.2195851270240166,-1.2736473873020497
1.9420937678914956,-1.1070991784114714
-1.8557109823213729,-0.5533268254611584
-0.09304087080917878,-1.1580974925775673
1.6582960270503815,-0.8556296614937715
-2.6616722591602544,-1.2298254548647174
-0.003533301902172603,-0.3206931020896713
1.4739502142319696,-0.8979291166311839
-1.316692497301748,-0.9090960808901143
-2.7358437557356394,-0.646325097035122
-2.4847692137916857,-1.2142538248305241
1.5997611349935235,-0.3763815910359141
2.421569281916499,-0.42923291238991373
-1.7469448134609964,-0.29584809746216295
-2.814846049844487,-0.9176197684247412
-0.7543729558841834,-1.2125993903954049
0.8741999534347714,-0.667721062249138
-2.2919551062651884,-0.136939139447265
1.0750716244620746,-1.0767371913362322
-0.9476513616536355,-0.926657955896312
-2.1941754863827034,-0.15845045332058083
0.314857757331898,-1.0146139549395023
0.746590573973461,-0.48577798030811875
-0.16125479479719207,-0.2599183161298989
-1.0182572421413507,-0.5611395355615084
-2.5219404546808817,-1.0546904709496279
-2.3204325351860025,-0.5489819187797522
2.750023587251373,-0.5285185615851807
-0.9604201208343008,-1.0626805284202765
0.007607152399571623,-0.5169355204563778
0.07559412422699555,-0.8534068320071477
-0.04970248729465521,-0.12757497167585807
-2.4618920837481135,-0.45381377668210116
0.8910183703984239,-0.17412870213729525
2.7389705418812538,-0.6321021201351453
-0.5615997777972126,-1.3869318949206855
2.8390628880384265,-0.5189728693315081
-1.173768279731859,-0.657414739716915
-1.0931148182178942,-0.8892299165486248
-1.8570230745778975,-0.7386454145065928
-0.2398690126436227,-0.48728527068943067
-0.6326392465781332,-0.2825782196603542
-2.94034562698437,-0.656321910314562
-2.1754843845690433,-0.9782820731076398
1.2459733919973472,-0.4180051589818625
1.2899038543113712,-0.9352405147054726
0.9214096931882186,-0.5160199949820652
-2.3850495997961207,-0.3514602600309891
0.5560912608243633,-0.537918740436981
-0.174278747085701,-1.2320023868707726
-3.099755237800198,-0.2682762937702648
2.744285689039842,-0.15936889394484507
1.9883332458939311,-0.2118647529590524
1.8133257109063456,-0.1763872136467788
2.5027589827470473,-0.22856626308001673
1.4031343413775914,-0.6658447002767843
-1.9487150379443445,-0.13689383586358467
0.9562622762970561,-0.8595483160773058
1.7345183586657733,-0.49111436922446033
0.20756570068099855,-0.016347469005392412
1.1975112087709148,-0.45571497249198406
-1.1986855542993968,-0.7285115622519749
-0.4309287726506339,-0.11605718533955509
0.020709197605411227,-0.5876448364234198
1.160399438824363,-1.1547101936171467
0.9750502400872562,-0.45564772163078904
1.5723715141103303,-0.7168424501305188
-1.3705520215513465,-0.2171824503252096
-1.0560152949263397,-0.24463018327318603
-0.850473548959771,-0.7473491861096281
0.9843278793727807,-0.1698508088351182
-2.5719297544633686,-0.6766394070001266
2.9852828449190154,-1.2780107113173995
-2.5417610305360223,-0.3851390503116932
-0.740272367408962,-0.6804338247670207
-1.292793879374197,-1.23057575804561
0.33447898903636253,-0.48495232304535224
0.18366403123079267,-0.8443591786810041
1.4081626873586037,-0.5463159786632903
1.6975200356448639,-0.10777294186251204
0.9028098707490615,-0.07534376848585467
-0.34436683173841676,-0.0588246612365743
1.20884641278351,-0.1118421459171068
1.7385288961909908,-0.4440673608434317
0.8330132939504626,-0.5663372907388406
-2.6405868833215442,-1.056456529504899
-0.3643020031146049,-0.9209662293347458
-2.446807112657358,-0.9226558188513877
1.3721741849337257,-0.2412162853370934
0.5548352695990899,-0.8893770253607801
2.9064690355772704,-0.47024438271093744
1.500492348742474,-1.0081421905574517
-0.4717048507473276,-0.09754402663932646
-1.1637653318013674,-0.5954772669796049
-2.494849791396545,-0.2196614334921099
-0.20459793789380765,-0.22734011775326973
-2.140278620219151,-0.1474787848135239
1.7091036469500334,-0.8990583453339397
2.324248424531209,-0.39938660021987776
-2.5470663436230434,-0.24736738409339093
0.2719073409262351,-0.6376374422833907
-0.7885431634264632,-1.113193459389344
-0.42447030998313107,-1.0141368711113004
-1.3090973848670755,-0.9161901721600129
-1.9485878772239538,-0.27396631676941324
0.1702824233371711,-0.4423540690149776
-2.6449886353624503,-0.2248440687214506
-1.0130328277455192,-0.9733274611347595
0.8794710813172937,-0.19758119206887695
-0.3712593449476955,-0.4018643928256786
0.022535832482259478,-1.1016390140210848
2.96546478435411,-0.9904930131850946
-0.3030355627050838,-0.31939765609794557
-2.00019825843379,-0.046379277766603166
-1.9387137195838413,-0.4556421029757903
-1.7061218040337804,-0.1442765639552142
0.140971717599514,-0.7202410384541227
0.8916797538999742,-0.7931955926906421
-1.3919720068006844,-0.05646414258471609
2.190016480386967,-1.3147296043257475
-1.3024615970788025,-0.5856069433300339
-1.2920982335644924,-0.25524630988438085
-2.6746798655260653,-0.23954289158382575
-2.583504004053297,-1.0614347642666615
1.2685901151214902,-0.5115588853115293
-2.354634359110888,-0.3466528232811686
-2.0117040660892807,-1.142017389714174
-0.9964235613221959,-0.43640465284917807
2.791205338765775,-0.2397026507425179
0.17361321090816792,-0.00518187050397204
0.8751972146513921,-0.02127618890735962
0.7543181640758876,-1.3724971773707513
1.8631860193345142,-0.922029390258651
1.698862305968423,-0.20640103332221327
-2.4059683841451043,-0.20552340824742268
-2.7704470457565376,-1.139795109114214
-0.2688926740789883,-0.08182576480133688
2.8644084067167284,-0.12275126556644124
-2.584801000183179,-0.4380394758721708
-3.0412134251367813,-0.3476452041188613
-2.7204730429253767,-0.6224555891364969
-3.053823032999941,-0.4770739642771517
-1.0936091243768535,-0.41268940158571393
1.5920935384333639,-0.3469258757105281
2.713764610015544,-0.23930892198396392
-1.3661906257815257,-0.6373572748025584
2.6615500421334963,-0.8749357470303843
0.3466892972170838,-0.324015364848371
-0.8898405004539356,-0.7016894382909187
2.476684467941127,-0.12188092699457023
2.771684235503407,-0.5637037008835118
1.810604559212013,-0.3018942949865087
-1.7867363807168335,-0.06857332121049822
0.6935375069672304,-0.8544153398512597
-0.2165803841723699,-0.5647094785231145
-0.22602559479240814,-0.4142448123663953
2.675727339903371,-0.42819600582616235
-1.793489541057511,-0.6741742716284059
1.806305890730742,-0.001845215106563698
0.9847230439258876,-0.628391646484826
3.0096467049144757,-0.3787710062774372
-1.0353708794735645,-0.41011502893093105
-0.7330613176412655,-0.4767609292980629
-1.4497342768890773,-0.48478602186510067
-0.6206598218641357,-0.5256732327633541
-1.279972946473685,-0.033350570002514915
-0.6466343006596134,-0.7446806852909432
0.3127634839555206,-0.43454084309767715
1.5339135437314826,-0.7558208284791572
-2.873943800846674,-0.2010278390033898
-2.17771237705787,-0.4055495443346809
1.7120898410120315,-0.25996505302020395
-0.9900468299984091,-0.9826646175765856
0.5461972334335149,-0.4793939470403325
2.01649449635498,-0.8320751567570148
1.9973969840109453,-0.0029486476188291173
-0.7325898243186879,-0.08568849829453024
3.045904233225106,-0.5695113704544232
2.9963778350652017,-0.22870974815690667
-0.7587703431641319,-0.7953501664952183
-0.06958993234854116,-0.6439409951628338
1.3350178913786988,-0.6221573012162461
1.2600731774943907,-0.41669120954601885
-0.8825537500134208,-0.9351065237445466
-0.6692366558032239,-0.6151325515738008
1.9506462213158862,-0.42882937189741877
-1.9207122992607113,-0.38603416309809324
1.771535062605606,-0.3817823028442183
-1.8867418700974294,-0.3031244184393882
3.0762388265555916,-0.24521633127376694
1.205092478024555,-0.31391031321802854
0.029929155308259993,-0.8063122584303223
-0.8042452051404236,-0.0013092916223069533
-0.029420447234153713,-0.6212360951390342
-0.06974196964507762,-0.3806719760035139
-1.8766182010598698,-0.9927470266998275
0.7694012840873962,-0.7132245706415042
-2.0069168416459426,-0.35121834343191316
2.661250891579787,-0.37806774657189524
-2.2843837027128138,-1.2060707940454247
1.0766891934357998,-0.22422492469267627
-1.1482632668751895,-0.35197974558816075
1.893077474906069,-1.5563297581591937
1.3283529351410839,-1.0546038304772045
-3.102215153348366,-0.22590716741483852
-2.5669030871177343,-1.1552190513055027
-2.6416139356083566,-0.1536155967126505
2.928452795928517,-0.37148363277568686
0.9504102088477634,-0.13002119602936396
2.0440290870109354,-0.029058702482113244
2.6559290176815784,-0.2156956636349036
0.17251511911836073,-0.28632695896232174
0.5488824090615962,-0.016169221318504512
-2.767885558545309,-0.24136544039219843
2.9146628323732293,-1.1817613009652002
-2.1355989691974644,-0.5982776999015491
-1.5045773728468506,-0.5030754338224804
1.7904451959115308,-0.06705842614933509
-0.13827086400352862,-0.2500951985296557
-0.8504438643012975,-0.0637328972306691
-1.5085166691218195,-1.3937443443380737
1.4740461136373502,-1.256557429811166
3.097357516672829,-0.34180824232117546
2.4215512728289443,-0.04030887759658073
-3.1050414513068225,-0.24808934578350747
-1.0850327805522522,-0.6160024575664967
0.08811929816349576,-0.12066895196974334
-1.9379140092978968,-0.46943902216147315
-2.6917174108925273,-0.6312446302545092
-2.695943407499235,-0.3715637797059547
0.6358607719910433,-0.3033258893763757
-0.5499968282868357,-0.07836788625289026
2.268625103057254,-0.8931232267767086
-1.9836832393886104,-0.6102445993824305
-2.083985667583269,-1.0304457435222978
0.9295427842722801,-0.10820737671973908
-0.02829389324899889,-0.6154007960081127
2.5127728396140783,-0.02803520532861984
-1.2675221438111697,-1.0033292689384887
-0.08202685083850181,-0.6795234461337779
0.477348899945452,-1.110599374479408
0.17211791811542537,-0.6939922775436216
0.6688850714128693,-0.2199210258066796
0.5380519581697081,-0.5748522027062337
0.07032607064115665,-0.8166219553177768
-2.9306490548289674,-0.7456774412661279
1.433842572504895,-0.5114131513639001
1.9443577853525555,-0.860491006730268
2.7527281884540704,-1.2418110947374696
-2.1955230179726293,-0.24722363831301505
1.7573814771971568,-0.574425019868447
-1.9147974738678517,-0.7573022183905841
-1.447480303713271,-0.14804589961272233
-0.9661212437675397,-0.6744144390848166
0.6343186437410717,-0.7269051426087187
-0.554876720384585,-1.2157310617241404
0.4627430015422478,-0.04375083299782553
0.3189851316410652,-0.4296397324639023
-3.0711093768216697,-1.0138388432150407
-0.7213617591948784,-1.4563839189175847
1.0113613792012404,-0.02157119988667831
0.5016718020073685,-1.1346245391705758
2.404860155509415,-0.889265088197969
1.3160541958432488,-0.6596878589333066
-0.7659654065761954,-0.09050702819699676
2.837533895879317,-1.0033746558560217
-1.0654093152024888,-0.24030044935128334
-1.8089918888410326,-0.006826488015102896
1.7631978045111056,-0.570810840777701
0.18362744220935884,-0.1795194657829158
-3.0687375391457956,-1.0601771859590845
-2.5239243237472193,-0.6337256236137478
-3.066875721967443,-0.3865441369023236
1.9291723987186111,-0.9274603033438176
1.5572438596388307,-0.06406531414285788
3.1169872712650197,-0.5194907783784874
-1.0106069780852538,-0.2762742232429409
-1.7331077332680422,-0.4997710774032348
-1.6225920516265413,-0.6692296950174582
-2.401915113954841,-0.020733312370009957
-2.8406890168663486,-1.0700567538477543
-0.07553950477023719,-0.5631606041748002
0.6212741430653004,-0.4923591218388886
-1.8857997161982123,-1.081523093702768
0.9569750037087384,-0.7617150649744777
-1.8359692711989686,-0.3946417718969437
0.8773294356817563,-1.0088554211697909
-1.8419054716958252,-0.0936372419872114
0.31937536037665587,-0.446958018196765
2.8576835471775137,-0.2060049859330482
-0.5257619401673139,-1.0865533395989542
1.4585035227002219,-0.9631764300473146
2.1473096468265225,-1.146116203513963
0.5224577759739916,-1.0831403012980139
3.021837766697995,-1.0915504362522601
-2.1366342254770627,-0.12670013467566452
2.9496158460717115,-0.5080310208394639
0.5232158171716258,-0.9713554878788117
-0.7670356346026086,-0.9187085724261572
2.2136126553224202,-0.1554324451367349
1.3958459872277509,-0.8221916945489518
3.015636138753771,-0.0516122347628587
-1.7341775522567913,-0.9228030689228228
2.9622707784983313,-0.8539028195479308
-0.8630177238194712,-0.466087702909817
0.367902988444134,-0.2850206669054778
-1.9309153945563908,-0.8822921627905599
2.301660136338857,-0.020329686129370028
-2.964388766707805,-0.4227457590709427
-1.8420457617849104,-0.008608267663945452
2.9942407188028435,-0.20601903717468947
1.5927988206318953,-1.1554756552996437
3.0162332637310656,-0.5099167424264728
-0.6464815654953018,-0.01959366502302901
0.9780746899527302,-0.9948723650978408
2.4701603978424296,-0.6758858851387708
2.3043862896686242,-0.0035675008205916852
1.1168955637919478,-0.42353986955712425
2.078857371723748,-0.285128431974352
0.7748428519749365,-0.7014673975672764
-2.887752543255007,-1.149481588884568
1.3766487436105284,-0.4893539553013386
0.9694790926488871,-0.4457413388905945
-1.692035503717289,-0.5366875492198477
-0.17898190632355604,-0.05353740198981518
2.6524146159466397,-1.4173352301301678
1.0622794226076615,-0.9543481570765957
2.4188984583007924,-0.19002296243415515
1.851330402971691,-0.6052426750359757
-2.3306317797954845,-0.34180097091924805
2.9222617432172426,-1.0766128478463088
-1.604391966046097,-0.20887295047672785
-1.3027187381511283,-0.018674860606573335
2.0322295742622143,-0.3844770050985169
2.0005525015428263,-0.04148192155226794
-2.0739273479734797,-0.8317998431257366
-1.082492717716658,-1.2267091522757791
0.733023125615891,-0.25808870713059445
-0.5304793669115133,-0.5422534411311251
0.49246939702708964,-0.7274548238428081
-0.7807394001151566,-0.8552301343265456
-0.8064033916124371,-0.6031936233809541
-0.6224413156389303,-0.2214377480165107
-1.7664062903605426,-0.3009004422976478
-0.04020586117327962,-0.7480761913957742
-1.1880741141588533,-0.2638950384188327
0.8707434292261045,-1.349178448840262
1.6317467589025705,-0.5178214201523463
2.8619889451313933,-0.5955366406127091
1.722180063349426,-0.5151244151045254
0.4116413433324773,-0.16064688756790435
-2.1648058169204836,-0.6345423368104657
-2.232735577836075,-1.0103893012753853
2.630599780602134,-0.059525643484737836
1.285690112011039,-0.9640535545947193
2.18992838692748,-1.0595732770112107
2.846771344097286,-0.2463805477702607
-0.6559513500178671,-0.4114135955209519
-3.0054859895212815,-0.08047219514927915
-1.4577353019593335,-0.39057339218391934
-1.2188979729664666,-0.1594571756583531
2.147490595863622,-0.8989636011822938
-2.3340031416075098,-0.9331926335956733
1.928653031702254,-0.09702188450705183
-1.9412078539912132,-0.11140153123131999
-0.6271894433966665,-0.30504189076812555
1.8516016206030281,-0.0707130292149459
-1.6099290822977546,-0.8059952210800546
-2.275938067434214,-0.39996842176172787
-1.7910048179965807,-0.2728698767737183
1.24128869834657,-0.21313724819571653
2.8953116132553425,-1.4644718944813366
-0.15864814865828247,-0.20581848551087148
2.4802223466180644,-0.2066701446546029
-2.943980350697848,-0.07414455882900735
-1.4865952892795793,-0.1342012178271094
-0.44949240666694834,-1.384893018540616
-1.3019584400183284,-0.18907459514134115
0.7065034912659846,-1.0500686737596767
-2.1887799760005064,-0.6012146851724666
-2.838800246711537,-1.0275584273148877
3.0970394352115527,-0.07664522564485177
-2.8951775268242352,-1.3064791187855176
-1.8779151158026286,-0.14693279120470223
0.30847941532995804,-0.22355880868788042
-2.7046584789992774,-0.555847298322431
2.480495826993809,-0.15456964254740055
0.9515068402660274,-0.7546642164860905
1.4700736769441802,-0.1058902666365746
-2.4816868940851298,-0.157928836721711
-0.07355319038822206,-0.15904604545678988
0.5163040297329727,-0.3712788168109212
-3.0514630442200996,-0.7596036613975206
3.0678976964922846,-0.30801734996618274
2.3709683682958222,-0.7003007755650432
-2.262606961288057,-0.6186527979738173
0.2641079994646607,-0.4592410937186481
2.9468680031377956,-0.4769328804057001
-2.207738952368979,-0.28436806367452494
1.448160629508607,-0.3661636630873754
-1.5003579697466831,-0.5026521323783226
-1.209713320753762,-0.1826023205135789
-1.2050468732691666,-0.5236276993898505
1.0661665191317373,-1.0151552035481175
2.5933755100386944,-1.0970002933536696
0.2824988916885796,-0.35362470109461897
-1.5018826292282528,-0.926376592535554
2.063931406152955,-0.5312837621191578
1.382927882959914,-0.7688443626779032
2.543735790349038,-1.077091624500623
2.9357709915662697,-0.4308334288488915
-0.6209776211107654,-0.5277357979442701
-1.4125669984609415,-0.6595897449700786
2.9883406056636486,-0.4237123818539181
-1.2264785418222655,-0.7419119743168403
-1.1696396707848562,-0.35285812134659394
0.36271310601477025,-0.6874263571803351
-0.8118216821794917,-0.4219457411258421
2.2208776362318,-1.1210991593947097
0.19519176641928876,-0.1882925826013782
-2.9271991885237925,-1.4243390171095505
-0.20410067895165618,-0.9840461801047645
2.4721773655017953,-0.2988458795912355
-2.920935842041555,-0.20454635873559096
-2.2581513229334114,-0.4273100487323809
-1.9738946764571725,-0.08913934093151836
-1.2642161351836068,-0.17413744787303959
-1.4976803591982488,-0.23928859016042145
2.4104157433939966,-0.4119284237066074
0.3379385105215905,-1.029676016904625
2.29015759251667,-0.14676591459538593
-1.987414619541596,-0.7399766160778669
-2.9477493265456864,-0.735195427944447
1.572746846189726,-0.6001537839640384
-2.754393061055085,-0.08055465174071996
-3.0507687800557233,-0.08852266224709027
-2.0523525750484337,-0.36048384236727904
2.3875436856287475,-0.17782730924091403
2.077354608760129,-0.40422833476207826
-2.1293839888729718,-0.8078712516871237
-1.0457851540398764,-0.0858256168183083
-2.9268757601178415,-0.32234485225396775
2.6614676762014535,-0.2737582978919153
2.9585096102836035,-0.5399011058476106
2.0757787366855296,-0.16392758013968953
0.02640606853031872,-0.4571887668984796
1.6928689008747515,-1.213119861452814
0.10005057022077853,-0.09171041962838741
1.6016136918205999,-0.32508872827487595
1.3127439857709031,-0.5696901595856328
-2.278308665923218,-0.06612830163012384
-0.5448822364497898,-0.721126892418802
-1.1700737513498636,-1.1617354676715472
-2.0534160677636812,-0.09665960358033686
1.3681176036956901,-0.5395146913360053
2.3853842911094216,-0.8929501034790743
2.1319381221223184,-0.23761666909161608
0.024357256779804746,-0.8681126305685091
-1.406680662041003,-0.3096151947371175
-1.48098124814023,-0.01127500534150301
-0.4275383879686947,-0.469208521959439
2.630557674635174,-0.27288240802787705
2.8375786429528187,-0.6994679759936393
1.4080031407307327,-0.6457255012935165
1.6165725455076572,-0.014747618586009948
-0.22123921667906643,-0.0790974758181029
-1.6276220535222832,-0.4923273682893955
1.224752575370429,-0.687209192750867
-1.3045609571391363,-0.17938058591548117
-1.7449051950944492,-0.8889249455767793
1.8787750655043527,-0.6903526276987216
-0.6084001217945962,-0.2076129633444487
-0.03445222476445142,-0.09254638144102688
-0.6794434113699479,-0.792315663376419
-0.14501911141617452,-0.9580468386285819
2.355885408454263,-1.1474855942622435
-2.1430273117798695,-0.27237906458667177
-2.4239709949275787,-0.5154262835907883
2.6555255263673203,-1.0952576466693376
2.6932631311183868,-0.8520639953455001
1.7490871161956802,-0.15958756684815167
1.752812372312101,-1.0594603233171958
0.2807557109976674,-0.041423457763242334
0.5087002957896181,-0.7567350824167227
-1.9597596191511837,-0.9983712665633089
1.2060576447737208,-1.2937857766799323
-2.9406027861757136,-1.007866150998681
2.7004105839564496,-0.17430373561806145
-1.607307233319804,-0.9824760263090646
2.632330223571063,-1.063728006500808
-0.30876039593259996,-0.8052941329444302
0.9361358200818042,-0.7943295920289838
-1.2924835032134334,-0.19846103591433217
1.9154407787151413,-0.6607640164734768
1.503641720581096,-0.8156712422327006
-3.138050030942641,-1.0698510110711994
0.7359056469940184,-0.018052332169152727
-2.8491848412116783,-0.16136188092116563
-0.3788424919390696,-0.10039806855483001
1.2352800037628893,-0.26152637445916105
0.7183841690389625,-1.0228438114197116
1.0344788987638878,-0.06568428465839231
-1.4495454091104305,-0.695003367474104
0.20394644590003413,-0.9318920024124944
-0.8918946536566628,-0.2742992496506503
0.2561378701089782,-0.3882039404464599
0.889687578554463,-0.5396676968736972
1.6709252623002142,-0.6133086139983931
-2.014859706033027,-0.09718958481310283
-0.39312495197145836,-1.1004729245429483
0.2942965093594772,-0.5706268190252954
1.0004012553116672,-0.9194096951941421
-1.414486041184131,-0.03030459808615172
-2.1113625218986014,-0.918707784730662
2.1525430461162003,-0.11617083696536509
2.5645620141944785,-1.4275643036998995
2.380412365580324,-0.5519682527706381
2.512371447846985,-0.41623201308657154
1.994879995242922,-0.11596011836999198
-2.6998917252036194,-0.3849353484577674
-0.49219621081420595,-0.08123179823288823
-1.6120920687641869,-0.673860120210864
-2.5942165636787773,-0.07011255214185863
-2.1838226795263918,-0.8173640665809163
-2.388717817965545,-0.6869030414685328
-1.7249569735418389,-0.9023389733315841
3.071540625105606,-0.0780764454754298
-2.581869509784296,-0.10488089769677834
-1.5821155067692603,-0.626876040830273
-0.5543031407158319,-0.10541177633452672
-0.010289941177486384,-0.2175031955449831
-2.9669846538736344,-0.5521711032360016
-0.7895778343857272,-0.9500020236007514
2.000758575453946,-0.32360643929230365
-0.979710741788427,-1.2584215152920726
-1.9935346058865928,-0.293547528695087
2.024272574965264,-0.7455756004037793
1.5592067616223746,-0.30066653900485724
-2.4046479516062336,-1.3624840100946611
-0.7973823842100201,-0.173067429672338
-1.1343079030046503,-0.6280184564668364
1.7048557615924234,-1.2621398523802863
1.3552809346823462,-0.23515076318675923
-2.772434555785222,-0.6875978635443286
1.826585666530284,-0.281162769074392
1.7167136628790172,-0.4064927678458741
-0.7672470599776835,-0.08722272096961227
2.7554813713182287,-0.3359506362268247
-1.9112219568838729,-0.7222947496250437
-3.1229569297838817,-0.872782715596032
2.5900611003646965,-0.13342600031389337
1.888977687190181,-0.7479138045094258
-0.33967271677405186,-0.9011140506734433
-0.5567645269187329,-0.17281787544313934
-0.8645429790497854,-1.427157929939156
2.516121738414698,-0.23451473755889862
0.23383089880384883,-0.4298928583647263
-2.9604488642199382,-0.9038816518022117
-0.6788124389717325,-0.8286521530719618
-1.6844039113754148,-0.6754784325454273
-1.40693759338843,-0.9683054638350199
-1.5162434677696686,-1.4048661826886069
0.09097445865964733,-0.47221988786235014
-0.30176103400015375,-1.1777668795129757
2.6110104051834515,-0.7192106378984184
0.49435591636080445,-0.3156824353699724
2.838696789295268,-0.6053849943640437
-1.433596861778594,-1.027328186536235
1.2365778960332015,-0.10784844680167337
-1.5205931656915332,-0.10275556503023912
1.6180339448999022,-0.3836006666022768
-0.14940781438957185,-0.4629996188169927
0.06692762549787179,-0.258934747160445
2.700118221205585,-0.2747988812567066
-1.7579263973493156,-0.8845741395612068
-1.6607270756540453,-0.3995963307524375
-2.9308292527130986,-0.2421101821901351
-1.490892492758574,-0.06394529093658825
0.7701618804155319,-0.16980504479213127
1.9355541709653479,-0.823844880307491
0.21580025496097976,-0.9540793015521193
0.008104116813898199,-0.5940786037695299
0.40305850836460905,-0.8086832543033411
-0.7008495107735158,-0.4774081899699565
-2.1572692304040784,-0.4484916003259054
-0.9122246558204523,-0.40612971861321806
2.127853481373707,-0.32271056537370857
1.653431885701465,-1.059216228570212
0.16598700068630587,-0.0075071003128470365
-2.9051616325465934,-0.40815612490303377
0.5803062793668237,-1.0818294736276959
-0.3102588646289375,-0.06200612289855719
-0.2551504415032628,-1.3903358947507187
0.5685747650253701,-0.07040370170343103
-0.4782692425023818,-0.7313074703214432
0.3859188276616312,-0.6525928003319125
1.7806503008259453,-0.8371379647731785
0.7581013302551131,-0.852262250619513
1.4838311157053372,-0.6776022724570939
0.1057812315609331,-0.8085988929502866
-1.4760956642711545,-0.9193973061772418
-1.1944972479429872,-0.14992525400294554
-1.965115712167453,-0.3259240037791363
-2.711911660133612,-0.1692854622083391
1.6084581868450465,-0.1629987689234169
2.6168359031662187,-0.7154428260052506
-1.267422410508626,-0.08246358330616511
-2.8178577073241184,-1.0972070840088677
0.1377090434972225,-0.08983747642352054
-0.23210396094039787,-0.7424609829777146
-1.0144728908942415,-0.37933716362195247
1.4241691948865849,-0.9328138014953216
-0.6219327624687221,-0.049550037609456324
-1.2479522225361803,-0.1938589770402043
3.115850080409111,-0.8163204963610866
-2.626857252636273,-0.5700505620235077
-1.0187055922141592,-0.8021787090183973
1.9985607267925596,-0.6423718253037063
2.069092070819806,-0.8142114222774519
-1.9371159383613685,-0.47446265261989307
-2.409689048677141,-0.2476856129673847
-1.1128308409347278,-0.20349450923496737
2.727751589113426,-0.4016818456283302
2.849415724522694,-0.1413195574619663
3.1067202852399105,-0.29244415309511934
2.453278158610473,-0.7906063865144621
-0.17309555356036466,-0.4337077986400348
1.6961022415196547,-0.3737117147306823
0.9573852125892742,-0.08492857139218858
-2.168020291548432,-0.762369869108345
0.051381679919674024,-0.2537001649574211
2.173351501490107,-0.6904485564659703
-1.9900348773102783,-0.6580447774788571
2.029124601224861,-0.735994166168277
1.8571497098322847,-0.056831937174097576
1.1136787133301713,-0.6948713267934824
-0.7192945124567078,-0.34899524577850155
-2.358555703493146,-0.07035951061588196
1.032697655028934,-0.1209989261488973
1.855719945317213,-0.26637926752775404
-2.4272393085401553,-0.7683524510827258
-0.896340539176105,-0.2452501671392012
2.759676308352104,-0.9640292654232293
-2.6840449906492614,-0.16477132833831762
1.142611627577419,-0.9742235822916173
1.425883589037806,-0.4652597912858482
1.4443363169080126,-0.2957995327314165
0.8321719094707892,-0.8732640104269691
-0.6501729329884913,-0.2445871968344502
2.0741023256810815,-0.009289222002904217
1.1357303386564734,-0.3812706367474326
-1.1290933125852805,-0.5218140089402168
-0.6985526665611381,-0.4211999927526193
0.022230578414045885,-0.3790990016594016
-0.7600820745176717,-0.26987493672583285
-2.4228182708535035,-0.5604498470045056
0.02203952880362344,-0.6250672752570189
1.9510554215752074,-0.3343808392292733
-1.5059591241657042,-0.5846647538983476
-1.1169827941255193,-0.07365541332170626
2.4940934513498294,-0.013504468172305183
1.664998897379546,-0.6318575539145211
3.0580013540246997,-1.046724673925675
1.6027776572353432,-0.6619196032111585
-0.31424760817214636,-0.12868470715212418
2.47614233443875,-0.9145871429741463
-0.657717547033351,-0.4533308230903364
1.1080655692763641,-0.5578268629101135
-0.3808974674927992,-0.7341738837059891
-2.273811614860107,-0.557461870006864
1.6799738106242856,-0.789199960759214
-0.17412199566487185,-0.4432942765268876
-2.8852685965970424,-0.5140501784605451
0.17051286536071059,-0.9223851874235658
0.5160537031801171,-1.1363983960700466
-1.6918353862528637,-0.23161001831249003
-1.99312298455144,-0.5677499465189874
-1.2107785139750131,-0.4292174437132287
-1.1399027291349642,-1.1016763578697188
-2.065221405997728,-0.38009823239655793
-0.22230345898563986,-0.19766775895605695
1.2533189346395377,-1.01995325406482
2.152514756142799,-1.0231688380128516
-0.28502884248699356,-0.44496036507817055
2.051989704969237,-0.5397117631130056
-2.942071495462045,-0.2778606548353749
-1.1009071776243475,-0.46390098905418536
0.3015128151181371,-1.051667560518424
0.03218855028887896,-1.0708837442565842
0.1098579915678221,-1.3052491380633922
-0.6227127076174535,-0.28274408772669607
2.227575246335843,-0.23632102319466555
1.0781758578192748,-0.2947453464558856
-2.5252703043045965,-0.016297411019462995
-2.133724523347561,-0.5058851259139184
-0.9071299829096979,-0.4008742244951584
0.629150596716956,-0.7795642459483645
-0.6153886212896369,-1.31017614728704
-1.5562923529349382,-0.6091416709370203
2.1231931847549843,-0.8473470710244148
-2.9111837980582638,-0.31443637381926964
-0.8207261398500876,-0.416787425196515
2.1802418083602206,-0.3348153243692566
1.422661382845941,-0.45254489563334505
-1.5006086653718107,-0.7073461973367426
0.0329891824052004,-0.24281471477534394
1.3450533505517268,-1.2059477439672721
-0.9945256039607528,-0.04744987055160101
-0.5169067143779911,-1.1861471572488678
-0.9682760390876881,-0.46828341968096765
-1.6798085975892976,-0.4689844974458291
1.6835774811595234,-0.1775832284043803
0.7484120244072199,-0.40066353215613276
-1.0339468625953447,-0.23668082781879116
-2.272054653374073,-0.13358678016420625
-0.4082279174611241,-0.21002760427609377
2.4776876574861393,-1.368170411979997
0.6773574504715035,-0.4474291690001983
1.327173613098604,-0.36301768011419966
-2.2558631387557053,-0.5299289059460836
-0.9190370977919757,-0.40523479307666316
0.5201554241463794,-0.30321543271935025
-2.3248946253797893,-0.21743424158270439
-2.99054941794616,-0.7016447430080619
-1.543552795298158,-0.5172525611100579
-2.3554627047794825,-0.5086860530239468
2.806884671083085,-1.2007623445031637
-2.4558851869954488,-0.6869581910122149
2.910883736630577,-0.3076394962766574
1.8410833147556487,-0.45503453987215897
-0.3197874931140028,-1.4644504595858072
-1.2860342852282907,-1.2704996100295205
0.9083309412294589,-1.182336306412838
1.0496067209326005,-1.0276675547482323
-0.018528435449562508,-0.23708087715922818
0.7203647532726416,-0.200149695004712
0.7643047020193063,-0.7514407279030295
1.095362707721648,-0.43761799216930697
-2.4588416974269482,-0.24685416721196796
1.9210311883395381,-1.4247528287946876
0.6356862690995086,-1.214294629893863
2.358480387258118,-0.05964120918742419
-0.6315189752952639,-0.8389893157227658
-1.5034650335692774,-0.8525006053390154
-2.5558589841101136,-0.29272350281083026
-2.3668448817876957,-0.21542567729291526
2.7470879293904833,-0.022540206485389704
0.30442017457121245,-0.6437321416203052
-2.153324718571426,-1.2217353573981675
-2.3834604551721035,-0.12610712270163554
3.1128300805813534,-0.5978034015333568
1.8059870398864648,-1.0738161345125252
1.9916170005649805,-1.115716600017304
-2.566367263661323,-0.30603201444288664
1.4743771073585081,-0.41466357034877727
2.6854884904294107,-0.26286119344116377
-0.19956123576859408,-0.24237737726551423
-1.0734690402888463,-0.3468743005312731
2.4020764909810493,-0.7790630292975244
-1.7517390162334836,-0.8918579020688192
-2.855727071820499,-0.03638783418856773
-3.106813619153156,-0.38452539219145415
0.9980921043403252,-0.047308695211749414
-1.8286214145276087,-0.6054694125040505
-2.3501814987477667,-0.4318398961982143
-2.1528658651869135,-0.2626719852232711
-0.9165047474231276,-0.520630965357329
-2.313785065731531,-1.2600148722380164
-2.122479807345461,-0.8039158846760185
-0.31266630694757147,-1.2018634410245541
1.247225581645002,-0.8005726452922347
2.115695271804288,-0.1429725580710596
1.7615948761443136,-0.4471095707840244
-2.321780753350707,-0.2295494103156559
1.6786184057656683,-0.48310714927776993
-1.3402811636105527,-0.01765231758861132
2.111018535460573,-0.9656686796582772
0.6338365360021618,-0.3265941839202072
0.22137389413927405,-0.9600382247648025
0.618062271936647,-1.1819418501954342
-0.8611692975631593,-1.2365084220311873
-0.06598873232623426,-0.0040339635931313025
3.0688075673837454,-0.061933480839484745
2.004892197274698,-1.0177496360247298
-0.12635291203345833,-1.125269484898217
1.3289952148762667,-0.13788747641241894
-0.1939313710709234,-1.1838407526651105
0.8804279557877652,-0.25052663268132214
-0.0484304073232531,-0.16272677938588462
1.4500138936955749,-0.05420945058565863
-2.08567527908661,-0.3413676401992765
0.30841000959672643,-0.4948403791488129
1.289016530401629,-0.6918947617077917
2.834274641849457,-0.2524272961974171
2.2563721815673086,-0.34733556401136395
-0.21023952545620173,-0.0897272364442379
-0.9575215088880533,-1.1066992126808226
-1.5451758819791879,-0.46645449900981717
-0.04492444061036682,-0.7831510153041493
0.09970751445578224,-0.23431927325100962
0.747406198390047,-0.6862360711721541
-0.7750234462753491,-0.1184967845544246
-2.380660674465883,-0.9203833406750385
1.2207775442402682,-0.7569918163213294
-1.2386578205371563,-0.005732620794642958
1.320625414737798,-0.03205760613586915
-2.59441275205461,-1.3742897235587521
2.455473367548836,-1.0994459545345516
2.0737933032361826,-0.823211854710312
1.0748190372216937,-0.9416874893110202
0.9571368766795385,-0.31404971816273913
-0.7586994360087882,-0.7421796385067801
2.296154207427207,-0.9762149719264035
1.8117704180285914,-0.8435536054248786
1.451380718311378,-0.7308806897363227
-0.6614404625893284,-0.8239341640743341
1.781498057572352,-0.786514260530023
-1.613338580829824,-1.2736942169319532
2.4576334588347275,-1.448263873877165
-0.06302213764157827,-0.9085674246150879
2.584682533760033,-0.5824424905579232
0.339598822852504,-0.13684909978480572
2.737420295087864,-0.4673734582187808
-0.6340404653223057,-0.9373598769256091
2.7575992636876228,-0.1924845029002693
-2.9367385051283867,-0.5344516953627191
-0.8558202353843818,-0.49913047288144186
-0.4442379066434228,-0.9584261189218184
0.5554690873163647,-0.4283267181522496
-0.6977269247432201,-0.344413748557841
1.4115170847338263,-0.6008996483245289
-1.0953342424367083,-0.7888031132052019
-0.8870471829456337,-0.17949136527131232
2.3590640074634144,-0.3621536570315428
1.1195538168506776,-1.080283018350982
-0.09696045975048584,-0.4021684015837763
2.39677717762479,-0.12097067658576588
1.4464557882775504,-0.5633801692677753
2.738345207513263,-0.17524479543466043
-0.6219404279343843,-0.1304691117621337
2.7370871698747847,-0.2682090510176647
0.3076869722577014,-0.8287760657733716
0.20595207454485157,-0.6830093606951477
-2.0271099880165933,-0.8201765879755897
-2.4386528379319303,-0.7905370629562911
-1.6801645536263,-0.6646449020045475
0.11451894264663938,-0.2422729901890592
-0.19818722521900778,-0.17905147361043522
-1.3207100481039111,-0.5307163905419229
-1.3093471077749443,-0.3274466594954583
2.99999089986109,-0.7606842817699497
1.4142377140883517,-0.0638034733552429
-2.7195630023754447,-1.091980358880769
0.43029992699721337,-0.4095131252818594
-2.1744138981104832,-0.0016789477802187115
-0.8662443186157311,-0.3931049381668332
2.5184698651089614,-0.7004696286252527
-0.000305852206377466,-1.2607118608793286
1.395294097382175,-0.7367214970105542
0.8787201556050567,-0.23829533109614984
0.7069262026888695,-0.223491460407051
-1.5585527842494251,-0.7536663742684218
1.8466020253803395,-0.7159720222901761
-1.2605886280970404,-0.44529566363748363
1.3272189285673275,-0.19978198265729077
-1.9038671854720377,-0.1212581855899855
0.021870762167405196,-0.17956927119420302
-1.1497072102398418,-0.31497702945581246
-1.4203650618524115,-0.9156027262005549
-0.8103977414329195,-0.797653539233148
-0.5044492534907015,-0.2859004361086935
-1.803529261817328,-0.6969849695289102
-1.578775983525091,-0.527767559074008
0.3697328377092013,-0.4592845465991586
-0.8369054269047833,-0.08331644739652566
-0.18113304052896506,-0.3671378804497946
-0.23877696346410104,-0.14459978086473843
1.612680619860931,-1.0513898589793933
1.8765488011620244,-0.5672619090486715
2.2763097916503576,-0.9582029106167784
2.3661253157760673,-0.8754774600766513
0.7507341897988142,-1.2997672933237856
-1.4877288170266665,-0.022850098405725293
3.007495651368464,-0.033026113222306114
-2.3873120502970706,-1.3893651434421317
1.2661381124055717,-1.0556952564296003
-2.993006955040054,-0.2676135235250135
1.4817026763610799,-1.3290775295025465
1.5780315150657536,-0.4861958821713066
0.14729110889971317,-0.019107303375907336
-1.1538541951210197,-0.35662819979378446
2.1153904805720547,-0.7265528654198619
2.795801038682767,-0.7899372213796217
1.3752415221708902,-1.5194029158834361
-1.6505568147007414,-1.193534921770513
1.019249749113324,-0.034981429981046024
3.1181784567325583,-0.38000113877527414
1.5800429952363104,-0.12908280871556443
2.7444291070606033,-0.8892333633337489
2.403055108712975,-0.9593788518276967
-2.2054371568885296,-0.8195526104233533
0.1558445378683928,-0.1387075893330563
-1.7275913643957281,-0.634222588325241
1.6466315948766426,-1.4380833138134532
0.6281871459432867,-0.3776318945380644
3.1156684410708615,-1.0534141443467273
3.135652313067259,-0.28145938745554505
-0.643201299389978,-0.7337232328919578
2.297716616001279,-0.3712153153598733
-1.4874484370522358,-0.2388840249535787
1.4519834662264832,-0.41372635238266
-1.3343745793307598,-0.15892191575153516
0.16694375162130173,-0.9464376491464493
-0.13656936626790817,-0.7200289000308883
2.144722619885027,-0.09370255186209128
-1.8644515999742763,-0.18620175660615915
2.746188600431408,-0.3159922627538007
-1.1140358857690993,-0.3631528866342008
-0.8603195542033388,-1.156756566901322
0.05270223958308915,-0.31066962493112454
-0.2666992494407312,-0.18690357060043947
2.9460722731946607,-0.6899280990750946
-2.515282684235768,-0.4963538671417148
-0.4033763638517742,-0.8962652905975408
-2.9226630610660536,-1.129488215315887
-0.6830147871351793,-0.11375677231701922
-0.6273619452771921,-0.6014153616113979
-2.085607533783156,-0.030357558585249324
0.6670787399233848,-0.43100832681091705
-0.4317991042401692,-0.11768726611231346
-2.318587240094036,-1.412158653480285
-1.5224196199519007,-0.38771073049336024
1.7977480193323672,-0.5269780254509092
-1.1058529389339578,-0.077875355779297
-0.30788289707408634,-0.746382164929512
0.03967563276661275,-0.1367425625853466
-2.1428576403575077,-0.35907047878691556
0.6410115965412505,-0.7970968000414589
2.1773387807636118,-0.2246511726486752
-0.1607106126418696,-0.5380393438842682
-1.495823189692591,-0.0866948687226563
-1.499647288286221,-1.0994762166838337
-1.6611578289493005,-0.05501065935862442
-0.19999740737711047,-0.8202656004855402
1.5433453524389351,-0.6998667516109519
0.1328257965130842,-1.4103779173044297
2.3555516869835302,-0.5309500457013258
-3.020598307687457,-0.15817728361811903
-1.0061958909689235,-1.0880055542491276
-2.453327818816516,-0.5251499488426352
2.0825075219652374,-0.017266824189938978
-2.753578251214277,-0.803106435204938
1.3189824521052171,-0.3620962578030068
-2.683293311779592,-0.376395469816497
1.2907181042377642,-0.1612205181457559
2.191679317098051,-0.049826382903709845
2.2093467362179706,-1.0556168288149872
-1.936280191752692,-0.6002724348360211
-0.3321369479155809,-0.9132996422215096
2.82257171487605,-0.04975610078802317
2.425627787278771,-1.1757439237401055
1.1965032182353326,-0.3551813361423773
-0.8193205473708911,-0.8328601330795437
-1.2501329780414538,-0.08457049719476072
-0.20985988468553796,-0.22801796677626754
-0.16850555613213825,-0.856552127989768
-1.5020920302752199,-0.27523774004083085
-2.7202550420738323,-0.7077751143374444
1.9744932872033532,-0.3062228119068522
2.2096001780270225,-0.8940222204400796
-0.8084377320239673,-0.8752397324621577
-1.144031436358576,-0.12067062009461793
-1.0943895745466152,-0.5128772361759946
2.0611285393146086,-1.047786125335763
-0.16386558433061893,-0.08062809719725135
0.43258608683738997,-1.330050976138992
2.494915605932875,-0.25314135692495116
2.8246522331943313,-0.3655093653041116
-0.5597118677417363,-0.30789603378747044
2.4417600925683622,-0.9137857854922272
2.7192873309962535,-0.7910937473712819
-2.3718415171805405,-0.15729872282471574
-2.9200660581268,-0.11509208085017496
-2.3351688562821367,-0.8422183757549951
-1.9594881183647157,-0.08026161647894468
0.9634367092690157,-0.2132860056247749
2.1784864559881996,-0.9183676445630262
0.175818825282326,-0.10745372444957745
-0.13188867646906033,-0.7695722741335606
-0.4130028058584365,-0.419307927435105
-1.0937593150077447,-0.5060623685696743
-0.09883315351914401,-0.09144509633861155
-2.5412909147285463,-1.3632368214352015
2.126810601475778,-0.1702907106137805
-2.8421470961241444,-0.2290164729762382
-2.699021423697856,-0.6850344011857114
1.8603609512425114,-0.048201197324990314
0.487382159679333,-0.9923096633718774
3.1274826661182797,-0.7657960113167074
1.1673580778220416,-1.2288847394114326
-1.0940955330449142,-0.2267596845766429
-1.551426753093211,-0.4609836213247931
-3.0673074029366436,-0.0773410758477491
-1.4683954855237875,-0.14066665564017586
-1.189063569208428,-0.02207714526223312
-1.546694915757767,-0.6183226885595737
-0.38300943734655135,-0.5132132307770529
-0.8919609428211759,-0.3585972124397072
-1.747858700436037,-0.9341930379866116
-1.8529727903788906,-0.8286372489141985
-1.8234425136251158,-0.22044434859167483
-1.007414807048197,-0.23632985958588554
0.5040718757821522,-1.0846096541969836
2.2408748800708826,-0.34914196263862457
-0.5963290552355387,-0.600373676427654
1.6190654502291317,-0.1369619472433951
3.0316674207320022,-0.2449826526175027
1.0232608813222523,-0.3930306464664566
3.0569000808015883,-0.5691267643869071
1.7471825401247572,-1.1640087982321135
0.99907243723063,-0.9129887855515131
-0.9338916494172649,-0.13581349408949644
-1.3612881130728027,-0.4129715102446783
-2.5137542704310114,-0.8213146915200851
0.5682065208144909,-0.13550263480581556
1.5687242102489547,-0.3614637331560907
-0.5663608922025851,-0.9005852137018244
2.7727930140369232,-0.7306295653042639
1.211955881631867,-0.8650976786700055
-1.8753892392750835,-0.59369186662802
-1.5791899085024061,-1.1205642456165419
-0.47560562820320396,-0.2795759091351663
-0.0241160119617998,-1.289797355773623
-3.0440858782039086,-0.5847092855994898
0.9171209995548908,-0.8394385132056081
-1.7865574954000332,-0.38014475349905275
-0.890184329890567,-0.2195142836227293
1.7418837031950618,-0.8286243849934053
-0.267612931530687,-0.6534713982970946
0.8054229777071783,-0.4077403863722337
0.21723898609217054,-0.44549833638472797
1.4456640923328405,-0.7752898116717657
2.4575221391658935,-1.1755869877469107
0.08340526178026283,-0.0636315291941073
-0.022331376417069393,-0.518369608300097
2.3018554141349274,-0.6274779176457763
-1.7669512540631267,-0.13718162432853245
2.708320383304908,-0.6518118037415167
-0.8422052010879115,-0.025051809639950216
-0.6910045660111113,-0.8511994669711291
-2.9592866814281944,-0.09187211277296768
-1.2501189003726818,-0.6549741061273058
2.717324989269375,-1.11187464344587
-2.7818995993179922,-0.6016815687736554
2.2386695671195382,-1.0093915272760805
-0.04126174554702189,-0.22467539672810696
-0.42333431311880343,-0.5743252095176276
2.99502605141159,-0.38542607699411535
-1.0377969394146822,-0.2564117500189311
-0.3474633999483334,-1.1563512842313601
2.510010098476948,-0.25022760456466214
2.899582639829613,-0.7012951452891418
-0.01543506795852867,-0.39354024860545056
-0.7953232517038611,-1.0940922419389287
0.14390399726125844,-0.6374531838091864
2.3208859292100117,-0.3061256807760372
0.4166918259444477,-0.652559557700598
2.5307181630934825,-0.49994563281647403
2.958090605758365,-0.4936331959755641
-0.07865869056708696,-0.7506584019265937
-2.1877413443505533,-1.1019641108306721
-0.7301776584287989,-1.0962251876316982
3.0125714342810785,-0.1393687033773626
2.8458824355657417,-0.6234146775809085
-0.6446621724231081,-0.9451479021939252
-2.3597068014593217,-0.48983499072378733
3.049430324987083,-0.3597926293313292
0.431308110794473,-0.20579956949688802
-0.7371789173311463,-0.14487184061776207
2.7945041121203436,-0.6482738566111668
0.4090835520622264,-0.5049245206559948
1.0937623856065368,-0.9171883015588316
1.5931102364628635,-0.9978685565532414
-2.062405070487598,-0.044648352750162906
1.4979879511409726,-1.1232295061422561
2.9297017526341205,-1.1708831105528743
2.9083045847715665,-0.32546406092508406
1.5279714231727857,-0.2446043317595164
-0.004222930327069996,-0.13812815466761535
0.37749080733011336,-1.0946759260420538
-1.0449302940688705,-1.1021569025442355
-0.7435101259655275,-0.8128478923962723
-0.8460600783255847,-0.745073327000205
-2.7046241233174015,-0.519172201438388
2.6665592679625063,-0.41975006685998417
-2.967353636421626,-0.0862750481634954
-2.323654597390022,-0.3749260119975527
0.4005135182496465,-0.6206414778997055
-3.1353194846218697,-0.5539122516474279
-3.1066847340137547,-0.7839323433595611
1.242805469686136,-0.09519475557081454
-1.7490210264281192,-0.3368608718074192
-1.7393360198629395,-1.2517697477341203
-0.9278591722458067,-0.46413755854066857
1.92371464466533,-0.12546809194573927
2.40839864914447,-1.132857337083582
-2.1209861775432968,-0.8088315100181096
0.4659660668577693,-1.4064461617779485
-0.23068398860345418,-0.7494989161843926
2.952995680473964,-0.14742261724949782
-0.6806435021869239,-0.13210196892133907
-0.2956627757532244,-0.7309778359584624
2.2085838556206125,-0.3441141919670419
3.1084226529645296,-0.7025805811776804
-2.5527039745775912,-0.872166999573908
-3.1216802655819937,-0.08775351452721007
-3.043287826640805,-0.05906804509423087
-0.8537372762192552,-0.10296435629539737
2.1253451001823005,-0.9732400828590043
1.7882130550217101,-0.8688596970055827
1.0929047354727934,-0.617778952547552
-0.10168152756582582,-0.9744473384781601
2.2597444108758005,-1.1960369122256616
-2.0394592270586704,-0.029984080474857955
-0.10028175270725104,-0.829913905970916
-1.9202430446713628,-0.6881600952195641
-3.027632046219376,-0.9878412044840169
-2.613233999393137,-0.37227481954933495
1.5661208272210012,-0.0850539924101407
0.863993558117035,-0.24975255582839695
2.1914013041648945,-1.0426284457917363
3.13256937710245,-0.6241988216720922
-0.7439687293621784,-0.480643841763291
-2.957651526035038,-0.2287954807478467
-1.3993715093965582,-1.096145455649424
0.7451135297971538,-0.13090688384894456
1.2232594729648185,-0.8334015325059688
-1.381278967708667,-0.8489210361899525
-2.4524810970596067,-0.022567918144820242
-1.990067562999247,-0.6202528514531288
-1.4622748174161462,-0.6255475172400248
2.6308017513708206,-1.2660549186388006
-1.0300804887949004,-1.2514766594636542
-1.7843652867521218,-0.23728314303302026
-1.5337179204936628,-0.11719422703032052
0.1263018289320819,-0.3242036454929551
1.080555855675025,-0.72291680254783
2.5166139167143,-0.24432459966593403
0.593668016846533,-0.6253049822475198
-1.4689845685454825,-0.5829153615488452
0.2230119690643581,-0.3402483619270292
-2.5281052375859607,-0.8308651634269715
-0.017863962167885994,-0.3954681370337568
3.0511284155269687,-0.5544744898113049
-1.1963508230823932,-0.22192360779595913
-2.6730487555629487,-0.7443497905866289
-1.050143376237453,-1.4220088515350915
-0.8263329977441325,-0.1775773726030574
-2.4639104328289405,-0.9332673944121078
-1.1006878098730795,-0.17123288284005045
-1.0266065593531364,-0.4888874841712495
-0.40453137412776563,-0.005774243985286168
0.8333614277272212,-0.616764241426057
0.7481952642089593,-0.019655606088157387
2.7076176597128674,-0.6262079956154288
1.7838408260392216,-1.3213815173003869
2.906155606237142,-0.31306005448405977
2.5980327480012653,-0.49491100945029926
1.743253589812879,-0.35347402823097157
0.8088691848075277,-0.7406487263101479
-0.14208470188112265,-0.13827070603007863
2.0036322127429322,-0.5858025543285015
1.9438785100146356,-0.6594747069891734
3.026354220973354,-0.6324782437730836
-0.7657011809129539,-1.2600645033875815
-1.5847730635494397,-0.3133423450336594
1.4011319838212668,-0.18303025981477813
1.606517472289042,-0.09494579258430955
0.7725616432465363,-0.32236613659677593
-1.91529863357259,-0.967391681562419
-0.906319354692303,-0.4284872884855229
-1.3104087068444281,-0.6475140944185455
-0.3065086111605284,-0.3763072370382912
-3.0325717371787193,-1.128359501005496
0.3198752419431018,-0.30086569761119303
-0.8092635896393787,-0.7938709835506665
0.45927060267840575,-0.019455452900620562
-1.1588831732313043,-0.43589010785712984
-0.19233518411968742,-0.36617033214051786
-2.620205082349029,-0.08943238980171338
2.12696430793079,-0.3781314153634219
-1.895891218488992,-1.3111775272682853
-1.5288010771522655,-1.0414789172218897
-0.22023334191353605,-0.397482970362693
-1.0316883465332287,-0.5881635387469455
-1.6465104242762116,-0.2276234620753411
1.772193641311152,-0.2204903510859721
3.1161675663321144,-0.9962284811925364
-1.760036675143466,-0.13690868277924811
2.316143045948525,-0.3273563228639035
1.121221668622444,-0.336649392088166
-1.1459044914093024,-0.8368263383889751
-0.2966963190268741,-0.20746547574380536
-1.755290227934415,-1.1484998761827903
-1.4823106764167822,-0.3781862210029037
-0.8807014633233905,-1.1102944297646935
-0.5039643997727543,-1.0975035579015289
1.8494402044251623,-0.7824318527337474
-0.21431816928525116,-0.8270273825098654
-2.4418806342948436,-0.7809854593299342
0.8856363113070941,-0.2179977433677909
1.4931860251343134,-0.7945506353668864
1.5204421207863332,-1.1817821689470478
-1.6923965409624984,-0.20268428877569836
-0.2714356173142871,-0.5401336727839793
2.4730020891061573,-0.4069917967367147
0.5953364556052745,-0.4874700412706327
-3.035565168192666,-0.19197406557548782
2.881321877082447,-0.9390615065190538
-0.040345671433223984,-0.14120678370655945
0.7011438734989244,-1.2076435615107555
-0.28256943439157123,-0.4275406749111704
-0.880720935050439,-0.4798574570995493
0.7993448982757362,-1.2298881643501338
2.9223289337054914,-0.07099246056317617
2.930146798761964,-0.41734829512684496
-2.876722592212909,-0.6773418380003795
0.9215309181704684,-0.3538653818867588
0.06318946514134408,-0.13268009250027185
2.789462562140478,-0.5396755223208148
0.9586431112064823,-0.8466621329620923
-1.3245419681675052,-0.462185096649615
0.6398681150890901,-0.2985452610204732
-2.32194555992197,-0.6189590671259223
1.1619723627664802,-0.08132400167189203
2.7181274761366594,-1.0346329513379768
2.2568440077972176,-0.053674980054226336
1.5607416939473675,-0.41973571032449675
2.4962501599383886,-0.16161448975379156
0.7784827758025892,-0.1711485076295629
-0.9199585023110206,-0.2763918684694445
1.7739941974388176,-0.5007721040948887
-1.0937699603757736,-0.3680446134309709
0.34082310080457695,-1.242693305678794
2.4487866013536137,-0.40912300958416603
-1.1311693299768901,-0.3802945062223656
-1.1992450143259825,-0.4733954661261757
1.2815359947196048,-0.3064262702648239
-2.620150324908189,-1.3415208795617888
-2.5320635084712615,-0.3881376995161618
-2.2811760095791573,-0.16142036900941661
-2.7811914428104694,-0.8005138482196504
-1.9830169931002875,-1.1817850007481605
1.8869380906860937,-0.49596715237005645
-1.3030876718109408,-0.09026969131207432
1.8881127734007244,-1.2537750428808982
0.4867712969438071,-0.0771749057717599
0.11880391097695646,-0.8336621984787315
1.0534783836931034,-0.398658009634999
2.507056475601851,-0.27484208349246136
1.035236458032224,-0.7020928931762401
0.37361593550731,-0.17724409432179072
1.172205443700649,-1.145876377360486
0.877853481793273,-0.1987090541246654
-3.0747172243770486,-0.6753588903745066
-2.476068711637525,-0.3766455810738073
-1.3681222100472388,-0.25240953055048965
-1.1809739768838154,-0.9368253471061939
0.04035742992412862,-0.001247603320781439
2.518228110122228,-0.2804454730913935
-0.15321032582323468,-0.1682484067611173
0.4656813484630049,-0.11461017661356902
0.17653609716429014,-0.33147392423805405
-2.6415033038932325,-0.536277273619529
1.93497882208472,-0.9707990431791943
-2.3275405175254074,-0.9047368180045872
2.057504734639276,-0.442500035407975
-1.598405811819938,-1.3330616081428595
2.393750602988833,-0.5216309873043993
-0.30584663241788146,-0.06144132206737127
-3.025308649618172,-0.4131398617360143
0.7868121659337249,-0.27619345846732357
-2.9428421000143365,-1.3431083030300257
2.5321991298161004,-0.6341749705526208
-1.0496682440311904,-0.11172467060936546
-0.984700069464413,-0.24551135286136963
-0.6663030719469365,-0.1996134097116602
0.6424077349584442,-0.658971657811807
0.11839682515894814,-0.2841910428009803
0.7255122027020061,-0.19533480409731147
1.701798197114168,-0.1714260430206288
0.2349622116576762,-0.5829673120234049
0.8504626023524382,-1.1832805123910561
-1.582035118341044,-0.058275244979728656
-2.3277848511001884,-1.045839946628529
1.5526958314230188,-0.5698596168560545
2.6981159454314163,-0.8090347492607245
1.1424650167118864,-0.34135075776217355
-2.7985298729829555,-0.16218458239578618
-1.047458033539466,-0.8415027966961331
1.4768855668438778,-1.095655798691075
2.4836349261548256,-0.4473210925002368
1.214342194322303,-0.047317600109406416
0.8736725913994495,-0.2553991500987095
2.139041716800017,-0.6288817716155741
1.5824608901687196,-0.10532587906509573
0.7328506248632342,-0.5816917690079294
-0.2542728675827677,-0.7365012439386714
-1.6235039391946824,-0.3120784878089977
2.930544217220348,-1.407352201907366
-2.7987007549455614,-0.5671078408328443
-2.104211148941599,-0.044141953554554185
1.4880664892192978,-0.7770748924582198
2.241492641009732,-0.20495442855609153
0.13039037173132978,-0.1672897071686903
-0.3600993398217023,-0.21898534270868664
2.9267690677970593,-0.88659705044443
3.0841426445085993,-0.04152923638104945
1.2446578546664917,-0.8376181875923945
-3.115314298049968,-0.6938612024781406
1.05919010672626,-0.059013391296171135
1.3153642463472148,-0.5698619784159039
2.358964497696472,-0.21684757642739494
1.1304749021990366,-1.136171091346882
0.12751110730098242,-0.2069487694155751
-2.1394900932715446,-0.6669893382887602
0.19491907549992477,-0.6324737502488978
1.5490733759763875,-0.004672576692164075
-0.12034443531574013,-0.8774357821865307
0.39328762073175755,-0.13435737271100828
0.13957972918119094,-0.5707213972402861
-3.1099796525298373,-0.738091338456386
-1.2426086816654651,-0.16223007771466197
-0.22827992762674398,-0.0673601214407777
2.552322777382975,-0.43368809377726353
0.8616670974168147,-0.2195449222542731
2.9601411153100763,-0.4315421191724538
0.5961835621779233,-0.03315140405889132
-2.7867935182304735,-0.385977506816499
2.778525219432397,-0.6531778532266279
1.3787627842562578,-1.2117154577539935
2.729561929625018,-1.051328360797909
-3.0936137108392208,-0.35495299334238023
0.37008819842977847,-1.233366808694602
-1.7340937273036765,-0.5125977080936935
1.0151821464019908,-0.5512091848160472
1.9440229848218071,-0.3190495895715455
2.874125121994566,-1.4499962948784413
2.3348145568397713,-0.8831383260763846
1.0806193709566527,-0.8011586517049303
-2.1635858921477134,-1.0402569321588733
-0.6039399459465216,-1.2251618531223185
1.8586173345211454,-0.6329059361910631
0.9778279620155421,-0.10792530011926135
-0.3248015193445628,-0.7998586763026148
-2.5260042365343334,-0.9997229997969013
1.9163479255314169,-0.7678744378140226
1.2831628512601267,-0.3540557084488397
0.1887085028076492,-0.12517822559802494
-2.4314872425825707,-1.3654838214789105
-0.44935340242064203,-0.9184801302879004
1.9522032923887758,-0.7096743300445998
-1.2490928180838123,-0.2517884091543933
-0.8672028288847251,-0.4543783368202395
0.3963399909626703,-0.17795186187829193
0.051968918996947056,-0.46458974052078
-0.7877606182464838,-0.31457952748822915
2.549575285914394,-0.481316219759023
-0.3648618507101151,-0.26946225632321197
-2.5032832056498733,-1.0465088669084774
-0.36472951147693333,-0.13072775050067378
0.5926015969242129,-0.37896508879765695
1.7533028549537872,-0.5151949366573261
1.2707986768248576,-1.0454065469000484
0.39647467518929125,-0.2269533016179009
2.1029617046039277,-0.3074805355475449
-0.8348158849419711,-0.7111461698409868
-0.5507521691218216,-0.688762049158189
-1.5799273405278633,-0.4634410513299117
-1.8189858296712913,-0.057459466243910684
-2.560969928904818,-0.7581427965347254
1.8672243411867575,-0.8283951719068179
-2.12734413059984,-0.6448274614515902
0.162224077579676,-0.08939887966524049
-0.710306063614869,-0.8802223269178229
-2.3670597134263436,-1.0077428007623692
1.5441434039048736,-1.0632806634931498
1.1838846274134498,-1.0146741347791148
-0.22694376001021066,-0.2907616112157538
-0.9161881935075717,-1.0151204258496136
1.3362823512136848,-0.38964208603644324
0.6299870100164634,-1.2894898404305872
2.4397819562880882,-0.8847593774984381
-3.0325655008037002,-0.2482271865502501
0.7413769492414563,-0.4936662894002018
-1.1381438584502765,-0.5058829688712642
1.520197462527629,-1.1756649415790765
3.0698645766219146,-0.3488072250609973
1.0634058606735974,-0.0742377043159504
-2.3850538216454376,-0.05561721943092179
-2.2396187486969,-0.40375545059409407
-0.19896951441704402,-0.6559421002468465
-2.0938979483705147,-0.8196501697844042
-1.1737082405806882,-0.31754875341352595
-2.7982131604456226,-0.8027523159874954
-1.3397879929022318,-1.0994301006854952
0.2395126318609698,-0.3292550381071972
-2.517774298799028,-0.17130051386361728
1.8568778147533083,-0.4781357786336026
0.5893640349697262,-0.19806500299360066
0.02595799663160115,-1.0413366631975716
1.434930791608429,-0.3803095964825557
2.2695887995455477,-0.7504474991173865
-2.473604947636169,-0.5840949335283819
-1.958915050046052,-0.28299313554522143
-2.48275318441567,-0.6398083975996095
2.015801843144525,-0.8187448975018168
2.8418812295787017,-0.8436616975699321
-2.778998566397109,-0.9845719271550656
-2.5152067993208163,-0.3492813781534401
0.20452632223050063,-0.04636869648484439
-2.877890407961872,-0.4922741345817643
2.8919436480228096,-0.5173349739378638
-1.4260829376993112,-0.7564734812379482
2.106542213895832,-0.41379476831204015
2.240833106521531,-0.029748035429992315
3.071723312008316,-0.12949370275034647
2.580885076862685,-0.5102621350399479
2.6456902243337628,-0.8427465133065483
1.3688088969059387,-0.7805960510637843
-1.4399490782806144,-0.5938411416838824
-2.308142523692646,-0.5236374441981536
-0.14694398419148325,-0.6813581784354915
1.3497946545826018,-0.7746874326323383
-0.3898827214936649,-0.538022862779017
2.0382164012295485,-0.3325733451464828
-0.0058910410108330424,-0.20559602416533443
-1.8861027244499136,-0.5305563354523789
-2.5587080300664184,-0.64687500225421
1.5711936771550472,-0.22375620559037318
2.692881032872721,-0.5376337491759543
1.6110855047286146,-0.5587169085973148
-1.1607813870738175,-0.4302441008007161
-3.132009227507582,-0.17118461178581973
0.7579340625875277,-0.2166316195547745
0.7218429322414728,-0.28673218270139506
0.47526591321246403,-0.8736729796411952
0.9413669166346734,-1.209605041559856
-1.4610357892066945,-1.1605032804049082
1.090672026958909,-0.10667295304751755
-1.252245985157331,-0.6607287056356098
-0.8637355893754428,-0.7899752826404497
-1.2727285730312108,-1.1539319214981274
-1.6884082877376967,-0.9703367085338035
2.857154441100525,-0.7527763460780587
-1.377873528656167,-0.4471792757237559
-1.6767905355934847,-0.5950063305240414
3.071637452716968,-0.6262742202518273
2.635165577326759,-0.04941270254637307
2.212939694232193,-0.05492100491054889
1.2539096024658762,-0.12997770289585153
2.8859147619769057,-0.38355124549928105
0.7874991315930099,-1.488220660748561
1.2944483880258804,-0.5481119746368796
-0.5133286952448497,-0.5097871155778273
0.2646236245470142,-1.176972310469825
-0.40155532415809514,-0.10146850294609579
-0.5052256018568322,-0.33594199479718795
2.102678406338469,-0.4848427431481451
-1.9828341486666146,-0.6192747298444253
2.0718673644229075,-0.4198517984765618
2.653476614349696,-1.1672360477808548
-2.9938861768871177,-0.4789884879200297
0.7921341391665855,-0.9847851873089039
-0.03784598520218285,-0.1322875913798634
0.7771795721198148,-0.8244677642891589
2.312329008755669,-0.9974974588380459
-0.9130572142620972,-0.3609147872220289
-2.8803127421163537,-0.5685185630439533
-2.6454141437217635,-0.004217585708949506
2.8632779519260185,-0.3075793714936872
-3.032983905246296,-0.20565847434027607
2.606375845413973,-0.8081911034073159
-1.0624027128566658,-0.06796383319329889
2.6354818444862,-0.017248075323992265
-0.9105143620850216,-0.25522242088154035
-0.4332026927794628,-0.27702210548792955
-2.6624122253438944,-1.1175977399676968
2.738036703757749,-0.02723160847790355
-1.4342018868432236,-0.7079275852033597
1.3475587573323748,-0.7608097603060384
1.857239364892225,-0.3543232520658948
1.4074089964092509,-0.08371995807571009
-1.4387418775647918,-1.3155844589676784
-0.7103182763485929,-0.25536987470085587
3.1147080245850725,-1.1886705659336616
-1.5764404391624849,-0.6397094106346694
-1.8143536789624068,-0.09350217378410564
0.06517189265053769,-1.406498902024498
0.7575477383144286,-0.808672085348923
-0.17794360502989548,-0.05651370294587968
1.3264173104502375,-0.5673012094982962
-1.758404164882811,-0.5245229521577562
0.15375486696150015,-0.18496227367737766
3.0812153191891465,-0.44388707427737795
-0.9608699690156524,-0.4852661173735911
-1.4426156182780687,-0.35973294705663
-0.6693240272692513,-0.02271090413806726
1.6709583034230204,-0.5726955638683191
-2.3760667312124446,-0.5576709222453997
2.992191065154707,-0.03148337548007161
1.4214444091176817,-1.0288720639850146
0.8196058001242081,-0.7636252081001682
-2.0881055301791447,-0.12795148093006622
-1.7353912804773381,-0.012098077381091516
0.4064717623921073,-1.4317371658868847
1.113126846862505,-0.02512532169973119
-0.3305142091052993,-0.95448234362461
3.060098986951224,-0.8562086765120563
2.14141444070913,-0.3925928558653865
-1.3961614541287242,-0.08718431505481002
2.033938134754554,-1.2414635992306047
0.37374599696662175,-0.5481881166195451
-1.1647079104413196,-0.6845376977413122
-1.3498974051342252,-0.0947938420983588
1.405280800061257,-0.8484224427000985
-0.08820552943280369,-1.1804475724218304
0.041502571138384445,-0.7279394641572581
2.080840644372724,-0.688991200187422
0.5068443811610378,-0.3580590085665776
-2.400000288054862,-0.3320153553489032
0.6400378630831131,-0.0319628270900737
-0.5450179994723285,-0.32165165265363926
-0.16843195353144047,-0.3695828611678805
-2.482964018439008,-0.7651830000184697
2.9336702927228675,-0.8054332605480773
-1.5658648737448333,-1.0962976949331442
3.002960583698262,-0.6990487322251776
-2.575574636560887,-0.9228811580250134
-2.97476314675408,-1.453608425258651
0.0347622630100936,-0.7715241106766095
-2.362080263021761,-1.3600370137698647
-1.08939632760306,-1.290152558076569
-0.9727683947350529,-0.4091401976547919
-0.24404065917683937,-0.8202444675921271
-2.0701994779676554,-0.891032345447259
-2.9695716940310852,-0.6359532650427944
-0.31647236331940665,-0.4711729718232902
-0.5373533835684139,-0.5083374662175556
-1.721554218263324,-0.4985700424960914
-0.08703693097499521,-0.7141748229947824
0.7682860719732261,-0.7565984069823005
-0.836042391340893,-0.4327007511868479
-1.4446313048458652,-1.2315167900205768
-0.7697742164519958,-0.6317681964410214
-0.1290395886766582,-1.210630014785406
0.4585930034820862,-0.1392104550294352
0.289143562562692,-0.369514465929023
-0.4911333161456177,-1.2587264837859773
2.4627281847067097,-0.0070289571181915604
0.27428845095070903,-0.2025783131478101
2.225052671703627,-1.2932896906632823
2.5194139601996945,-0.834097913169876
-1.109963745964297,-0.9021046604733836
1.1962094282756237,-0.6302461247561818
-0.34204144201711895,-0.6576686767707239
-2.9820084442715142,-0.08587359869447102
1.0245062869047539,-0.7538741894861528
1.0113732733006464,-0.3368783666974908
-0.5852866094744886,-1.3625392329817545
1.7463563607991957,-0.9537810836079685
-0.406448474240487,-0.01731785454197823
0.8537438439221836,-0.8575536289743397
2.342667224292941,-0.5997865639680154
0.7247318507699014,-0.7959834799769
-1.9202940863578055,-0.22817568311440334
-2.763419403138615,-0.6727745873271829
-1.4712721245333036,-0.12466968164693693
1.1197675768567685,-1.3713151668112733
0.6059292262712195,-0.01961593731951978
2.5828801140650155,-1.0563504932667678
-0.6510757152653772,-0.47563277578434554
2.6153154746617924,-1.001680403106171
-2.8733330780557895,-0.3485188163693716
-1.2258404073868903,-0.06211291301153875
-0.42556838345295844,-1.347383554676131
-1.1809196822729255,-0.1457499200373487
-2.7934987555464525,-0.7335219439230795
-1.9925681982168024,-0.6700918749230627
-1.1491132918203961,-0.42331890383793724
-2.870667574453638,-0.3431703629054726
-3.1290834220107326,-0.4488813775174363
3.0436280288696507,-0.06870642183485681
-0.7432891485929174,-1.4400822237384499
0.7194623591302655,-1.3238151559661604
1.4378633317769982,-0.4400803001583158
0.14696271309874703,-1.0123010086479418
2.922493189559286,-0.5169889632894527
1.4921189913163087,-0.8284898282231261
-1.242471377727556,-0.4280023378217403
-0.4137668854884389,-0.26181538249782327
-2.951907843535615,-0.7446016818308208
-0.8212464993646647,-0.6278755801019308
-0.8459361457476069,-0.25840403321402405
1.2172842677734865,-1.3926552941447572
-1.3879416365395887,-0.817083356149178
1.7425232610177084,-0.027257870128470776
1.8450952860894623,-0.5223023614300514
-1.9512489572795468,-0.1401974867465932
1.6475065470809036,-1.16245702864519
-1.538245599782333,-0.29289926888942336
2.94870389343158,-0.06960919467780027
-0.5768070051818022,-1.1473611846846499
2.088447750241036,-0.6930945632933121
-0.05618985156306344,-0.4443594095559517
2.4059883410379492,-0.06086114378840317
2.4474306424697456,-0.08443649290253315
-2.0003053045730237,-0.8982076988212696
-0.10604006756987427,-1.3876720817193655
-2.8413226573519474,-0.8127994517131758
-2.0050538289708717,-0.8779157599250232
2.946528330752902,-0.39658837655737306
-2.066573661987114,-0.006408455886609601
2.504869068111291,-0.028883891721357954
-2.0649364471453975,-0.8774093491480923
-0.801747199541861,-0.8516707708980251
-0.1413003497703471,-0.7493654563824864
2.907271421788807,-1.1217008273793
-1.1004643891171844,-0.11650740160529403
-1.1433336830417105,-0.18940825336034683
-1.5118615699044264,-0.49750153763071214
-1.4639870623782585,-0.1340556121824219
0.8352104398549636,-0.8016243794534711
0.5101713856789531,-0.2797990674024384
2.754799201449308,-0.06250401238023687
1.949435354905676,-0.5174298950255342
-0.4101347449883024,-1.2017518603366764
-1.9219133001940643,-0.48874000076039226
-2.390854589448073,-0.13470476183953817
1.5826497029855675,-0.15093175681140059
-1.1658596222796653,-0.6172961670892583
-0.7069092254340541,-0.5592357667709887
-1.7280916309753724,-1.0042296749255606
2.2524821572805744,-0.04616101935145446
0.028110054055110686,-0.5872368444722826
-1.853844777525703,-0.6647845559606038
-2.320429185409124,-0.4573732684496534
1.4194725042938112,-0.735025411131574
-1.0587537699451168,-1.210570508182231
-2.2076048088909284,-0.48592333139062494
1.674442786666758,-1.4284486852286342
-0.9489608898118425,-0.19861662865195479
-1.7725484945289214,-1.271496213760733
-0.8689913141730248,-1.1822352311247302
-2.3037057754018333,-1.1942260845227772
-1.0789691524855405,-0.5740688838041842
-0.791553051519231,-0.9076121694939472
-1.8710286829992144,-0.8521515419689739
-1.715266369066149,-0.31905329127512794
-2.017317671527861,-0.6459548391599138
0.2216803203122264,-0.6221000788479817
0.4244056353072401,-0.10998644388704354
-2.1124063980012,-0.7226735942963132
-3.020178743382486,-0.4334913402454703
-2.0758588725701586,-0.9753407834108508
2.2969621584031166,-0.4506442725505285
1.3947119880596341,-0.17837431720458738
3.077315391350416,-0.3001572759659059
-1.949760937725749,-0.7528407246164315
-0.19404501644623018,-0.8013262579970325
-1.378758956680909,-0.7551145125840834
-1.3839259286552723,-0.9496502878809073
0.7444539558579972,-0.5279838207429927
-0.06661725197066115,-0.2520821361301278
-2.197707104135408,-0.43596500752318745
1.7068449485545754,-0.6619818663156289
-0.555338214997362,-0.25909431752965173
-2.1449071085428706,-0.24752175571673835
-1.7219171825011133,-0.6570194522129946
0.13006181522846957,-0.5551807908013651
-3.047507865197419,-0.17763227263089482
2.765375548613313,-0.5053573649088867
1.6980311937491255,-1.0249181355355346
-2.340599228939567,-0.6779860353744146
0.23835456537766825,-0.8461074728561655
0.6695884066826582,-0.18403005308082318
-1.7197649184572423,-0.06795465804093288
2.453337529181732,-0.11283339322411527
1.756507382735045,-0.6938452172256689
-1.3364761802512701,-0.8135961007573391
1.734294732859779,-0.3619476261110139
0.419729863956018,-0.37783760964246543
-3.0736392625861324,-0.23594250953175275
-0.591661730594641,-0.750446161742218
2.4832051994201123,-1.1497912562177883
1.4981203076672585,-0.48689237757047504
2.379880293734957,-1.3307863561623483
-2.173019517893878,-0.8312415578797705
-1.8641310766234174,-0.06522222531576949
1.6769013189406163,-0.48055454522384966
2.0103915894230555,-0.605509786709129
-1.2815985445141127,-0.7955768364225618
-0.5441757054443874,-0.7923494810477801
2.792735730614637,-0.539059943071065
0.9512624785326754,-0.5371741329641004
-0.3297781506324666,-0.6123538755310121
2.606341692632782,-1.320345001172792
1.8012737897299385,-0.5658161269217226
-0.7187745058477475,-0.31236894169942914
1.871530603647807,-0.7589658927670653
-1.3352848556429224,-0.9345661987680959
0.169014584328348,-0.1846472053634854
-0.6171685719064905,-0.6800316429593734
0.17331658786108095,-0.4085877169432437
-1.866099549629502,-0.6811642433669988
-2.4809088971301807,-0.29099123029058527
0.07649557935951468,-0.5463813974206319
1.6008054931641034,-0.524018592968475
1.7326949900061077,-1.5006702354775578
1.3120163519552652,-0.7814915562713323
-0.05636380306972999,-0.7449823536186473
0.5195306793959119,-0.15865594455179943
-1.2318133064967576,-0.30896365217706817
0.013084129696615194,-0.03211642733406384
-0.17860786170735743,-0.5662447785691486
-2.520912236328052,-0.8225645548867637
-0.6828244898622238,-1.1098315632935902
-0.6407570105775742,-0.296478676872828
-2.1138232364783702,-0.4598432391166959
0.1888279839354399,-1.0818636947766975
-2.133468588887247,-0.7487660073337248
-1.3445634583744157,-0.802126839570495
1.050523397058448,-0.1948792137073314
0.7840555064057497,-0.46807459962250414
2.780558247588689,-0.11881316772752458
1.6557789494352817,-0.1319260314227086
-2.694709176233519,-0.7208306261998939
1.0835844349119501,-0.15995738020114517
0.46494703164455586,-0.6279201832788961
-0.009304950162841052,-0.08861697311503125
1.832867249605289,-0.6466711721394036
-1.25672190733051,-0.2777430539464686
1.41896713910721,-0.2059488801747885
0.49368360160336905,-0.794455527427472
-2.2406121716506417,-0.8587615107704565
1.491804483233922,-0.5037407813053292
-0.399304600798672,-1.0143660128045835
-2.634803723155309,-0.6746927363063449
2.820147792507571,-0.9674400358584646
0.9926007781939196,-1.0697173358270875
-2.8508032551724893,-0.5136702478215478
1.6844475541838417,-0.29820534416569955
2.8451886437188376,-0.1842018981215407
1.019167193586581,-0.3308337321654772
1.739997575004623,-0.06700648414913946
-0.7094108004963182,-0.0833982684063838
0.17210760050820587,-1.04954203242513
0.12029750700070285,-0.16232904950719082
1.271038591632299,-1.5246591027515282
-1.20002236979923,-0.5484214648286199
2.3792887116254384,-0.804649430240578
0.711496221755325,-0.6516570899078872
-2.6211839857888592,-1.0958931984396136
-1.5561177163351765,-1.3715072502753605
0.5579188577341894,-1.011429022294804
-2.540368984550783,-0.357175505955143
-1.1300333659697204,-0.44332684955165436
2.585856342325147,-0.6371375742626872
-2.006441324794305,-0.1631836828752505
2.798336772066777,-0.36124552638636825
1.2636221475497107,-0.6464487413255847
-2.250579524580429,-0.4547077944757561
-1.8410208868899183,-0.25235955695023304
-1.1066537093029822,-0.3118633683345163
2.4541649119321196,-1.5051834518311065
0.4163270779884188,-1.178072136738965
-2.5210465390046446,-0.045163317517934
-0.19789657911793057,-0.47609473194289864
0.684971764738283,-0.39264002998439473
2.496656015529727,-0.6351011202562732
1.9074920460153284,-0.34079214011568026
-0.19796016484698065,-0.0020415139682363756
1.0642172292354708,-0.1576063764254769
-1.3291808353177785,-1.012906454387872
-0.2755245195515803,-0.5413740690969764
1.4179660928192457,-0.1865748029696287
-1.5193883202477352,-0.1300038252952983
-1.6518758251172239,-0.034176439963572704
-2.4327255989525396,-0.25199145696574554
0.817824680785155,-0.40827980643796213
0.014504841281831715,-0.6358171449561247
-2.191106265673742,-0.7592392367814149
1.913318990763464,-0.5635601641668485
1.598065715012914,-0.36371441360866164
0.6093374424524106,-1.281973531405314
-1.2096000475348623,-0.6387546987496937
2.9842674208042945,-0.6711920358061574
1.6561224365852112,-1.2551549728855378
-0.3419476196364597,-1.0463763722568624
-1.179807379252301,-1.088590494194733
-1.2707376562121544,-0.2800303888647491
-1.866686746224608,-1.2783703572909908
-1.9718711741175143,-1.0932610878002453
-2.5539338518494583,-0.1426191515752153
-1.2222060649799653,-0.19223761752643564
-2.404363922059209,-0.8764845406192596
-1.096831506347212,-0.6174096949083646
-1.9853685637352463,-0.3956659707223055
-2.210431076910629,-0.11581648124497836
-1.2390945191368576,-0.337466336636014
0.2487578325801618,-0.07958940303639571
1.827552926995075,-0.5411378176840023
-1.7888928261363057,-0.29538794311977173
0.799458250901657,-0.551614802423999
-2.433485459427877,-0.15725028122417764
2.4581071011016875,-0.515012865200418
2.249586791320841,-0.419336224068264
-0.4560174578606704,-0.0920263571878318
-0.7622517138645701,-0.5046912334678345
-0.9775843168316065,-0.41423799092705643
1.5695867252896984,-0.6903500994070448
2.8152864052966717,-1.3714836381869155
-0.8538958485378636,-0.8704355134709095
2.2363158838315584,-1.315091183481594
0.11349989435961895,-0.5026137469177085
1.2127661137879584,-0.8962241329866332
-1.9621346876909254,-1.139617077243861
-2.608849524705239,-0.9235287007527865
-1.739098377243966,-0.19338207012622743
1.7132366259378804,-0.2985677741502662
-1.90546225920576,-0.2717321407717377
-2.387290327494272,-0.2980256537723482
2.593823589075785,-0.18005477974802558
-1.8393674615342546,-1.276857385966475
1.4751886494296924,-0.4719015343442969
-2.0747304114107425,-1.1622602037125331
0.5823844130431338,-0.9835144639416191
2.704629079833577,-0.3771044758001808
2.3306285531605537,-0.6355366087406835
1.2220266476909045,-0.155908807466173
0.7703189323352013,-0.2875966993812163
1.82563086422979,-0.35152828712146084
2.8194107162787008,-0.08342796051699869
-1.5170481000706229,-0.5687233715493524
-3.103995209543197,-0.024732449979659683
-1.4463234608494462,-1.1834828663879546
-2.6573621645126155,-0.015764376675668216
2.9178735879509796,-0.8401896625041814
-0.6654214418418114,-0.6253909248306867
-1.9513542544540092,-1.3156097915199443
1.2453128669154117,-0.16180436618760033
2.3312919215986443,-0.7756279778152803
1.9022104967583935,-1.1556283818692785
2.979143634750798,-1.5377248086307675
-1.8409756678361058,-0.05565298322802184
-1.959067632824956,-0.8924388549656129
2.2901851673666163,-0.4388719780722413
1.9120986060876395,-0.44441079504375763
0.9083766763594702,-0.4474757452333445
1.560454087771856,-1.1167426267499763
-1.148257549241336,-0.9724682050591784
-1.8434533365262116,-0.22165883047760454
0.09977199570622128,-1.0471122439894953
0.8124204558710885,-0.20986705699898509
-1.9754140723257745,-0.3963361565220728
1.7915646847787345,-0.7641613340339316
1.4921380469145897,-0.46338843745992625
2.4176657692776664,-0.05183932899590811
2.6728017946340263,-0.2158956623751951
-2.8751490302306397,-0.4493356067597324
-2.050224438759357,-0.8068065990210859
1.9112995751256043,-1.5402925911681515
0.5263437165880478,-0.22291935492101772
-2.6737405958590044,-0.8673923247346584
2.3129989196073177,-1.077676608115033
2.1964822808267805,-0.8293410361651434
-1.3829496798550283,-0.11166268704776161
0.33445931414961405,-1.262878081447578
-1.758386673670758,-1.1621412719786595
1.858321921783787,-0.9889162107388141
-0.07744080815523002,-0.4413755984079023
-2.380000378595262,-0.5504481139799682
-0.12880303019226513,-0.6863978602832923
2.8035720351342976,-0.08041809466339235
0.5689272733451343,-0.2997162765417479
2.434462099825656,-0.46854673683243764
2.607712860747641,-0.8872587279007756
2.1219310068638086,-0.3551667698194494
-0.6398467215890573,-0.11941450088568867
-2.3806268152477212,-0.20043280497844052
2.8917690333054566,-0.1497804325021783
0.9262169530062991,-1.1223846245657463
1.823702488550215,-1.2892968057063454
-0.8129540166995453,-1.355246534837306
-1.869282837109128,-0.4835656221070792
-2.5161287412257054,-0.9592821709851868
2.747377013109285,-0.8303559169491493
-0.7435505731783776,-0.36911754134577984
-1.8342047634487555,-0.7378258002633928
1.1786497956098667,-0.37851212508187004
-1.9950654870893079,-0.689362237349307
2.871695743142628,-0.0668593254546321
1.5566991188265427,-0.7910910388380674
2.84110382831811,-0.5959704257328935
0.5418069150966464,-0.043343541391465866
-2.823976068753836,-0.6269556199309803
-1.89112670148611,-0.3806596909336758
-1.8575838052612044,-0.8025007656059405
-2.665568464356418,-0.667013925087111
2.368300755260221,-0.15968794080120932
-0.7978296142419197,-1.0079578035549726
-0.30552626264067406,-0.02083808002442466
-2.215147413838274,-0.3849027902027188
-1.3361076923328454,-0.4436935022119257
-0.4956015404414762,-0.9073638632600003
1.5233861015473218,-0.325277622504419
0.012685797059554067,-1.1240262899844542
2.273942958556904,-0.39911590331227276
-1.1793607248223994,-0.5326813171223119
0.9693751326969593,-0.3771843205800576
-1.6407704287681133,-0.5276984608253943
1.9078246665254899,-0.019638768633839027
2.3776095897044627,-0.6494124006944924
2.260423117417977,-0.525959564385501
1.6109649453218988,-1.034392444489969
2.6972717264567967,-0.0026010816443609833
-0.9669648989723454,-0.6888424015546263
2.217221724221621,-1.0644715843006982
1.7141418607309604,-0.4355911005219528
0.972695313919739,-1.3800288175131894
1.7294824850951374,-1.0276923806005713
-0.21807131491699927,-1.1451175247629388
3.0032732094735617,-0.9609685455302954
-0.6257143888223746,-0.7796212067998082
0.14737235121289924,-0.15737463291916198
-0.9118596668049381,-0.4776487383213575
2.787594410730704,-0.9001401825075279
-1.3986336526395267,-0.4204837212436025
-2.3768055164687203,-0.624929859138123
-0.28709664723011485,-0.35208515531992174
-0.3557681328926803,-0.5260142628016908
-1.0930698944826611,-0.4400624694610391
-1.065253854973105,-1.1420703526019782
0.3096286815090107,-0.7749515921223725
2.379414641449086,-0.28323542470940755
0.17417222382068742,-0.48275215637472196
2.7784550860967228,-0.0098431236861988
0.05198077750188628,-0.6337924165472621
-1.8312794454498338,-0.127041546625305
-1.1169525436346373,-1.128336938494452
0.9139780238329137,-0.8301246495482083
0.9303303044830574,-0.9064416921228023
3.048515699021978,-0.9943484966325284
2.22726556390648,-0.7156470494688572
-0.9906997888684987,-0.9665749752828063
0.3903356150033151,-0.9209893992891199
-0.5628468671525209,-0.041643555952584704
-0.8977260996147605,-0.3895100257857538
1.9634954084936207,-0.7248885678581672
0.9888817375643371,-0.4478946344793637
0.30964322591944393,-1.2354308262105052
-1.85733590218517,-0.3503081854567091
-1.164067706792225,-0.33663183391944956
-0.15707963267949054,-0.5849761876267661
-1.1395400130375313,-1.0523763309382097
-0.13162691442123897,-0.56635934227216
0.8898284847494855,-0.3757246881329808
-2.7145105856267806,-0.5474710012561325
-2.7961992668253326,-0.3285504746690348
2.6660267934474216,-0.08188503073940064
-0.15414893397718377,-0.532195006978052
-1.0610874631603862,-0.01421182824804494
-0.5919065991982277,-1.3843636497926302
-2.7170231325291314,-0.49365134970248176
-1.826668867342482,-0.8647272564100394
-2.7171285795047724,-0.2689615403101806
-0.45434556532020665,-0.8044610373386755
0.12093677275277373,-0.10179148048575817
-1.104739602193808,-0.9464474504978629
-0.3508111796508606,-0.2825746236620553
2.5363979901315075,-0.2057457632843141
2.540524748425795,-0.028352485847702998
1.177043502560281,-0.48010274657019464
-1.6812931217386575,-0.8860551798694102
0.938114472946952,-0.24550964811386902
-0.580321976288114,-0.6891141663290944
-2.6986680865623245,-0.08971040836618965
1.8369990348527234,-0.8012271361602022
2.362913280592001,-1.1448521165414483
-0.5485569839018192,-0.4923573819876004
-0.27488935718910756,-0.5195263406769788
-0.8978162749594469,-1.3115867651988664
2.102909182094684,-0.23976712702386277
-0.6457718232379017,-0.9541133244235667
-0.5337798629016,-1.4025078018081543
-3.0722158158230184,-0.22689280275926285
-0.5337304119061272,-1.4025116803176032
-0.6851209984446358,-1.3857492472932413
-0.45344017577073625,-0.137849982831961
-2.0853579329704734,-0.1970152869962617
1.2489612488297506,-1.1680509359962208
-0.6559703638337222,-1.387112543364521
1.6117853842779835,-0.8022813150284068
-0.5698769079354511,-0.924517339965186
-0.49779553704860735,-0.15433665383450815
-2.1539660986458493,-0.44347167926660147
-0.5915753502506087,-0.713840148879362
-2.308532457202467,-0.24614087552667363
-1.6310101859887016,-0.20530404953945522
1.7402241639322458,-0.8709144486083593
-2.443460952792061,-0.038397243543875255
-0.20420352248333717,-0.737333735052249
1.7933258064241737,-0.17366026057343578
1.6406094968746698,-0.6070836914853609
-1.1562806294462442,-0.4683300159518117
-0.6477047753844865,-1.0077662000709158
-0.6774931823929,-0.5930459113488344
-2.526364092261792,-0.06254096486313014
-0.5676683392111554,-0.7100581173530264
-0.5576326960121891,-0.6731153148524798
-0.42760566673861167,-1.0515608743265836
-2.6354471705114375,-0.1172279480922858
0.913243531106033,-0.2222385914206113
-0.5541420375082007,-0.6187192198319899
2.0773665066579037,-0.3069076162424153
0.9075712110370513,-0.9960012264714307
0.9555677654668953,-0.19082266488471336
-2.1362102823888938,-0.8058573007402706
0.9206611804270087,-0.3007784077603561
-0.4581489286485123,-0.3432480862255515
-0.4472406208235471,-0.1512618685061752
3.131120678077827,-0.20769418098732523
-3.0128746212552113,-0.2463823127398662
-0.655181329567716,-0.1395317530103619
-0.5244714402242971,-0.34819318577286873
0.21515982686273094,-1.1440744753969485
-0.3665191429188095,-1.0637781790905438
0.7810348402674624,-0.9994918849754194
-0.580321976288114,-0.730420291959627
-0.4668755749084843,-0.9605128650142126
2.981458694719313,-0.08726646259971647
1.9927296734645255,-0.7120555497191976
2.0672697769351167,-0.5167677508314656
-0.35422911610268315,-0.526750064525511
-3.021329287040081,-0.8150439867022471
2.534363518000099,-0.06023809987785985
-1.2155491019618845,-0.07211118692823237
-0.33808482052173616,-0.9612982631776101
2.811870869067197,-0.6996976489877156
1.904954156499644,-0.33180648335136653
-1.494656338176644,-0.08559385539988858
-0.3748094568657834,-0.21489851228861298
1.763509765035937,-0.8949660553282034
-2.6993698543657296,-0.10463733679387116
-1.9761490455705806,-0.13025973984051015
-1.5062918665232727,-1.486986585741491
-0.19591320853636507,-0.321615699774444
-0.12719086923908662,-0.050149127173970395
-0.7691811457643336,-0.7808360666582076
-0.5881759579220898,-0.0027973749400020216
-0.37248235119645656,-0.21634810519513042
0.35466544841568104,-0.8689364087894323
0.8193593617591711,-0.5223188674801698
0.34077553645189285,-1.3125748639623356
-1.3435399137748014,-0.1482317829992406
1.4264357810393153,-1.1333935451884245
1.297325049623035,-0.9181627900841471
-1.2789627314510117,-0.708962438433719
-0.5835944686356047,-0.135844793446892
-2.3431045208023873,-0.09075712110370514
-1.7933258064241748,-0.2722713633111154
1.8621135955683998,-0.7600908892435305
-2.5105316360959375,-0.05118325616555991
2.3041204805427267,-0.07394415034102923
0.3623286503364386,-0.11186039029481316
-2.184439130713974,-0.10909640885822518
1.8893220496359464,-0.052093883916009
-1.6828430666208112,-0.04137677578294694
1.1736574361385463,-0.08752348551037092
2.9398554423298466,-0.09043374668495847
-0.4664366062900527,-0.14857681909829076
2.8722135039616417,-0.15799807471758792
-0.388248319594128,-0.11186681271053658
-1.658615338779498,-0.01988723760357407
0.9709754049110211,-0.11108854663679378
0.9693674310659116,-0.11113251893942165
2.612661845816577,-0.028977362451954376
2.614151418090099,-0.007495058099291873
-0.050467107019151136,-0.1619972285583833
0.610935031876725,-0.03220956048618051
-0.08822889560323066,-0.021645022007560136
0.833290121003167,-0.15916473661410133
-1.9139836534464365,-0.019405121272252246
2.9459340729358154,-0.15800684659496694
1.8898850329353292,-0.05204164300878755
2.102113922732843,-0.1212304143369424
2.2877993315459535,-0.15847683130215953
-2.96013897978985,-0.08923298163600679
-0.44436604648286515,-0.14893900127568102
-1.301028618077308,-0.06451171296720794
0.3826342438652918,-0.011196199631133769
0.24932294791623613,-0.09990452457894812
-0.47215169707489135,-0.049638442485813394
-0.0922954851750859,-0.13643837430609823
-0.41562517025878964,-0.14871554113718138
2.40153151844743,-0.06239409287861436
2.3279586372333907,-0.10862190521998087
-2.7418925277666846,-0.018783824673201464
-2.7418925277666846,-0.018783824673201464
-2.7418925277666846,-0.018783824673201464
1.0207174068687026,-0.02091663232320533
-1.9637570532581483,-0.00847968620519054
-2.9216661027899224,-0.06208705289146866
-2.746255178199087,-0.062038085153046034
2.083565528750673,-0.14575609866014297
-2.8072767006503736,-0.007492831655326505
-1.657255371291595,-0.009447988655201621
-0.4111463900978256,-0.11357185721895165
2.8653466931854137,-0.09593114931587207
-0.9198059270719163,-0.010483981427530363
1.2987479729666211,-0.1227751756012759
2.5392824434862256,-0.08003861433357799
-1.032566991976723,-0.14799614441502998
0.1373999301180744,-0.13606010735694773
1.8563999275442513,-0.05213619534459236
-1.1438787747839925,-0.04246127841703016
-2.2190846345279667,-0.04035020775698006
1.3706034786450598,-0.04202134028025973
0.025225566538363706,-0.022522086816019762
-0.5396460725063141,-0.08849514887191319
2.5936827289522952,-0.08460495059744517
-0.05273768411320123,-0.10056599550958258
-3.076247435622467,-0.09583777235790332
-1.840822633590756,-0.06329137740875264
1.1143918474182446,-0.04266307252582379
0.9975725911134037,-0.1610702894866095
3.1292400944438477,-0.10773944418677281
1.8876479375952417,-0.051854025567167124
2.365197480250549,-0.8070402461221781
1.2812316594786037,-0.9395083122801422
-1.8637789305630115,-1.0079383089277096
-2.6964246112529895,-1.037280202535821
-2.564055931899653,-1.2672166655850896
-1.4358023813583518,-0.6757153706242702
-2.4817927464889866,-0.8553160532323412
-1.9120445565858715,-0.6476596877121426
-2.7776260547020257,-0.9651050202016821
-2.7832547415397073,-1.0077569886109747
-2.9218993339950066,-1.160514507323373
-3.023521129692377,-1.0135306347393083
-2.370673450778681,-1.1098083292298075
-1.6820974276356182,-0.7078982724036833
0.2151191025135177,-1.298678164607012
0.19736037737447543,-1.3058204397571174
0.23163428056051408,-1.291509709518126
-1.3402674214273125,-0.1198866663194905
1.3522665600347732,-1.2216805405868763
1.2515610621947004,-1.1738754875610704
0.415824694287649,-1.2570132768524582
-1.8995000025871613,-0.6893284539761448
2.178650872033221,-0.6744189788409832
-1.810800915559767,-0.8701828647635651
1.3119058210824042,-1.1338153330909897
1.448099680379695,-1.1649907920410574
-2.5435264965730697,-0.7614047343193373
-2.6069037650361144,-0.7097638354485929
-2.533527214400186,-0.736188120323787
-2.4675101354435003,-0.7668239816467797
-1.9057031936369588,-0.3420801700677586
-2.8870654710072876,-1.4329734935290777
-1.7091936642728314,-1.2101953044813916
-1.800278034611285,-1.1705913596852346
-1.7915004829147962,-1.1268136539084057
2.5639541210266192,-0.5036821447646381
3.0689505956807452,-0.7417038455737702
3.0591622074591442,-0.7883501939017242
-3.0287498452431434,-0.7934848555983555
2.0704331862043563,-1.1707028668318897
-1.429075591532957,-0.7615860546360723
-3.092592534840052,-0.7595003861799391
2.5581581734689554,-1.386789172639221
-1.3480704976247697,-0.6515357730926133
2.705471234542493,-0.5655773378045302
2.8492281872650924,-0.751555259573916
2.874222756594695,-1.4154053001667115
-2.1755892736370157,-0.5536819493248267
1.5347989109725133,-1.2432629912288298
1.0872164965037843,-0.7764111721907209
1.4604187960166886,-0.6465557669602561
1.3093241882304958,-1.185424719072462
0.4343106399483556,-1.3094051521152414
-1.6162839704249992,-0.2932153143350474
2.6259423982932852,-0.24260415972297958
2.354929126484649,-0.3895371268705277
-2.862798122199349,-0.7433352436107038
-2.8304295367800716,-0.7635960921579524
-2.2389010922531094,-1.4015881102550896
-1.4499977259412393,-0.8981866726118142
-1.361836782099875,-0.8132342257120334
-2.6440211004618597,-0.8025319637015403
3.010242082966786,-0.7401946205844763
-1.6721126898731677,-0.03651956015693802
-1.2509574691617207,-0.514127455524143
2.603805805613823,-0.25908297674389275
1.478388415107013,-0.4918905064126919
-2.0853557513089083,-0.19701519003352547
