Name,Reporting Group/s,RA,DEC,Discovery Mag/Flux,flux,SNR
AT 2025frb,ZTF,230.52540416666665,75.57111666666667,19.3716,,
FRB 20240826A,CRAFT,339.61598749999996,-30.13839722222222,0.0,,
FRB 20240619D,MeerTRAP,297.3717083333333,-25.21372222222222,,,
FRB 20240318A,CRAFT,150.46083333333334,37.61363888888889,0.0,,
FRB 20240316B,CRAFT,298.96545,-65.43581111111112,0.0,,
FRB 20240310A,CRAFT,17.740416666666665,-44.40145555555556,0.0,,
FRB 20240304A,CRAFT,136.33041666666665,-16.228194444444444,0.0,,
FRB 20240216A,CRAFT,153.08291666666662,14.040555555555555,,,
FRB 20240210A,CRAFT,9.979333333333333,-27.65966111111111,0.0,,
FRB 20240208A,CRAFT,159.19375,-0.5639694444444445,0.0,,
FRB 20240201A,CRAFT,150.454625,13.913480555555555,,,
AT 2024afrb,Pan-STARRS,2.9782791666666664,-36.313630555555555,20.99,,
AT 2024frb,"ALeRCE, ATLAS",283.3075833333333,32.42106666666666,20.3346,,
FRB 20231226A,CRAFT,155.28166666666664,6.129416666666666,0.0,,
FRB 20231027A,CRAFT,255.07541666666663,-7.278944444444444,,,
FRB 20231006A,CRAFT,296.00333333333333,-64.64894444444445,0.0,,
FRB 20230930A,VLA-realfast,10.507224999999998,41.41733611111111,,,
FRB 20230902A,CRAFT,52.367083333333326,-47.562638888888884,0.0,,
FRB 20230814A,,335.97458333333327,73.02591666666666,0.0,,
FRB 20230808F,MeerTRAP,53.303999999999995,-51.93528333333333,,,
FRB 20230731A,CRAFT,174.6670833333333,-56.97197222222223,0.0,,
FRB 20230718A,CRAFT,127.61291666666665,-41.00355555555556,0.0,,
FRB 20230708A,CRAFT,303.23708333333326,-55.38066666666667,0.0,,
FRB 20230526A,CRAFT,22.364583333333332,-52.76880555555555,0.0,,
FRB 20230521A,CRAFT,327.75124999999997,-2.386,0.0,,
FRB 20230506C,VLA-realfast,12.0998375,42.00608888888889,,,
AT 2023frb,"ATLAS, Pan-STARRS, GaiaAlerts",308.5640833333333,-22.317280555555556,18.512,,
FRB 20221128A,UTMOST,112.49999999999999,-41.533055555555556,32.0,,
FRB 20221106A,CRAFT,56.65874999999999,-25.66247222222222,0.0,,
FRB 20220925A,CRAFT,93.22683333333332,4.671055555555556,,,
FRB 20220923A,CRAFT,93.22683333333332,4.671055555555556,,,
FRB 20220918A,CRAFT,17.741249999999997,-70.78497222222222,0.0,,
FRB 20220909A,CRAFT,93.22683333333332,4.671055555555556,,,
FRB 20220908B,CRAFT,93.22683333333332,4.671055555555556,,,
FRB 20220908A,CRAFT,93.22683333333332,4.671055555555556,,,
FRB 20220905A,MeerTRAP,253.58249166666664,-20.071180555555554,,,
FRB 20220725A,CRAFT,336.74999999999994,34.88333333333333,0.0,,
FRB 20220717A,MeerTRAP,293.30383333333333,-19.287583333333334,,,
FRB 20220713A,CRAFT,93.22683333333332,4.671055555555556,,,
FRB 20220706A,CRAFT,93.22683333333332,4.671055555555556,,,
FRB 20220627C,CRAFT,93.22683333333332,4.671055555555556,,,
FRB 20220627B,CRAFT,93.22683333333332,4.671055555555556,,,
FRB 20220627A,CRAFT,93.22683333333332,4.671055555555556,,,
FRB 20220625A,CRAFT,93.22683333333332,4.671055555555556,,,
FRB 20220610A,CRAFT,350.99999999999994,-33.516666666666666,0.0,,
FRB 20220606A,CRAFT,93.22683333333332,4.671055555555556,,,
FRB 20220531A,CRAFT,294.70916666666665,-60.29672222222222,,,
FRB 20220518A,CRAFT,93.22683333333332,4.671055555555556,,,
FRB 20220517A,CRAFT,93.22683333333332,4.671055555555556,,,
FRB 20220507B,CRAFT,93.22683333333332,4.671055555555556,,,
FRB 20220501D,CRAFT,93.22683333333332,4.671055555555556,,,
FRB 20220501C,CRAFT,352.4583333333333,-32.45,0.0,,
FRB 20220425B,CRAFT,93.22683333333332,4.671055555555556,,,
FRB 20220414A,Tianlai,196.08749999999998,48.30138888888889,128.4,,
FRB 20220329D,CRAFT,93.22683333333332,4.671055555555556,,,
FRB 20220318D,CRAFT,93.22683333333332,4.671055555555556,,,
FRB 20220317F,CRAFT,93.22683333333332,4.671055555555556,,,
FRB 20220308F,CRAFT,93.22683333333332,4.671055555555556,,,
FRB 20220228H,CRAFT,93.22683333333332,4.671055555555556,,,
FRB 20220228G,CRAFT,93.22683333333332,4.671055555555556,,,
FRB 20220110A,CRAFT,93.22683333333332,4.671055555555556,,,
FRB 20220105A,CRAFT,208.96416666666664,22.488805555555558,0.0,,
AT 2022frb,"GaiaAlerts, ATLAS",50.983416666666656,-21.527438888888888,17.53,,
FRB 20211212A,CRAFT,157.66958333333332,1.6768888888888887,,,
FRB 20211203C,CRAFT,204.47,-31.36777777777778,0.0,,
FRB 20211127I,CRAFT,199.7895833333333,-18.824555555555555,,,
FRB 20211024B,ALERT,200.14464999999998,42.49138888888889,,,
FRB 20210924D,TRAPUM,152.75208333333333,-4.691666666666667,,,
FRB 20210914D,CRAFT,93.22899999999998,4.645444444444444,,,
FRB 20210912A,CRAFT,351.1679166666666,-30.492527777777777,,,
FRB 20210809C,CRAFT,271.15708333333333,1.3287499999999999,,,
FRB 20210808D,CRAFT,93.22899999999998,4.645444444444444,,,
FRB 20210808C,CRAFT,93.22899999999998,4.645444444444444,,,
FRB 20210807D,CRAFT,299.20416666666665,-0.8142777777777779,,,
FRB 20210804A,CRAFT,93.22899999999998,4.645444444444444,,,
FRB 20210729D,CRAFT,93.22899999999998,4.645444444444444,,,
FRB 20210727A,CRAFT,93.22899999999998,4.645444444444444,,,
FRB 20210720G,CRAFT,93.22899999999998,4.645444444444444,,,
FRB 20210720F,CRAFT,93.22899999999998,4.645444444444444,,,
FRB 20210630A,UTMOST,260.78087083333327,7.861625,0.0,,
FRB 20210530F,CRAFT,93.22899999999998,4.645444444444444,,,
FRB 20210530A,ALERT,332.60416666666663,16.368333333333332,,,
FRB 20210517C,CRAFT,93.22899999999998,4.645444444444444,,,
FRB 20210517B,CRAFT,93.22899999999998,4.645444444444444,,,
FRB 20210517A,CRAFT,93.22899999999998,4.645444444444444,,,
FRB 20210505H,CRAFT,93.22899999999998,4.645444444444444,,,
FRB 20210410D,MeerTRAP,326.08624999999995,-79.31819444444444,,,
FRB 20210408H,MeerTRAP,204.32604166666664,-28.28413888888889,,,
FRB 20210407E,CRAFT,78.69291666666666,27.070083333333333,,,
FRB 20210407C,CRAFT,77.0125,26.060833333333335,,,
FRB 20210407B,CRAFT,77.0125,26.060833333333335,,,
FRB 20210407A,CRAFT,77.0125,26.060833333333335,,,
FRB 20210405I,MeerTRAP,255.3395833333333,-49.54522222222222,,,
FRB 20210405H,CRAFT,77.0125,26.060833333333335,,,
FRB 20210405G,CRAFT,77.0125,26.060833333333335,,,
FRB 20210405F,CRAFT,77.0125,26.060833333333335,,,
FRB 20210405E,CRAFT,77.0125,26.060833333333335,,,
FRB 20210405D,CRAFT,77.0125,26.060833333333335,,,
FRB 20210405C,CRAFT,77.0125,26.060833333333335,,,
FRB 20210404F,CRAFT,77.0125,26.060833333333335,,,
FRB 20210404C,CRAFT,77.0125,26.060833333333335,,,
FRB 20210404B,CRAFT,77.03750000000001,26.145555555555553,,,
FRB 20210403B,CRAFT,77.0125,26.060833333333335,,,
FRB 20210403A,CRAFT,77.0125,26.060833333333335,,,
FRB 20210402A,CRAFT,76.97916666666664,26.03333333333333,,,
FRB 20210401D,CRAFT,77.0125,26.060833333333335,,,
FRB 20210401C,CRAFT,93.22899999999998,4.645444444444444,,,
FRB 20210401B,CRAFT,77.0125,26.060833333333335,,,
FRB 20210401A,CRAFT,76.74999999999999,25.883333333333333,,,
FRB 20210320C,CRAFT,204.32,-15.410361111111111,0.0,,
FRB 20210318A,CRAFT,93.22899999999998,4.645444444444444,,,
FRB 20210317A,ALERT,294.0583333333333,59.600833333333334,,,
FRB 20210303A,UTMOST,333.96791666666667,-46.092222222222226,0.0,,
FRB 20210214G,CRAFT,6.929166666666665,-5.832222222222222,0.0,,
FRB 20210212G,CRAFT,93.22899999999998,4.645444444444444,,,
FRB 20210202D,MeerTRAP,296.70308333333327,-54.227444444444444,,,
FRB 20210127A,ALERT,252.4847333333333,26.624805555555557,,,
FRB 20210124A,ALERT,295.3523666666666,58.90847222222222,,,
FRB 20210118D,CRAFT,93.22899999999998,4.645444444444444,,,
FRB 20210117A,CRAFT,339.9,-16.190333333333335,0.0,,
AT 2021afrb,ATLAS,145.32489999999999,-11.788363888888888,18.591,,
AT 2021frb,Pan-STARRS,145.5613458333333,-1.624477777777778,21.09,,
FRB 20201229E,CRAFT,93.22899999999998,4.645444444444444,,,
FRB 20201211A,MeerTRAP,67.439625,-27.50786111111111,,,
FRB 20201123A,MeerTRAP,263.669,-50.76722222222222,,,
FRB 20201020A,ALERT,207.85279999999997,49.03494444444444,,,
FRB 20201016B,CRAFT,93.22899999999998,4.645444444444444,,,
FRB 20200915A,MeerTRAP,42.41,4.6746944444444445,,,
FRB 20200906A,CRAFT,53.74999999999999,-14.066666666666666,0.0,,
FRB 20200719A,ALERT,140.41041666666666,77.4966388888889,,,
FRB 20200702E,CRAFT,93.22899999999998,4.645444444444444,,,
FRB 20200701I,CRAFT,93.22899999999998,4.645444444444444,,,
FRB 20200627A,CRAFT,326.75,-39.483333333333334,0.0,,
FRB 20200616A,PALFA,295.53237499999994,16.20903611111111,0.166,,
FRB 20200615E,CRAFT,93.22899999999998,4.645444444444444,,,
FRB 20200607A,FRBCAT,205.37770833333332,-5.140027777777778,0.0,,
FRB 20200523A,ALERT,283.9220833333333,47.16922222222222,,,
FRB 20200518A,ALERT,144.18744999999998,77.37605555555555,,,
FRB 20200516A,ALERT,284.20156249999997,46.862861111111116,,,
FRB 20200514B,UTMOST,105.25229166666666,-45.906933333333335,0.0,,
FRB 20200514A,ALERT,27.124854166666665,64.68025,,,
FRB 20200508A,FRBCAT,135.38495833333332,-65.59519444444445,0.0,,
FRB 20200430A,CRAFT,229.6708333333333,12.339722222222223,0.0,,
FRB 20200423A,VLA-realfast,29.502641666666666,65.71684166666667,0.13,,
FRB 20200419A,ALERT,285.1009833333333,81.71641666666667,,,
FRB 20200413A,MeerTRAP,328.56999999999994,-28.21,,,
FRB 20200405A,VLITE-Fast,198.36466666666664,36.593611111111116,0.0,,
FRB 20200324C,FRBCAT,29.503124999999997,65.71675277777778,0.0,,
FRB 20200324B,FRBCAT,29.503124999999997,65.71675277777778,0.0,,
FRB 20200323C,ALERT,332.7245833333333,15.760833333333334,,,
FRB 20200323B,FRBCAT,29.503124999999997,65.71675277777778,0.0,,
FRB 20200323A,FRBCAT,29.503124999999997,65.71675277777778,0.0,,
FRB 20200322A,ALERT,332.9666666666666,15.355,,,
FRB 20200321A,ALERT,142.04833333333332,76.01563888888889,,,
FRB 20200224B,ALERT,35.1125,19.451666666666664,,,
FRB 20200220D,FRBCAT,29.503124999999997,65.71675277777778,1.4,,
FRB 20200220C,FRBCAT,29.503124999999997,65.71675277777778,1.5,,
FRB 20200220B,FRBCAT,29.503124999999997,65.71675277777778,2.8,,
FRB 20200216A,ALERT,332.10033749999997,16.572919444444445,,,
FRB 20200213A,ALERT,140.59583333333333,77.03322222222222,,,
FRB 20200210A,ALERT,282.56249999999994,46.35252777777778,,,
FRB 20200125A,GBNCC,219.13158333333328,7.7019,0.0,,
FRB 20200120D,FRBCAT,29.503124999999997,65.71675277777778,0.98,,
FRB 20200120C,FRBCAT,29.503124999999997,65.71675277777778,1.3,,
FRB 20200120B,FRBCAT,29.503124999999997,65.71675277777778,2.28,,
AT 2020frb,MASTER,193.95637499999998,1.1479444444444444,19.0,,
FRB 20191228A,FRBCAT,344.24999999999994,-29.766666666666666,0.0,,
FRB 20191223B,FRBCAT,308.5589166666666,-75.14838611111112,0.0,,
FRB 20191219E,FRBCAT,29.503124999999997,65.71675277777778,3.58,,
FRB 20191219D,FRBCAT,29.503124999999997,65.71675277777778,1.09,,
FRB 20191219C,FRBCAT,29.503124999999997,65.71675277777778,1.24,,
FRB 20191115A,FRBCAT,29.503124999999997,65.71675277777778,1.18,,
FRB 20191109A,ALERT,308.4625,61.775055555555554,,,
FRB 20191108A,FRBCAT,23.445833333333333,31.858333333333334,27.0,,
FRB 20191107B,FRBCAT,120.48782083333333,-13.737644444444443,0.0,,
FRB 20191020B,ALERT,307.7166666666666,61.97972222222222,,,
FRB 20191001A,FRBCAT,323.0,-54.666666666666664,0.0,,
FRB 20190926B,ALERT,25.454166666666662,30.990111111111112,,,
FRB 20190804A,CRAFT,329.41666666666663,-80.35777777777777,,,
FRB 20190714A,FRBCAT,183.975,-13.0,0.0,,
FRB 20190711A,FRBCAT,329.4194999999999,-80.35799999999999,0.0,,
FRB 20190709A,ALERT,24.027916666666666,31.856333333333335,,,
FRB 20190619H,FRBCAT,29.503124999999997,65.71675277777778,2.3,,
FRB 20190619G,FRBCAT,29.503124999999997,65.71675277777778,0.5,,
FRB 20190619F,FRBCAT,29.503124999999997,65.71675277777778,0.66,,
FRB 20190619E,FRBCAT,29.503124999999997,65.71675277777778,0.74,,
FRB 20190614D,VLA-realfast,65.07552083333331,73.70673888888889,124.0,,
FRB 20190611B,FRBCAT,320.7454583333333,-79.39758333333334,0.0,,
FRB 20190608B,FRBCAT,334.0197916666666,-7.898222222222222,0.0,,
FRB 20190523A,FRBCAT,207.065,72.46972222222223,0.0,,
FRB 20190520B,,240.51779166666665,-11.288144444444445,0.0,,
FRB 20190322D,FRBCAT,71.56020833333334,-66.9243888888889,0.0,,
FRB 20190102C,FRBCAT,322.41566666666665,-79.47569444444444,0.0,,
AT 2019frb,Pan-STARRS,238.33471666666662,10.111383333333333,20.17,,
FRB 20181228D,FRBCAT,92.3485,-45.967333333333336,19.23,,
FRB 20181130B,,9.782708333333332,19.408805555555553,20.6,,
FRB 20181123B,FRBCAT,76.52816666666665,18.159916666666664,0.065,,
FRB 20181118D,,119.17445833333332,16.149083333333333,14.2,,
FRB 20181112A,FRBCAT,327.34845833333327,-52.97094166666667,0.0,,
FRB 20181017D,,9.124166666666666,11.333277777777777,34.1,,
FRB 20181017C,FRBCAT,331.4784166666666,-8.84283888888889,36.5,,
FRB 20181016A,FRBCAT,236.58683333333332,-25.409055555555554,10.19,,
FRB 20180924B,FRBCAT,326.1052291666667,-40.90002777777778,12.3,,
FRB 20180923B,FRBCAT,227.7308333333333,-14.102833333333333,0.0,,
FRB 20180714A,FRBCAT,266.54999999999995,-11.763055555555555,0.6,,
FRB 20180528A,FRBCAT,99.70749999999998,-49.89972222222222,13.8,,
FRB 20180525A,FRBCAT,220.0,-2.2,78.9,,
FRB 20180515A,FRBCAT,348.29999999999995,-42.24611111111111,24.2,,
FRB 20180430A,FRBCAT,102.74999999999999,-9.95,147.5,,
FRB 20180417A,FRBCAT,186.23333333333332,14.216666666666667,21.8,,
FRB 20180324A,FRBCAT,93.99999999999999,-34.78333333333333,16.5,,
FRB 20180321A,FRBCAT,8.25,42.03,0.54,,
FRB 20180315A,FRBCAT,293.74999999999994,-26.833333333333332,23.3,,
FRB 20180311A,FRBCAT,322.88924999999995,-57.74075,0.15,,
FRB 20180309A,FRBCAT,321.18249999999995,-33.97902777777778,27.6,,
FRB 20180301A,FRBCAT,93.18083333333333,4.562444444444444,1.2,,
FRB 20180212A,FRBCAT,215.25,-3.583333333333333,53.0,,
FRB 20180131A,FRBCAT,327.47499999999997,-40.68333333333333,22.2,,
FRB 20180130A,FRBCAT,328.04999999999995,-38.56666666666667,23.1,,
FRB 20180128B,FRBCAT,335.49999999999994,-60.25,28.7,,
FRB 20180128A,FRBCAT,208.99999999999997,-6.716666666666667,17.5,,
FRB 20180119A,FRBCAT,52.324999999999996,-12.733333333333334,40.7,,
FRB 20180110A,FRBCAT,328.24999999999994,-35.45,128.1,,
AT 2018frb,GaiaAlerts,119.02433333333332,-17.58451111111111,19.18,,
FRB 20171216A,FRBCAT,51.99999999999999,-57.06666666666667,21.0,,
FRB 20171213A,FRBCAT,54.74999999999999,-10.933333333333334,88.6,,
FRB 20171209A,FRBCAT,237.60416666666666,-46.17222222222222,1.48,,
FRB 20171116A,FRBCAT,52.74999999999999,-17.23333333333333,19.6,,
FRB 20171020A,FRBCAT,333.74999999999994,-19.666666666666668,117.6,,
FRB 20171019A,FRBCAT,334.375,-8.666666666666666,40.5,,
FRB 20171004A,FRBCAT,179.39999999999998,-11.9,22.0,,
FRB 20171003A,FRBCAT,187.37499999999997,-14.116666666666667,40.5,,
FRB 20170922A,FRBCAT,322.460875,-7.994580555555555,5.19,,
FRB 20170906A,FRBCAT,329.94999999999993,-19.95,29.6,,
FRB 20170827A,FRBCAT,12.327749999999998,-65.55063888888888,50.3,,
FRB 20170826A,FRBCAT,82.99458333333332,33.14791666666667,0.38,,
FRB 20170712A,FRBCAT,339.0,-60.95,37.8,,
FRB 20170707A,FRBCAT,44.74999999999999,-57.266666666666666,14.8,,
FRB 20170606A,FRBCAT,83.49999999999999,41.75,0.54,,
FRB 20170428A,FRBCAT,326.75,-41.85,7.7,,
FRB 20170416A,FRBCAT,333.24999999999994,-55.03333333333333,19.4,,
FRB 20170107A,FRBCAT,170.825,-5.0,22.3,,
AT 2017frb,ASAS-SN,317.90355,11.497449999999999,17.0,,
FRB 20161202A,FRBCAT,356.0,40.8,0.29,,
FRB 20160920A,FRBCAT,83.49999999999999,41.75,0.22,,
FRB 20160823A,FRBCAT,82.99458333333332,33.14805555555556,0.0,,
FRB 20160608A,FRBCAT,114.17499999999998,-40.797777777777775,4.3,,
FRB 20160410A,FRBCAT,130.35416666666666,6.084722222222222,7.0,,
FRB 20160317A,FRBCAT,118.44583333333331,-29.608611111111113,3.0,,
FRB 20160206A,FRBCAT,15.249999999999996,41.63,0.26,,
FRB 20160102A,FRBCAT,339.7041666666666,-30.180555555555557,0.5,,
AT 2016frb,GaiaAlerts,186.8905833333333,-46.69858055555555,17.48,,
FRB 20151230A,FRBCAT,145.20833333333331,-3.4513888888888893,0.42,,
FRB 20151208A,FRBCAT,82.99166666666666,33.13444444444444,0.03,,
FRB 20151206A,FRBCAT,290.35416666666663,-4.131666666666666,0.3,,
FRB 20151125A,FRBCAT,22.749999999999996,30.979999999999997,0.54,,
FRB 20151119D,FRBCAT,82.99166666666666,33.13444444444444,0.09,,
FRB 20151119C,FRBCAT,82.99166666666666,33.13444444444444,0.02,,
FRB 20151119B,FRBCAT,82.99166666666666,33.13444444444444,0.04,,
FRB 20151119A,FRBCAT,82.99166666666666,33.13444444444444,0.06,,
FRB 20151113A,FRBCAT,82.99166666666666,33.13444444444444,0.04,,
FRB 20151018A,FRBCAT,80.24999999999999,33.1,1.4,,
FRB 20150807A,FRBCAT,340.6291666666666,-55.07833333333333,128.0,,
FRB 20150610A,FRBCAT,161.1083333333333,-40.08972222222222,0.7,,
FRB 20150602H,FRBCAT,82.97916666666666,33.136944444444445,0.31,,
FRB 20150602G,FRBCAT,82.97916666666666,33.136944444444445,0.05,,
FRB 20150602F,FRBCAT,82.97916666666666,33.136944444444445,0.05,,
FRB 20150602E,FRBCAT,82.97916666666666,33.136944444444445,0.14,,
FRB 20150602D,FRBCAT,82.97916666666666,33.136944444444445,0.02,,
FRB 20150602C,FRBCAT,82.97916666666666,33.136944444444445,0.02,,
FRB 20150602B,FRBCAT,83.00416666666665,33.13138888888889,0.02,,
FRB 20150602A,FRBCAT,83.00416666666665,33.13138888888889,0.04,,
FRB 20150517B,FRBCAT,83.00416666666665,33.132222222222225,0.03,,
FRB 20150517A,FRBCAT,83.00416666666665,33.132222222222225,0.03,,
FRB 20150418A,FRBCAT,109.14583333333331,-19.011111111111113,2.2,,
FRB 20150215A,FRBCAT,274.3625,-4.904166666666667,0.7,,
FRB 20141216A,FRBCAT,3.4999999999999996,41.64,0.23,,
FRB 20141113A,FRBCAT,93.25041666666665,18.786444444444445,0.039,,
FRB 20140514A,FRBCAT,338.5249999999999,-12.312777777777779,0.471,,
FRB 20140212A,FRBCAT,22.749999999999996,30.540000000000003,0.26,,
FRB 20131104A,FRBCAT,101.04166666666666,-51.27777777777778,1.12,,
FRB 20131030A,FRBCAT,6.249999999999999,39.980000000000004,0.24,,
FRB 20130729A,FRBCAT,205.33749999999998,-5.995277777777778,0.22,,
FRB 20130628A,FRBCAT,135.75833333333333,3.437777777777778,1.91,,
FRB 20130626A,FRBCAT,246.77499999999995,-7.463333333333334,0.74,,
FRB 20121102A,FRBCAT,83.0375,33.08694444444445,0.4,,
FRB 20121029A,FRBCAT,3.0,42.059999999999995,0.34,,
FRB 20121002A,FRBCAT,273.6958333333333,-85.19805555555556,0.76,,
FRB 20120127A,FRBCAT,348.7749999999999,-18.427222222222223,0.62,,
FRB 20110703A,FRBCAT,352.7125,-2.8733333333333335,0.45,,
FRB 20110626A,FRBCAT,315.9291666666667,-44.73861111111111,0.63,,
FRB 20110523A,FRBCAT,326.29999999999995,-0.16027777777777777,0.6,,
FRB 20110220A,FRBCAT,338.6583333333333,-12.395833333333332,1.11,,
FRB 20110214A,FRBCAT,20.320833333333333,-49.78638888888889,27.0,,
FRB 20090625A,FRBCAT,46.945833333333326,-29.92666666666667,1.15,,
FRB 20010724A,FRBCAT,19.525,-75.205,30.0,,
FRB 20010621A,FRBCAT,283.0208333333333,-8.493055555555555,0.41,,
FRB 20010312A,FRBCAT,81.72874999999999,-64.93866666666668,0.25,,
FRB 20010305A,FRBCAT,74.33125,-52.60685277777778,4.2,,
FRB 20010125A,FRBCAT,286.7208333333333,-40.620555555555555,0.54,,
FRB 19921212A,,326.56249999999994,-7.783333333333333,0.62,,
FRB 19920913A,,225.74999999999997,-5.2,0.23,,
FRB 19920428A,,257.24999999999994,-15.6,0.36,,
FRB 19910730A,,106.69124999999998,-43.55,0.77,,
FRB 20180725A,CHIME,93.70252443092896,64.75818221808792,,0.4770387872760789,
FRB 20180727A,CHIME,197.71628489520637,26.421681448933832,,0.58,
FRB 20180729A,CHIME,199.4024267704438,55.57696174973636,,2.107821449280217,
FRB 20180729B,CHIME,89.92858135815084,56.49539861429182,,0.92,
FRB 20180730A,CHIME,268.8405851950719,85.42698025543112,,5.2,
FRB 20180801A,CHIME,322.59506360427514,69.30032462766565,,1.11,
FRB 20180806A,CHIME,228.5640197468093,75.62206010034501,,0.4847536673532652,
FRB 20180810A,CHIME,101.47363906977246,34.86439662782972,,1.1,
FRB 20180810B,CHIME,189.0450921427603,77.97946605085505,,5.2,
FRB 20180812A,CHIME,19.33008968103168,80.7797095655935,,0.93,
FRB 20180814B,CHIME,238.2589454745534,74.01880122867206,,3.4,
FRB 20180817A,CHIME,235.75175175202585,43.12103230223182,,0.7052729418497383,
FRB 20180904A,CHIME,286.5815817406772,81.22290096571646,,3.8,
FRB 20180906A,CHIME,141.48470347788566,14.285506466779324,,1.6,
FRB 20180906B,CHIME,185.7450472433556,56.422479012110685,,0.36,
FRB 20180907D,CHIME,328.9481953607816,89.22470558330102,,0.89,
FRB 20180907A,CHIME,320.87020474177086,29.46491704190645,,0.87,
FRB 20180907B,CHIME,4.485408627953957,19.17380432732228,,1.08,
FRB 20180907C,CHIME,41.71707240570642,77.07165108584564,,1.11,
FRB 20180907E,CHIME,167.87610367447468,47.08771303681043,,0.6773881424306257,
FRB 20180908B,CHIME,188.2170979002437,74.19446177258942,,1.6717917203006931,
FRB 20180909A,CHIME,123.63060027948492,56.756960186672,,0.33,
FRB 20180910A,CHIME,352.7700303828775,88.21218971961716,,6.5,
FRB 20180911C,CHIME,65.53767456149316,73.6326029345383,,1.2617437486193637,
FRB 20180911A,CHIME,99.5491621106422,84.6172486579707,,1.6,
FRB 20180915A,CHIME,280.54668664587007,17.907522085135827,,2.3,
FRB 20180915B,CHIME,225.2346159445592,25.01570447791812,,0.99,
FRB 20180916A,CHIME,348.9721696468656,80.32621888718919,,2.4,
FRB 20180916B,CHIME,29.503125833,65.71675422,,1.92448943551936,
FRB 20180916C,CHIME,107.14751434326098,45.07839068063515,,0.3731773116498311,
FRB 20180917B,CHIME,238.79694145982612,77.52658958136612,,1.03,
FRB 20180917A,CHIME,65.53767456149316,73.6326029345383,,0.9643000973940592,
FRB 20180918A,CHIME,301.2716324929718,64.9563754647994,,1.45,
FRB 20180919B,CHIME,5.33817365853713,5.943547048948382,,2.0374688822763978,
FRB 20180919A,CHIME,65.69675386922592,73.64504399799827,,0.4935378489257974,
FRB 20180920A,CHIME,78.94378155005771,28.286152803796032,,0.9331987308650562,
FRB 20180920B,CHIME,191.08054149885305,63.51556105327817,,0.4036588069238241,
FRB 20180921A,CHIME,28.92468071412073,5.045471947158932,,1.08048264356366,
FRB 20180922A,CHIME,341.9806718521993,69.63891717156193,,2.6,
FRB 20180923A,CHIME,327.4466294713076,71.91352833670203,,0.76,
FRB 20180923D,CHIME,169.07843726567148,48.7473274026698,,2.053716894410143,
FRB 20180923C,CHIME,239.1368323232169,22.846114918790757,,0.89,
FRB 20180924A,CHIME,35.498230528096265,37.52343613385021,,1.2556157395177987,
FRB 20180925A,CHIME,74.59882374119063,77.99438737689164,,0.99,
FRB 20180925B,CHIME,145.51676907843975,20.99383136964547,,0.937321435087576,
FRB 20180928A,CHIME,312.9479613662271,30.84583362232764,,1.34,
FRB 20181012B,CHIME,206.2415398365036,64.1466710101176,,0.3834185213520389,
FRB 20181013A,CHIME,262.86455095056914,38.41278098730588,,2.5762367432062487,
FRB 20181013E,CHIME,307.1427153440256,69.02523612570496,,0.62,
FRB 20181013B,CHIME,97.17555472143266,52.04553614262589,,2.1244336392572825,
FRB 20181013C,CHIME,146.1147805495904,34.10078508118667,,0.44,
FRB 20181014A,CHIME,45.941381862154415,63.328839862714496,,1.099841429177285,
FRB 20181014B,CHIME,78.67585112931155,14.657842130914954,,0.65,
FRB 20181014C,CHIME,117.89258957433832,41.59463220729101,,0.5008770278871254,
FRB 20181014D,CHIME,216.15713291762933,-2.932584560023532,,7.185178756299596,
FRB 20181015A,CHIME,175.0322742005251,83.58258401591732,,1.51,
FRB 20181017B,CHIME,237.424515704635,78.4955994415466,,1.0659002833169149,
FRB 20181017A,CHIME,256.1045214242674,68.28006595076621,,0.66,
FRB 20181018B,CHIME,336.6385645689577,71.90760164101258,,5.1,
FRB 20181018A,CHIME,17.01726827437194,51.55121653730077,,1.503118714748711,
FRB 20181018C,CHIME,67.05840126662605,37.56605433805511,,2.3021040911089363,
FRB 20181019A,CHIME,32.08216226786463,65.73811010209937,,0.81,
FRB 20181019B,CHIME,37.74929553122456,68.18074725592263,,0.72,
FRB 20181019C,CHIME,244.5913610453925,66.27486314336575,,1.0162347697339476,
FRB 20181020A,CHIME,322.25454760695794,78.83031735015777,,0.6685695679466508,
FRB 20181022C,CHIME,142.56446950253087,83.8130794892293,,0.91,
FRB 20181022D,CHIME,179.21388232276814,36.525084318097626,,2.781481791729892,
FRB 20181022E,CHIME,221.24731898600064,27.13140014762025,,0.69,
FRB 20181025A,CHIME,105.68777013760923,64.24365455774101,,1.1250814381856309,
FRB 20181027A,CHIME,132.01637902475335,-4.236687734221822,,2.909813067136855,
FRB 20181028A,CHIME,70.9987677679442,73.656510377459,,1.7521707514793063,
FRB 20181030C,CHIME,309.9332888795476,3.9927954215896593,,2.491665808130401,
FRB 20181030A,CHIME,163.42061948223318,73.74002998476752,,0.8934015347070092,
FRB 20181030B,CHIME,164.21547111626344,73.73950387768129,,1.4861635961270143,
FRB 20181030D,CHIME,81.87616320957342,16.072342890783336,,2.3269256839124477,
FRB 20181030E,CHIME,135.76875198428738,8.888971390360233,,2.563719579726163,
FRB 20181101A,CHIME,21.254504591633943,53.87496868469043,,0.5425647586297528,
FRB 20181102A,CHIME,87.3055908315473,15.62970710531402,,1.4110520610957578,
FRB 20181104A,CHIME,25.831970889565888,65.72050056828965,,1.479280682784092,
FRB 20181104C,CHIME,77.12777392708625,17.442732884494035,,9.959387901788752,
FRB 20181115A,CHIME,142.9365064873001,56.39701926444414,,0.4019534072412,
FRB 20181116A,CHIME,36.15482413620053,4.522834465388447,,3.712124279680317,
FRB 20181116B,CHIME,232.57598836067348,64.93682911196507,,0.9503614486894324,
FRB 20181117C,CHIME,53.21129172334652,25.72836319448782,,1.4901144501534995,
FRB 20181117A,CHIME,147.71382818179015,52.51211978078351,,0.7084869906182519,
FRB 20181117B,CHIME,81.75011102777586,79.98487967376226,,1.4226063239496547,
FRB 20181118A,CHIME,20.759902460949284,-6.409128258578948,,3.2209932406323096,
FRB 20181118B,CHIME,58.37078039419366,10.785200231038552,,0.7687384512259036,
FRB 20181118C,CHIME,65.3739599931781,73.63176655170287,,0.33,
FRB 20181119B,CHIME,299.43116163876834,31.115452613581542,,4.5,
FRB 20181119E,CHIME,16.35700472712022,60.528680874638525,,0.6174777245658212,
FRB 20181119D,CHIME,83.13492842262094,33.203251567839594,,0.46,
FRB 20181119A,CHIME,190.11105766152636,65.12292468141993,,0.3700346798834623,
FRB 20181119C,CHIME,189.53976311479167,82.15167388907687,,2.8,
FRB 20181120B,CHIME,29.208206781223147,65.7349027460929,,1.11557962947796,
FRB 20181120C,CHIME,65.37567755488512,73.65081563094733,,0.4172297739559921,
FRB 20181122A,CHIME,60.011895292044,55.48306689164708,,0.5348808749960663,
FRB 20181122B,CHIME,282.21370688429954,85.01897052469462,,9.787101329962038,
FRB 20181123A,CHIME,300.72103461438667,55.87291363644141,,0.882057181603456,
FRB 20181124B,CHIME,318.6088648810715,29.87883291635732,,7.251128966559683,
FRB 20181124A,CHIME,175.9011189106675,63.51823903919146,,0.8188798319947479,
FRB 20181125A,CHIME,147.98827968842969,33.93022998614295,,0.39,
FRB 20181126A,CHIME,262.4359037121732,81.16495016896448,,3.743205318517841,
FRB 20181127A,CHIME,243.86401498408503,25.43036337145916,,0.6909938597171742,
FRB 20181128A,CHIME,74.00120327877309,63.387504911533256,,0.64,
FRB 20181128B,CHIME,157.2584687147109,38.2759513324341,,0.5428633668270194,
FRB 20181128D,CHIME,215.617289009977,59.92269355242799,,2.5048954388932545,
FRB 20181129A,CHIME,355.12955000282113,44.94691266932388,,1.4622853447477036,
FRB 20181129C,CHIME,233.2443955599271,40.03254881592831,,0.751579579140127,
FRB 20181130A,CHIME,355.20754569214444,46.62430869818529,,0.7481249493754052,
FRB 20181201A,CHIME,214.98772046024027,39.2723306348306,,0.3736086525906845,
FRB 20181201D,CHIME,137.08376272114504,89.19790031583639,,0.6492818921593768,
FRB 20181201B,CHIME,273.3448075624815,56.30828476606261,,0.5919197363070293,
FRB 20181202A,CHIME,351.0906859194231,17.361833485682588,,2.3089770429138627,
FRB 20181202B,CHIME,202.73921563848097,64.71693537096334,,0.925571471285601,
FRB 20181202C,CHIME,307.0479125931495,57.02911050267198,,0.5880364928748633,
FRB 20181203A,CHIME,33.66936936519423,23.57144404707334,,1.6787851969797412,
FRB 20181203B,CHIME,47.392780643148,24.10359537770063,,1.3887815663745426,
FRB 20181203C,CHIME,198.1494152368182,72.94390078615638,,0.8964583696263768,
FRB 20181208A,CHIME,264.4318371135078,62.62076078816119,,0.962838271067549,
FRB 20181213A,CHIME,127.66004332097776,73.8679597592301,,0.7147810389084321,
FRB 20181213B,CHIME,183.52369950993972,53.69560534205972,,0.8319285021132943,
FRB 20181213C,CHIME,216.39988447182455,47.45836103467215,,0.5652571733165449,
FRB 20181214B,CHIME,138.82225200277907,42.155368020715855,,0.4476680578576019,
FRB 20181214C,CHIME,175.87045314182492,60.017617572009605,,1.0518987981069154,
FRB 20181214D,CHIME,178.57617176215808,46.71169720355941,,0.5559676434474486,
FRB 20181214F,CHIME,252.6636456633597,32.434983175987895,,0.4053848887459818,
FRB 20181215B,CHIME,254.81825137621283,47.56440098872434,,1.378061068959635,
FRB 20181216A,CHIME,306.2645397935752,53.52690068953528,,0.9862524434326512,
FRB 20181217A,CHIME,290.4459636996371,59.80464997415167,,0.5941924274910365,
FRB 20181218A,CHIME,4.878176314135684,71.34947425242632,,0.7971638722092232,
FRB 20181218B,CHIME,17.908782780209734,69.39047046576204,,0.7114954184249868,
FRB 20181218C,CHIME,285.9414746514737,58.24139056186621,,0.3915802894766414,
FRB 20181219B,CHIME,181.1849666893704,71.54293521559117,,1.6366478143706216,
FRB 20181219C,CHIME,17.852277291339306,14.10985636086135,,1.3234753615899209,
FRB 20181219A,CHIME,73.89999118071458,63.384818631121135,,0.3862324472180183,
FRB 20181220A,CHIME,346.1140534613918,48.43586280441576,,1.094907340597531,
FRB 20181220B,CHIME,278.5210428971582,84.86758385792331,,1.432425054663917,
FRB 20181221A,CHIME,230.64074055510164,25.857971339615133,,1.0825552971782604,
FRB 20181221B,CHIME,297.5328361192197,80.76069117817195,,1.110976705300712,
FRB 20181222A,CHIME,29.51554240819729,65.73362097041868,,4.935109650222028,
FRB 20181222B,CHIME,90.0728996319849,38.554639566493975,,0.4319135277461892,
FRB 20181222C,CHIME,130.93772124076418,68.32370452336977,,0.8701048655533481,
FRB 20181222E,CHIME,52.44241067647937,86.96802467145763,,0.9369773292484912,
FRB 20181223A,CHIME,29.464613749675028,65.73732104854449,,2.117479494554266,
FRB 20181223B,CHIME,174.95920529247698,21.594468848811783,,0.7215728598369525,
FRB 20181223C,CHIME,181.1080515997786,27.57810776132997,,1.280764940555804,
FRB 20181224A,CHIME,355.12680293638164,44.55770550403672,,4.715325708817021,
FRB 20181224B,CHIME,45.36891481872516,46.13987318122283,,0.676156303797803,
FRB 20181224C,CHIME,115.23269665473536,60.272838261005575,,0.4588166435826624,
FRB 20181224E,CHIME,239.40875563976897,7.32251101687481,,3.7015604785149896,
FRB 20181225A,CHIME,29.894690246556085,65.72456470721527,,0.6064464267230747,
FRB 20181225B,CHIME,34.03622647911484,88.1775914204857,,1.7920074580591705,
FRB 20181226G,CHIME,349.0476454630979,44.94028054469318,,0.7338533203280468,
FRB 20181226A,CHIME,29.46490130716778,65.73325283025049,,1.535100995796032,
FRB 20181226D,CHIME,120.28669581743446,22.157709057896017,,2.2139980437325533,
FRB 20181226B,CHIME,182.7469859821541,12.4348996524822,,7.940881345973585,
FRB 20181226E,CHIME,303.34633151724864,73.64109955925981,,0.4292308822174469,
FRB 20181227A,CHIME,31.446826321115456,78.3769965115801,,0.9375082727149048,
FRB 20181228A,CHIME,7.351161185313184,10.2206560563787,,1.0741674044874745,
FRB 20181228B,CHIME,250.35110749515675,63.84957345112439,,0.3942248311816587,
FRB 20181228C,CHIME,265.16977566018386,54.35886879127578,,0.3837417070784029,
FRB 20181229A,CHIME,137.20115010124715,42.0122894437449,,1.0329020545107386,
FRB 20181229B,CHIME,238.439117323619,19.7750734123032,,0.3836235461602242,
FRB 20181230A,CHIME,345.9789715902528,83.37356629215827,,0.6358320693373908,
FRB 20181230B,CHIME,20.42099076092281,79.70403559930094,,0.9290169404743148,
FRB 20181230C,CHIME,245.7445513980804,50.52273230024622,,0.8203970469308215,
FRB 20181230D,CHIME,255.2973015282862,50.50766677972573,,0.978934182105688,
FRB 20181230E,CHIME,115.75883526317062,87.04637666516194,,0.7570670619744424,
FRB 20181231A,CHIME,29.785510944412632,20.95958061526777,,0.8150174422553739,
FRB 20181231B,CHIME,125.42172645492104,55.94825567443971,,1.0566471471584422,
FRB 20181231C,CHIME,196.9604608800214,69.17852705714972,,0.5763021658330533,
FRB 20190101A,CHIME,171.07448536502403,27.994548380662344,,0.5839447485683021,
FRB 20190101B,CHIME,307.8297718484047,29.88708494326918,,0.3801760868954675,
FRB 20190102A,CHIME,9.326492574320223,26.71877350607308,,1.001927645135266,
FRB 20190102B,CHIME,21.72696134444676,21.38964102854218,,1.6714751133825916,
FRB 20190103B,CHIME,93.65037664654564,19.728931830533213,,0.7277214861620411,
FRB 20190103C,CHIME,104.28018286875336,11.063095770813948,,2.1366945204384544,
FRB 20190103A,CHIME,187.92409425815515,65.11688150993118,,0.9170570486406464,
FRB 20190103D,CHIME,221.7938104463929,59.910758593863896,,0.4275415020320396,
FRB 20190103E,CHIME,262.90593953916937,45.83679941090104,,0.4337909442854235,
FRB 20190104A,CHIME,70.54024079667786,35.589754740262805,,1.3533683286746292,
FRB 20190104B,CHIME,234.84085720686292,-6.250763787609951,,2.428722013337157,
FRB 20190105A,CHIME,266.2011803718809,63.821229706294986,,0.4561298381475486,
FRB 20190106B,CHIME,333.2355480556388,46.12842367840069,,1.77505214311051,
FRB 20190107A,CHIME,0.9285526824459532,21.80300635243889,,0.369799292804028,
FRB 20190107B,CHIME,32.7914812571053,83.40083734344262,,1.8169950310753844,
FRB 20190109A,CHIME,108.0536732557207,5.159295753914339,,1.3593691727718908,
FRB 20190109B,CHIME,253.5752748550555,1.2537927957969603,,1.0738299045100574,
FRB 20190110A,CHIME,64.95371399995469,47.4410418752751,,1.6103802817089077,
FRB 20190110B,CHIME,131.67668073036447,50.1639610529849,,0.4658551503971536,
FRB 20190110C,CHIME,247.00720997693884,41.423111449167926,,0.5303092053991653,
FRB 20190111A,CHIME,217.0596848645637,26.775360476810224,,3.54342383854138,
FRB 20190111B,CHIME,260.09888517183936,13.52830006511941,,1.952965869277974,
FRB 20190112A,CHIME,257.5855253959454,61.05376908103778,,1.4031300566940952,
FRB 20190113A,CHIME,108.25017958514596,-2.984759686831757,,1.1644260782444953,
FRB 20190114A,CHIME,9.02104854052447,19.168537092355635,,0.4560586408103299,
FRB 20190115A,CHIME,45.58780045024511,54.28158657338695,,0.4942418143426705,
FRB 20190115B,CHIME,76.2685322287687,82.05812892644545,,1.5728524392737964,
FRB 20190116E,CHIME,19.34430238628116,52.3244314728441,,0.4355928746763406,
FRB 20190116D,CHIME,84.9689539588563,68.67567909568454,,0.5971972416391609,
FRB 20190116A,CHIME,192.30021915794427,27.15523881193777,,0.3751534884252475,
FRB 20190116B,CHIME,192.49308545227265,27.154300659818052,,0.5454021753678049,
FRB 20190116C,CHIME,244.0054526391609,70.90760510854568,,30.48875950563107,
FRB 20190116F,CHIME,261.4354232600532,74.996649470331,,0.5482044871977434,
FRB 20190117C,CHIME,115.4203825324588,74.59444236709058,,0.3858013435288123,
FRB 20190117D,CHIME,208.8869535786785,31.676458291352816,,0.78,
FRB 20190117A,CHIME,331.86504080379973,17.373962348927364,,2.389211655695157,
FRB 20190118A,CHIME,253.40219682089264,11.546456441732854,,8.644224088686224,
FRB 20190121A,CHIME,354.40313919197934,78.59653377574438,,1.703306643702803,
FRB 20190122B,CHIME,2.567098408956287,35.11967289919849,,0.3972659434677217,
FRB 20190122C,CHIME,199.27984931079504,17.559077217927953,,4.302230105906005,
FRB 20190122A,CHIME,349.59263697969834,37.49930958410984,,0.3220659197709362,
FRB 20190124A,CHIME,50.39949221465554,51.57781053983494,,0.6445686483637892,
FRB 20190124B,CHIME,214.78741273287807,28.80045648393653,,0.8856957567359247,
FRB 20190124C,CHIME,217.22858427818824,28.374074307551368,,3.260981310215655,
FRB 20190124D,CHIME,236.7542267117128,81.22580095486393,,0.4581727530675161,
FRB 20190124E,CHIME,297.82483607483624,20.56621456044033,,0.59241818614641,
FRB 20190124F,CHIME,339.01108231047584,5.297695695159129,,3.790632979125727,
FRB 20190125A,CHIME,45.79128497714126,27.813947281757198,,0.4292628581701063,
FRB 20190126A,CHIME,26.24066062505338,65.71972321864729,,0.8719153154019409,
FRB 20190127B,CHIME,150.18224854375842,83.56146263132942,,0.8735895617311545,
FRB 20190128A,CHIME,21.86339225772991,24.670472927078173,,0.5917846062452873,
FRB 20190128B,CHIME,127.50457486939652,23.292763755827767,,0.615035730776533,
FRB 20190128C,CHIME,70.39121467393485,78.94131212418445,,0.5039210560582379,
FRB 20190128D,CHIME,283.3978552665278,17.44388091848524,,1.2115935721714282,
FRB 20190129A,CHIME,45.10784571288949,21.41159648805992,,0.4730768656617748,
FRB 20190130A,CHIME,25.730496564508897,13.16585020444528,,0.5452935021721422,
FRB 20190130B,CHIME,172.1869282583361,16.057721875630953,,0.8242294356632415,
FRB 20190131E,CHIME,196.37050610025105,80.9170201348509,,1.2640340565007102,
FRB 20190131D,CHIME,57.484999718509386,22.848001486875688,,2.412722561581088,
FRB 20190131C,CHIME,166.54128745263392,10.427224554581253,,1.6525942658256776,
FRB 20190131B,CHIME,354.83293947278844,11.6927013125873,,1.1299217100006125,
FRB 20190201B,CHIME,118.17311165932868,55.58175219582674,,0.6402430103757822,
FRB 20190201A,CHIME,65.22431423179043,84.84232225720207,,1.030760783539599,
FRB 20190202A,CHIME,342.89095798934625,17.08754891279161,,51.87170811700986,
FRB 20190203B,CHIME,130.56955419069718,61.889794903372064,,0.5765645769151541,
FRB 20190203A,CHIME,138.76155314693034,70.74147748015668,,1.2412424230371188,
FRB 20190203C,CHIME,196.109943947471,2.4788630535607687,,1.40458512526368,
FRB 20190204A,CHIME,161.26393753292984,61.52600045503513,,0.334783737322335,
FRB 20190204B,CHIME,255.66736719545065,75.86347066429279,,1.2837005013922749,
FRB 20190205A,CHIME,341.51064481711364,83.37069347812988,,0.8434113718595658,
FRB 20190206C,CHIME,200.2300986668612,74.38525970624126,,0.601049351013868,
FRB 20190206B,CHIME,50.35894401189594,79.49612208257463,,0.6501565649981175,
FRB 20190206A,CHIME,244.94913712255865,9.361621493443112,,1.3973845579686752,
FRB 20190208B,CHIME,90.563255053158,80.88126213705966,,18.299110140275214,
FRB 20190208C,CHIME,140.78103696109443,83.56226034719606,,1.113005531169481,
FRB 20190208A,CHIME,283.6598331038484,46.96290307037989,,0.5541149400992743,
FRB 20190209A,CHIME,143.91195147221958,77.67060878840441,,0.750118633867236,
FRB 20190210B,CHIME,104.24541780781894,23.700015113300832,,2.3148363987995,
FRB 20190210C,CHIME,302.82517532841774,89.08848695062139,,1.7962381558422118,
FRB 20190210A,CHIME,144.12112581436892,77.67020824838131,,0.3713137347478726,
FRB 20190210E,CHIME,312.2968061058974,86.64698959424996,,0.7860183069759417,
FRB 20190211A,CHIME,66.93973170375742,68.63954451607978,,1.3296027463313054,
FRB 20190211B,CHIME,299.55306336453515,61.3626373211141,,0.9092914817717312,
FRB 20190212B,CHIME,139.97932253785814,52.112075018574856,,1.3361203443289131,
FRB 20190212C,CHIME,172.6250543049811,28.13144410871689,,0.654505161970928,
FRB 20190212D,CHIME,178.73541769351937,66.71955567865885,,0.5287701786243452,
FRB 20190212A,CHIME,264.5882436988616,81.62924762130902,,0.5269721399504477,
FRB 20190213A,CHIME,33.53010293159939,20.082788086384795,,0.3632725183564447,
FRB 20190213C,CHIME,64.27924348563599,44.999967159039294,,0.7935686048041621,
FRB 20190213B,CHIME,275.7953213742008,81.58006193633722,,0.7694140991144728,
FRB 20190213D,CHIME,336.43643718138725,52.71103078372623,,0.6544557950915358,
FRB 20190214A,CHIME,95.99537226480606,66.24251301816778,,0.4195246134287003,
FRB 20190214C,CHIME,219.12247987159395,19.359742347196224,,0.9274739134391043,
FRB 20190215B,CHIME,335.1300502958468,45.26567474248485,,2.4269246469729207,
FRB 20190216A,CHIME,256.26217710243685,68.2809862945019,,0.8589650101122768,
FRB 20190217B,CHIME,22.64364557517992,26.953194596965545,,0.5315942569385494,
FRB 20190218A,CHIME,184.01867686315188,56.42081470481528,,0.5539940971491625,
FRB 20190218B,CHIME,268.77635968944406,17.93206300224086,,0.6891041482317739,
FRB 20190218C,CHIME,157.53190883486027,77.94867723585824,,6.742435270093155,
FRB 20190219A,CHIME,105.80612872431078,43.12692650497189,,0.3409980631556799,
FRB 20190219B,CHIME,246.26282312903652,57.92095606810628,,1.0821781532177046,
FRB 20190219C,CHIME,349.66986260924193,49.21488663035633,,0.4319133839671445,
FRB 20190220A,CHIME,237.00345102574076,74.15587435555594,,0.3955204607852761,
FRB 20190221A,CHIME,132.6919550491221,9.8963025241547,,1.2585249618980368,
FRB 20190221B,CHIME,286.82487301010826,27.856322204486997,,0.6908207259604917,
FRB 20190221C,CHIME,316.12172251737184,54.67264266023467,,0.547966494841649,
FRB 20190221D,CHIME,24.755290502570105,60.934857390088354,,0.6618289785923885,
FRB 20190222B,CHIME,160.76851673752554,19.620091942204823,,0.6360423104369564,
FRB 20190222C,CHIME,239.21843522180777,40.02785051959492,,0.4242837961346842,
FRB 20190222A,CHIME,313.0321567609416,69.68691657926726,,1.597166712374923,
FRB 20190222D,CHIME,313.96116962005954,26.566102063925364,,0.8414916537624186,
FRB 20190223A,CHIME,62.87542533888876,87.61381550631168,,0.7416691465466667,
FRB 20190223B,CHIME,311.56296122819066,60.56116961720361,,0.601541021670451,
FRB 20190224A,CHIME,59.85132336036887,83.37790348927288,,0.6340641435596744,
FRB 20190224B,CHIME,269.07938136907774,82.57580608587898,,1.302518005878201,
FRB 20190224C,CHIME,124.1229566406086,19.78445832140605,,1.5324947452545783,
FRB 20190224D,CHIME,338.7083174463791,89.04157568851373,,2.882515488095546,
FRB 20190224E,CHIME,182.97963165178152,61.54175939224345,,1.987343270931652,
FRB 20190226A,CHIME,58.90717201684751,31.937037123523684,,1.599667865052701,
FRB 20190226B,CHIME,273.50747367515464,61.81287093152936,,0.3620303459868024,
FRB 20190226C,CHIME,17.513812822356662,26.76093435520009,,0.3296421689251496,
FRB 20190227A,CHIME,108.38153276055348,56.34316020353782,,3.525374210670521,
FRB 20190227B,CHIME,220.5742316278246,39.80134848435975,,0.5080882246683496,
FRB 20190228A,CHIME,185.359269734112,22.866386637241995,,1.8207696897590229,
FRB 20190228B,CHIME,51.953075714044445,81.92245156843822,,1.8818691048852552,
FRB 20190301B,CHIME,69.28431789077517,74.07906092446693,,0.4256003545741223,
FRB 20190301C,CHIME,171.8822901122661,34.9272208856182,,0.3334644005173444,
FRB 20190301D,CHIME,278.4858863400493,74.68270213869083,,0.3582348680353748,
FRB 20190301A,CHIME,309.13509114622497,69.84703268118199,,1.6436308421651595,
FRB 20190302A,CHIME,34.73716599154001,61.33887847422416,,0.6119976595593489,
FRB 20190303B,CHIME,128.62229234397032,66.03249236043354,,9.293384491311151,
FRB 20190303C,CHIME,173.30294575192846,26.32188414051418,,0.8658688704031114,
FRB 20190303D,CHIME,179.4282025682905,70.8405730934222,,0.4732689094855471,
FRB 20190303A,CHIME,208.0760009207447,48.25243580656435,,0.3806505800441768,
FRB 20190304A,CHIME,129.09024469045622,74.5583018701138,,0.6997201249214333,
FRB 20190304B,CHIME,204.92045972811917,24.18588413349553,,0.8216677395248806,
FRB 20190304C,CHIME,223.07394568984895,26.71728425041603,,0.3784369046332819,
FRB 20190308C,CHIME,188.63245166188392,44.38265576241356,,0.5328733298357062,
FRB 20190308B,CHIME,39.66523961530079,83.72646959246016,,1.1289656268513073,
FRB 20190309A,CHIME,278.9471983789365,52.407361005713824,,0.3611895629915831,
FRB 20190313B,CHIME,101.74879807734088,74.13842093328927,,0.660950925594879,
FRB 20190313A,CHIME,190.3462074055321,65.12605905055449,,0.4593808340734563,
FRB 20190316A,CHIME,5.309674954976732,20.50874604182294,,1.0455625746873505,
FRB 20190317A,CHIME,87.46282211588857,44.65758272744873,,0.455742150209391,
FRB 20190317B,CHIME,100.99961945374837,49.72847757692036,,0.7193681470863064,
FRB 20190317C,CHIME,125.86887106350464,32.073870096578254,,0.4652477588765064,
FRB 20190317D,CHIME,238.09222255874,47.04859213479796,,1.165929683060021,
FRB 20190317E,CHIME,274.4498320066414,13.243136200884376,,2.182463551180484,
FRB 20190318A,CHIME,323.88076592990376,74.45997941673406,,1.3809281375900009,
FRB 20190319A,CHIME,113.5303054065623,5.7210808411081535,,3.063324011309408,
FRB 20190320A,CHIME,61.52403926407701,63.36153622690588,,0.969151670708319,
FRB 20190320B,CHIME,250.43060666287084,39.62801155596849,,0.5965404079738316,
FRB 20190320C,CHIME,254.79654925726948,22.38133938142948,,1.220081050728939,
FRB 20190320D,CHIME,262.1736883709341,59.06884121317943,,0.4522721424908372,
FRB 20190320E,CHIME,67.21731674673512,89.21358743629705,,3.4956041709625247,
FRB 20190322A,CHIME,110.73656149557904,51.29595174359408,,0.7383331116584233,
FRB 20190322B,CHIME,131.815457659216,73.33752114511927,,0.4895755126850311,
FRB 20190322C,CHIME,296.20870320833194,70.70289371634621,,3.716601998546643,
FRB 20190323A,CHIME,112.41590775145131,34.46367514434992,,0.7139470055918257,
FRB 20190323B,CHIME,192.9365272193315,77.24813970382635,,5.075716518711503,
FRB 20190323C,CHIME,199.5301257037761,40.07199469450688,,0.4066020862237345,
FRB 20190323D,CHIME,56.88881918306582,46.92458913686005,,0.35576202779522,
FRB 20190325A,CHIME,129.75891682324198,83.07191948140718,,1.1832896750222557,
FRB 20190325B,CHIME,183.980876269286,30.32297139170881,,0.6879319473049725,
FRB 20190325C,CHIME,53.79919942648485,60.17147933062724,,0.6648967989361176,
FRB 20190326A,CHIME,161.6801810758624,74.21308384356405,,0.7659691255273245,
FRB 20190326B,CHIME,4.9760147466427895,21.798282021715988,,1.0839058145782077,
FRB 20190327A,CHIME,281.3465442858973,34.27724381823711,,2.511113749911926,
FRB 20190328A,CHIME,120.35480299215268,59.10190487850485,,0.4211140342341931,
FRB 20190328B,CHIME,198.01981615799727,86.82460652800093,,0.8260102399071357,
FRB 20190328C,CHIME,74.61337778375142,81.96098513259636,,4.7,
FRB 20190329A,CHIME,64.94939297736545,73.64279414522952,,0.4838300648625145,
FRB 20190330A,CHIME,204.12245128685447,38.355599524158414,,0.3257662996076946,
FRB 20190330B,CHIME,269.4011755813093,52.81132200320502,,2.4615064701163787,
FRB 20190401A,CHIME,196.3649436558268,79.9088668620287,,1.2470166601458168,
FRB 20190403G,CHIME,81.80586382663967,25.7768601862568,,0.4445336922036573,
FRB 20190403A,CHIME,114.94690623623327,86.37200325273551,,1.12,
FRB 20190403B,CHIME,135.56850006209072,1.453079386345112,,2.795240539343031,
FRB 20190403C,CHIME,249.78946685782265,58.70147360624114,,0.4869428782059362,
FRB 20190403D,CHIME,325.7376720600739,84.27794024098122,,0.6516530486612606,
FRB 20190403E,CHIME,237.96677688507063,86.1328704118412,,3.9,
FRB 20190403F,CHIME,43.24309677158831,33.134622065012856,,0.514669306717716,
FRB 20190404A,CHIME,143.142173785154,36.901662522149934,,1.1026777152549647,
FRB 20190404B,CHIME,259.8211400240606,39.99868111593776,,6.117214156688276,
FRB 20190405A,CHIME,337.0972144702397,20.95560769084621,,0.6509492239114707,
FRB 20190405B,CHIME,242.8536239522175,89.2031846312608,,1.510845817588664,
FRB 20190406A,CHIME,283.66177844450215,46.96577945291224,,0.6040835746129707,
FRB 20190408A,CHIME,262.0385026346091,71.59796913569971,,0.7349602279610028,
FRB 20190409A,CHIME,79.61994199214776,6.723177636104087,,2.635540280006433,
FRB 20190409B,CHIME,126.57921254944804,63.46673137511799,,0.3632570097061856,
FRB 20190409C,CHIME,252.4311755852789,71.61402057275961,,0.737109238228,
FRB 20190409D,CHIME,336.8604398834152,26.9518211482108,,0.6680070735682514,
FRB 20190410A,CHIME,263.58019469977467,-2.3707146222219717,,2.5209001176989787,
FRB 20190410B,CHIME,265.84700761366537,15.170505594726484,,1.0004914627179315,
FRB 20190411A,CHIME,79.27236358772342,83.87876085313178,,1.1594669841248937,
FRB 20190411B,CHIME,154.08841538658217,29.22960132849545,,0.960280351457844,
FRB 20190411C,CHIME,9.406834954322898,20.501778181337464,,3.5732109903308693,
FRB 20190412A,CHIME,243.3875800180897,61.86759350127755,,1.7975226631773908,
FRB 20190412B,CHIME,285.71964737747345,19.2441497162012,,0.9276590413781178,
FRB 20190414B,CHIME,246.86075943664164,57.52390248749634,,0.4883572027713949,
FRB 20190415A,CHIME,182.20696994968424,71.27709567676762,,0.7818398085317323,
FRB 20190415B,CHIME,8.834888114619625,54.84797366871601,,0.897851274155127,
FRB 20190415C,CHIME,74.84853118718912,34.79600047772797,,0.46,
FRB 20190416A,CHIME,145.0399141115267,33.29686190175691,,0.5298491230189589,
FRB 20190416B,CHIME,172.23262463605357,35.95543581570307,,0.4846964775376435,
FRB 20190417B,CHIME,174.78549941451794,64.72352136689688,,0.455348414890926,
FRB 20190417A,CHIME,294.70065424008027,59.40412615010519,,0.4975492957319838,
FRB 20190417C,CHIME,45.51465138420311,71.2520703329638,,8.034587021812435,
FRB 20190418A,CHIME,65.8777755073419,16.041189267192742,,1.0412032253187429,
FRB 20190419B,CHIME,257.0133230449173,86.72557548250367,,3.631175986264333,
FRB 20190420B,CHIME,94.56707297245406,70.11836813099615,,1.96804725701146,
FRB 20190420A,CHIME,106.52176207933624,55.9589143218802,,0.9585425000695946,
FRB 20190420C,CHIME,248.13764651060137,37.25204399526288,,0.5832832686816465,
FRB 20190421A,CHIME,208.11279338763188,48.24693038656999,,0.399257495930767,
FRB 20190421B,CHIME,82.42599081158542,62.3107785167212,,4.967797653171578,
FRB 20190422A,CHIME,48.60009924342938,35.151987555033855,,0.7323424025187911,
FRB 20190423A,CHIME,179.46254321839248,55.24262457755834,,8.248913161812807,
FRB 20190423B,CHIME,298.63806045285014,26.19663958498421,,0.7522042549274274,
FRB 20190423C,CHIME,347.5565535232379,86.96016478595683,,1.313199143016993,
FRB 20190423D,CHIME,28.7697531770264,84.79139261588045,,1.657378008341046,
FRB 20190424A,CHIME,168.21808531698397,63.7821565111554,,0.9128072901582256,
FRB 20190425A,CHIME,255.79030761270712,21.523483032455974,,19.701499557582327,
FRB 20190425B,CHIME,216.34235170724685,88.69809342071736,,1.1228825593263234,
FRB 20190426A,CHIME,114.99746796021915,59.12337864345078,,0.9964673384442532,
FRB 20190427A,CHIME,79.0293156067032,7.764639302745518,,4.976971352927896,
FRB 20190428A,CHIME,170.80455000605562,23.32722816853276,,1.8138267732336597,
FRB 20190429A,CHIME,281.0377915846716,59.42367723024131,,0.8211546437386165,
FRB 20190429B,CHIME,330.026360360108,3.959239389494495,,0.7688058248577286,
FRB 20190430B,CHIME,237.65052384160668,62.27345086155818,,0.3789679289350443,
FRB 20190430A,CHIME,79.65311043428645,87.01755403021514,,0.7143463893119066,
FRB 20190430C,CHIME,277.28905121111046,24.921063894454555,,1.9642454484477323,
FRB 20190501B,CHIME,261.43074690319446,54.362592563059344,,0.9029801354557389,
FRB 20190502A,CHIME,164.95750324845403,59.94730126565927,,2.8490928684496644,
FRB 20190502B,CHIME,211.9669650986685,64.4374392184466,,2.4610510875376037,
FRB 20190502C,CHIME,156.40854805957736,82.96736666612716,,2.014758137795611,
FRB 20190515A,CHIME,310.1248744557379,55.46500284660951,,0.5695075042442046,
FRB 20190515B,CHIME,0.9335226828946456,3.405721707408204,,2.5690661577086598,
FRB 20190515C,CHIME,31.789467043223112,20.080789428234823,,0.6412829809960339,
FRB 20190515D,CHIME,67.24561768488364,-5.014726328018668,,2.617350270801305,
FRB 20190516B,CHIME,167.43190162963444,7.363612625395399,,1.0123556136640068,
FRB 20190517D,CHIME,339.96922270072673,41.83526855102241,,0.45,
FRB 20190517B,CHIME,64.80955918117269,73.64519882017554,,0.4657650998060508,
FRB 20190517C,CHIME,87.55855672309028,26.623522636086125,,3.4159342201781606,
FRB 20190518B,CHIME,175.1855203978997,20.27810722878357,,1.1970129145956572,
FRB 20190518C,CHIME,242.11251617342884,4.644704020966527,,6.723896236843723,
FRB 20190518D,CHIME,165.31282131492708,89.23102396229268,,1.5418612795638484,
FRB 20190518E,CHIME,29.32718349903381,65.7203855748205,,0.856012842720077,
FRB 20190518G,CHIME,94.53359332024002,75.51765999912433,,0.521750710634408,
FRB 20190519D,CHIME,164.58989458441533,42.9923286542238,,0.3773446521679516,
FRB 20190519E,CHIME,168.30531269580473,41.64940799363028,,0.5720423229302567,
FRB 20190519F,CHIME,165.33569097518665,77.22381790130704,,0.655092775011581,
FRB 20190519G,CHIME,306.5011243791341,72.33957406070755,,1.0942788361601794,
FRB 20190519H,CHIME,343.6464809357783,87.40049963800053,,2.1477222854682405,
FRB 20190519A,CHIME,25.66594987816996,65.72855329601869,,0.6464888220985389,
FRB 20190519B,CHIME,29.332514549111373,65.73438421499766,,0.9147439406709154,
FRB 20190519C,CHIME,29.788539894006284,65.73462910379223,,0.6038828112678565,
FRB 20190519J,CHIME,298.00903466253976,86.91035161986275,,0.342597000335327,
FRB 20190520A,CHIME,273.5801845193598,26.30357110601238,,0.8838010141794898,
FRB 20190527A,CHIME,12.550256096499515,7.995848352812427,,0.7399373408803429,
FRB 20190527B,CHIME,74.02334751804818,63.37969843860091,,0.4397377680886515,
FRB 20190527C,CHIME,100.19880585858112,57.11376933817698,,3.2041422400127337,
FRB 20190529A,CHIME,68.09077190157006,40.32412538640819,,0.3272743401934164,
FRB 20190530A,CHIME,68.6767233973758,60.59767687489911,,0.3753555004240116,
FRB 20190531C,CHIME,331.15974930394066,43.00165478868091,,0.37,
FRB 20190531E,CHIME,15.302356471869084,0.5392445963925487,,2.260272367103502,
FRB 20190601A,CHIME,190.0330134289041,62.721268413549154,,0.73,
FRB 20190601B,CHIME,17.94213798460298,23.821968563122677,,0.4760547911415146,
FRB 20190601D,CHIME,85.47979748554047,79.34776228229686,,0.6525753465978946,
FRB 20190601C,CHIME,88.57496868469022,28.474314121349444,,1.32,
FRB 20190603B,CHIME,49.30941226456807,74.27867195457993,,0.6161301062133776,
FRB 20190603A,CHIME,29.17540113747956,65.73163375483338,,0.6525050993656708,
FRB 20190604D,CHIME,200.01371102869416,15.72808012190989,,0.8316112525681857,
FRB 20190604A,CHIME,218.77567301713583,53.37919509325084,,0.9104205550714092,
FRB 20190604E,CHIME,235.6412955159387,32.06212691587854,,0.950938547093354,
FRB 20190604F,CHIME,29.78277251141703,65.7325900998595,,3.344610787896896,
FRB 20190604C,CHIME,77.38507022772612,49.29675581951551,,1.3587370478380574,
FRB 20190604G,CHIME,120.7391919289176,59.54802354423991,,1.0898908148351438,
FRB 20190605C,CHIME,168.441309224066,-5.18147201060332,,2.68087974717454,
FRB 20190605D,CHIME,26.778901713121016,28.622084178539552,,0.713310770399036,
FRB 20190605A,CHIME,25.87991184895716,65.71714434429718,,1.156724171517637,
FRB 20190605B,CHIME,29.414050254930828,65.73412645838258,,1.6750070598978914,
FRB 20190606A,CHIME,218.8757009569956,53.28277384196437,,0.4575187135646925,
FRB 20190606B,CHIME,107.15268453033178,86.85268704893289,,2.908269331217434,
FRB 20190607C,CHIME,209.50239240139305,81.22587937541996,,0.756698197621256,
FRB 20190607A,CHIME,26.292474440493717,23.59694339764877,,4.4131529436565815,
FRB 20190607B,CHIME,42.01576948416182,49.62536443456709,,1.01174399999534,
FRB 20190608A,CHIME,359.3057209859847,19.16550504717078,,0.7317441264507984,
FRB 20190609A,CHIME,347.92464155317447,87.95923373868689,,2.220663140046764,
FRB 20190609B,CHIME,213.9293243129647,88.35567806831787,,5.37892365534788,
FRB 20190609C,CHIME,73.2364474762771,24.060563399816395,,0.4666691804656491,
FRB 20190609D,CHIME,115.92081214362906,51.69287451476246,,0.6723866057284433,
FRB 20190611A,CHIME,61.269790591226425,73.6369825250961,,1.2228787569171968,
FRB 20190612A,CHIME,148.010062514887,70.42051546408027,,0.9171718788888296,
FRB 20190612B,CHIME,222.30844760125711,4.307208418614493,,3.3948453256808304,
FRB 20190612C,CHIME,79.05632332579887,61.0051065006112,,3.4521195095629187,
FRB 20190613A,CHIME,257.46899613275497,18.847877983919066,,1.356544994638331,
FRB 20190613B,CHIME,65.77799802797634,42.67234374473347,,0.726075908738826,
FRB 20190614A,CHIME,176.88906441188482,88.3018045828548,,0.5720524149345304,
FRB 20190614B,CHIME,332.9268876209862,24.69166116782056,,3.5226668031713952,
FRB 20190614C,CHIME,356.541881175617,35.91408369611983,,0.3476578281046731,
FRB 20190616A,CHIME,234.0766691177601,34.485318835474445,,0.5969772132336533,
FRB 20190617A,CHIME,178.88300712370972,83.85419801267003,,6.652510798796647,
FRB 20190617B,CHIME,56.52771383473066,1.1624764099068428,,1.3212828828603134,
FRB 20190617C,CHIME,134.41505097653277,35.70097678815144,,0.7995389853317066,
FRB 20190618A,CHIME,321.30811655271634,25.44167833065182,,1.1141605251396285,
FRB 20190618B,CHIME,355.7050893569111,52.70263628297852,,4.740869143391532,
FRB 20190619A,CHIME,165.05116207177662,68.3681201079411,,1.4254966192202845,
FRB 20190619B,CHIME,231.15811339472333,82.14928622784572,,1.6379945652326788,
FRB 20190619C,CHIME,38.53839296594715,36.33094007937155,,0.5618411505621319,
FRB 20190619D,CHIME,114.8144341289183,41.58910222874634,,0.5678811805596261,
FRB 20190621B,CHIME,193.11053602421063,55.641457509355575,,0.4139188206150124,
FRB 20190621C,CHIME,206.66876220703136,5.234332154921905,,1.3713505063191929,
FRB 20190621D,CHIME,262.37447765829165,78.73389961886686,,1.0437678486390518,
FRB 20190622A,CHIME,297.7695672719323,85.8104910887599,,0.61,
FRB 20190623A,CHIME,270.5440784966563,24.52267628404088,,0.41,
FRB 20190623B,CHIME,335.23342303257846,46.11699518941917,,1.5119144012088055,
FRB 20190623C,CHIME,193.78618350080163,86.03876381704418,,1.92,
FRB 20190624A,CHIME,168.17175011183815,69.77675229101136,,0.6134828433818547,
FRB 20190624B,CHIME,310.3011785063465,73.71465733700157,,2.0431884706210703,
FRB 20190625A,CHIME,227.9964194535688,32.878049140174475,,0.4356694922580147,
FRB 20190625E,CHIME,59.21737813522141,73.63770871334201,,0.8387715909463189,
FRB 20190625C,CHIME,73.2929274507911,11.097076719299366,,2.819792656837594,
FRB 20190625D,CHIME,115.11434900078302,4.867749090988587,,5.284544040567425,
FRB 20190626A,CHIME,72.3088424071231,73.65550207774059,,0.43,
FRB 20190627A,CHIME,195.99751438067145,0.7466217348157801,,1.0491945383339014,
FRB 20190627B,CHIME,256.4263125320151,40.78503985752449,,3.751145532450706,
FRB 20190627C,CHIME,267.70573301371167,71.58582225855328,,4.176029570994328,
FRB 20190628A,CHIME,199.04716829416816,51.7525325276951,,0.5885940125934134,
FRB 20190628B,CHIME,248.06782963516173,80.14547205891634,,0.7927020777526215,
FRB 20190628C,CHIME,11.519266957777363,48.587557380057234,,0.7176593626258929,
FRB 20190629A,CHIME,6.267097345264524,12.674351894094912,,1.013707194796155,
FRB 20190630B,CHIME,328.23224605896075,43.01115306672654,,0.9492320870473852,
FRB 20190630A,CHIME,331.7025011786214,17.370645870789268,,0.7480572402331787,
FRB 20190630C,CHIME,67.90948124812704,80.95570410135596,,0.6463860611321391,
FRB 20190630D,CHIME,143.45607575144646,8.899970761689426,,1.1618099022842652,
FRB 20190701A,CHIME,277.42068327703873,59.04291811015098,,0.9455040454295104,
FRB 20190701B,CHIME,302.509668493674,80.17205651784874,,1.1306503171093716,
FRB 20190701C,CHIME,95.8218741107252,81.63659492219472,,0.6860449966753784,
FRB 20190701D,CHIME,111.98843998516756,66.69500290663511,,1.3445095730495764,
FRB 20190701E,CHIME,138.50779951560753,61.714480041919614,,0.7396386797581042,
FRB 20190702A,CHIME,187.9908076053154,74.21535229950669,,0.4279778078395678,
FRB 20190702B,CHIME,208.14804492829012,48.25263245051576,,0.9446646159975278,
FRB 20190702C,CHIME,284.58299844260193,88.74525533160518,,1.0756745056552623,
FRB 20190708A,CHIME,136.29254405583708,69.58228702691807,,1.7306269640628604,
FRB 20190710B,CHIME,44.22211911518809,73.61535624689449,,0.3306046330688167,
FRB 20190710C,CHIME,68.97731669973125,60.19908597089482,,8.196273456792667,
FRB 20190710A,CHIME,141.6416797654095,63.09838734962577,,1.3542816261572606,
FRB 20190712A,CHIME,58.84699397740826,9.261984841135888,,2.135682598489545,
FRB 20190712B,CHIME,165.85618734699244,6.313627761666858,,10.785740166350651,
FRB 20190713A,CHIME,24.411338787861634,73.54189048315246,,0.529001226365931,
FRB 20190713B,CHIME,159.85010571347811,26.478480938773775,,0.539991811067103,
FRB 20190714D,CHIME,298.13682771718595,23.604292340803003,,0.4713856365232888,
FRB 20190714C,CHIME,131.3146712177858,29.20511592828735,,0.4081627169634626,
FRB 20190715C,CHIME,203.0702562690853,60.33778150545653,,0.3471498826916469,
FRB 20190715B,CHIME,17.728477094464694,10.218578449890412,,8.94585804745422,
FRB 20190716D,CHIME,238.18949851474383,50.92542821462803,,1.1631408592972727,
FRB 20190716B,CHIME,266.2522636874172,79.7854511126051,,1.3664878760067818,
FRB 20190716A,CHIME,315.19738196479943,25.14282540969945,,0.6810511698341268,
FRB 20190718A,CHIME,195.0215755087076,74.21990354839727,,0.4314234276036586,
FRB 20190720B,CHIME,348.9376963582288,62.90571325974653,,0.3791332151248696,
FRB 20190720A,CHIME,3.4798644125940577,49.59570440358269,,2.713080214027088,
FRB 20190721D,CHIME,349.3423190879495,26.29439088489172,,3.2892582264430668,
FRB 20190722B,CHIME,41.08585261034765,88.96568214999378,,2.848800404068259,
FRB 20190722A,CHIME,98.6218140761964,64.2323906774663,,0.3826872531834282,
FRB 20190723A,CHIME,138.13108366566905,57.16340190390419,,0.4943021464348698,
FRB 20190725A,CHIME,166.29726413918698,40.472547864072496,,0.6062760946930694,
FRB 20190726A,CHIME,132.67322165044487,8.891594075523365,,5.834400702271886,
FRB 20190727A,CHIME,354.1383538905546,45.67023541334824,,1.2689242212369558,
FRB 20190728A,CHIME,65.35709505590033,39.5368907940544,,0.4819923588176217,
FRB 20190729A,CHIME,236.13610646941245,44.96312109299905,,0.4802693086164935,
FRB 20190804E,CHIME,261.2181250818273,55.01096211548517,,0.9340361760014668,
FRB 20190804D,CHIME,24.91458263313036,80.13186544335571,,0.7466910830069291,
FRB 20190804C,CHIME,84.89198071748373,59.82825219236925,,0.484709871856726,
FRB 20190804B,CHIME,185.35822345556733,70.69923017852528,,0.6696743720815292,
FRB 20190805D,CHIME,216.21652808883363,74.62744230601513,,0.3606014057861982,
FRB 20190805C,CHIME,232.5413330931348,56.76787684161478,,0.3372603403234893,
FRB 20190805E,CHIME,240.78270969377968,75.46081684816852,,0.8727979715379472,
FRB 20190805B,CHIME,333.2751510491747,-8.512824667810786,,1.730681893359116,
FRB 20190806C,CHIME,311.84799093864365,83.40097426813836,,0.5681423529031002,
FRB 20190806B,CHIME,54.71454426601802,19.214988991433128,,1.0751070915939622,
FRB 20190807B,CHIME,332.8344421386722,13.829384447810869,,1.034925059583261,
FRB 20190807A,CHIME,29.44006751811481,66.53183692269113,,0.4356140691266972,
FRB 20190809A,CHIME,29.41213394082489,65.73050989566025,,1.0131825834144537,
FRB 20190810F,CHIME,273.1020987419595,39.18104256059501,,0.7595466720095947,
FRB 20190810A,CHIME,331.8489878944783,17.371176389737634,,2.70269781488228,
FRB 20190810C,CHIME,50.27698796758541,45.61870788841801,,1.9043124342365845,
FRB 20190811C,CHIME,108.02822643969456,29.986996095241324,,0.6915380755165865,
FRB 20190811B,CHIME,147.57043058052827,18.46287019331916,,0.5972645046383809,
FRB 20190811A,CHIME,199.20561604723096,72.51893944405049,,0.7104848548585289,
FRB 20190812A,CHIME,268.10059520582945,50.85847349027095,,3.4853938824284723,
FRB 20190812C,CHIME,357.71714644685164,31.0527156802294,,6.627876889713487,
FRB 20190812B,CHIME,359.5810074113583,51.53654162238109,,0.8171010499020227,
FRB 20190813C,CHIME,138.97734063118483,80.88929500533118,,0.6657268718592799,
FRB 20190813B,CHIME,121.11596592263176,54.81019198513641,,1.9915624819139188,
FRB 20190813A,CHIME,356.06562729588904,78.19578546347795,,2.1997625600556074,
FRB 20190814A,CHIME,210.72548572107212,74.802186122471,,0.990426722695779,
FRB 20190815D,CHIME,231.203465264244,53.26242141695715,,4.273786721024276,
FRB 20190815A,CHIME,331.70354011122515,17.369899917451278,,1.875588887798986,
FRB 20190815C,CHIME,74.73709967983564,70.71753980596326,,1.769403261177786,
FRB 20190815B,CHIME,192.49551686545095,55.26146199110717,,1.8684197058727725,
FRB 20190816B,CHIME,279.9156284880297,7.213250352029757,,25.637235301431357,
FRB 20190816A,CHIME,207.05776466515988,86.94797381276786,,2.7125497413153936,
FRB 20190817E,CHIME,243.7406783280072,53.24492580209605,,0.5287544830583492,
FRB 20190817A,CHIME,65.35689593069955,73.64758750389862,,0.3554082139916031,
FRB 20190817C,CHIME,180.0690214549882,61.92645429278844,,0.6234391153787053,
FRB 20190817B,CHIME,195.548100449561,32.910472743120586,,0.3609907180171463,
FRB 20190818C,CHIME,326.4418797391804,63.14288773562031,,1.1733338068801815,
FRB 20190818B,CHIME,35.43381753319138,74.02710564933969,,1.0659641383082377,
FRB 20190818A,CHIME,176.41877761321433,52.1404042292063,,0.4237112651025299,
FRB 20190819A,CHIME,5.182757811692782,54.2517621824236,,0.8355782448394511,
FRB 20190820B,CHIME,268.9201052337997,37.61061692578532,,1.100869694176802,
FRB 20190820A,CHIME,296.7960289189117,26.16681987701565,,0.8131830663051621,
FRB 20190821E,CHIME,280.4573481830768,48.91294745602171,,1.101481949529598,
FRB 20190821D,CHIME,4.089786846448138,41.819258191574335,,0.6527521645590458,
FRB 20190821C,CHIME,63.37431759275495,78.11901103639515,,3.477571565124244,
FRB 20190821B,CHIME,129.3946181177838,3.5928818486390792,,3.871564618410666,
FRB 20190821A,CHIME,194.5102847593569,82.15591278856155,,1.892147618192388,
FRB 20190822A,CHIME,200.8846905914408,41.647118178144986,,0.3934445559902382,
FRB 20190823A,CHIME,172.86857311355945,87.13974691124409,,0.6108488526061008,
FRB 20190824A,CHIME,331.832872009556,17.376534598038077,,0.6166733933058487,
FRB 20190824E,CHIME,5.732207669281038,25.25957985260025,,0.6375743540447978,
FRB 20190824D,CHIME,48.20185863630691,80.19033966497739,,1.2477385134807348,
FRB 20190824I,CHIME,164.56571163748382,-9.052622852510424,,3.528684720111198,
FRB 20190824C,CHIME,176.41908132972242,80.53578694181869,,1.4855637282498504,
FRB 20190825G,CHIME,327.0826729422212,77.92198512492355,,0.782741119994063,
FRB 20190825A,CHIME,29.59269444253745,65.73120007062829,,3.190859162098414,
FRB 20190825B,CHIME,29.454588435654088,65.71962620087712,,0.3324107533638611,
FRB 20190825E,CHIME,30.787098508023437,57.78235542225343,,1.909451619191404,
FRB 20190825C,CHIME,32.85181523968814,65.73319663003583,,0.8114151751821175,
FRB 20190825D,CHIME,49.40640820426118,51.57738913439292,,0.3403949223888472,
FRB 20190826B,CHIME,55.26109465669394,79.92350866354928,,6.326040000610714,
FRB 20190826A,CHIME,112.54636756557888,81.20388386223325,,0.9923742827451488,
FRB 20190827A,CHIME,328.8060078857617,66.9658294090363,,0.5970138227080565,
FRB 20190829B,CHIME,9.731109308289176,52.70715690590751,,0.4553119641737227,
FRB 20190829C,CHIME,61.46712457668579,42.141011474287325,,0.7134385773602893,
FRB 20190829A,CHIME,141.10274801572967,82.2970476283804,,2.1100177116326715,
FRB 20190901B,CHIME,264.57828140635115,27.95126050651469,,5.911416817691935,
FRB 20190901A,CHIME,113.24251683416948,40.412428938030544,,0.5104551784602187,
FRB 20190902C,CHIME,260.37685293270374,68.69835649821508,,0.8403216130549954,
FRB 20190902D,CHIME,7.710951430046505,33.10427720805037,,0.8496841787096975,
FRB 20190902B,CHIME,85.47161931724995,35.616194921344146,,0.6587197453804763,
FRB 20190902E,CHIME,86.75366802642009,18.37190172154989,,1.2612044781790193,
FRB 20190902A,CHIME,121.0681502405672,52.08952120614774,,0.5492586562444326,
FRB 20190903D,CHIME,224.3477977973876,34.09697515904064,,0.5081686862194817,
FRB 20190903C,CHIME,26.755207169224228,51.15973930893756,,1.910064737639988,
FRB 20190903A,CHIME,47.94140462994621,21.41042794916984,,5.699822359072225,
FRB 20190903B,CHIME,113.65019589447786,27.092167218936854,,0.5598504170515706,
FRB 20190903E,CHIME,183.58170937950268,41.25252911022216,,2.021494624935276,
FRB 20190904A,CHIME,76.66819439852455,7.23792200070482,,0.9561010117193388,
FRB 20190905B,CHIME,260.0362459774856,13.2731168765588,,1.20949649594519,
FRB 20190905A,CHIME,73.91619519870224,89.63981209110318,,0.6151702958833094,
FRB 20190907C,CHIME,261.7203343303153,74.56095526677642,,4.396288542356947,
FRB 20190907B,CHIME,340.11609625609634,72.74327465252263,,1.093311766099042,
FRB 20190907A,CHIME,122.21766379640614,46.27366922842509,,0.3352756930888676,
FRB 20190910B,CHIME,219.6498890498263,52.89986623529403,,0.7084585597672253,
FRB 20190912F,CHIME,238.90504904957916,79.85178954480486,,0.6552563735587991,
FRB 20190912A,CHIME,243.77839596549265,22.39410288184097,,1.32191156004252,
FRB 20190912E,CHIME,303.4165120183292,53.12977587099742,,1.02238610340908,
FRB 20190912B,CHIME,4.311484509300089,6.099532337722225,,3.665842901859393,
FRB 20190912D,CHIME,3.7282733404547344,66.51175501178284,,0.582469561393846,
FRB 20190912C,CHIME,17.78554912539601,67.35300004879954,,0.5707071975799236,
FRB 20190913D,CHIME,137.15157767347384,85.4762389567125,,0.65999078350818,
FRB 20190913A,CHIME,100.16939813154087,39.59935523622385,,1.0009255650620363,
FRB 20190913E,CHIME,201.70747660909643,53.299252839523376,,0.5838054349819874,
FRB 20190914B,CHIME,288.47359249930514,23.62398444065941,,0.9414484310971448,
FRB 20190914A,CHIME,337.7550098842101,-6.409496235894179,,1.879479137319158,
FRB 20190915F,CHIME,239.28274744950372,9.871749249050382,,1.2706561572841495,
FRB 20190915E,CHIME,8.265203805838159,77.03647519545142,,2.5356201797895435,
FRB 20190915D,CHIME,11.592665288839132,46.87911877967859,,1.183836825139249,
FRB 20190915A,CHIME,120.7246153367838,46.26847631912709,,0.575188592616046,
FRB 20190915B,CHIME,180.4739205944072,22.903282256390437,,0.8383561534474181,
FRB 20190916A,CHIME,300.5736656588142,47.32198728373871,,1.0045555490806657,
FRB 20190917A,CHIME,255.99050503873937,74.5695106747177,,0.8858378196793467,
FRB 20190918F,CHIME,249.00611653721143,40.25285629621854,,0.4719238533431639,
FRB 20190918E,CHIME,253.2540029416014,53.22827047326068,,0.6949043635616392,
FRB 20190918D,CHIME,20.841026520588432,13.635274131141564,,1.293940531823907,
FRB 20190918C,CHIME,64.1541275444336,82.49511429750552,,0.8496888558249756,
FRB 20190918A,CHIME,84.76572793239268,40.35890040967887,,1.1597306985440474,
FRB 20190919D,CHIME,64.22118730391207,42.27152929737551,,0.8691480038776388,
FRB 20190919C,CHIME,145.8779329639151,15.248293854646278,,1.105406816378272,
FRB 20190919B,CHIME,161.7685282654051,41.64911308978194,,1.061236790782955,
FRB 20190919A,CHIME,212.179052976552,61.10872567856414,,1.424100990392822,
FRB 20190920A,CHIME,187.4095912996012,29.637779363133497,,5.049767513356092,
FRB 20190922A,CHIME,243.68280732779948,68.72879689978352,,1.890423749741004,
FRB 20190924A,CHIME,326.1279488143448,27.376515160334986,,1.1484550667489115,
FRB 20190925C,CHIME,296.73320232225313,88.59796475956799,,2.355225898459689,
FRB 20190925B,CHIME,105.28149331843326,42.84017463741939,,11.893739813569692,
FRB 20190925E,CHIME,156.30430318209906,50.97016855972167,,0.3499620853504357,
FRB 20190926D,CHIME,350.269194013044,47.80058743871054,,0.6132177292818938,
FRB 20190926C,CHIME,88.64170148530505,88.11252051862459,,0.7552935207282011,
FRB 20190927D,CHIME,359.55572354222494,48.38532199436504,,1.832374064834196,
FRB 20190927C,CHIME,78.31127060707058,48.52125172394479,,1.4363140239779004,
FRB 20190927B,CHIME,146.97618471218016,63.10731242990976,,0.6699415315779309,
FRB 20190927A,CHIME,153.58702950812034,25.04473277294184,,2.0503300975524588,
FRB 20190928A,CHIME,210.6634113915545,80.08124745138616,,0.6995419527770559,
FRB 20190929A,CHIME,294.9066876027736,59.38560392584272,,0.6542158506839346,
FRB 20190929E,CHIME,311.249630322644,29.05621146274144,,0.5561601836122183,
FRB 20190929D,CHIME,358.09965321717544,48.4272633804073,,1.4275359935045782,
FRB 20190929C,CHIME,65.85504019263306,73.64287522046084,,0.7281839521681431,
FRB 20190929B,CHIME,90.80918707561072,11.781189163371774,,1.3616774889436027,
FRB 20191009A,CHIME,229.31029319045905,60.71050723882402,,0.5330562043040815,
FRB 20191010B,CHIME,293.40998455960863,29.91325574441316,,1.2953288641006149,
FRB 20191010A,CHIME,175.45340817703664,73.75672897465776,,0.6127563192395733,
FRB 20191012B,CHIME,157.40808101779675,46.55480004372646,,0.5484873291360598,
FRB 20191013D,CHIME,41.88564795021368,13.631536769643256,,1.205787372384845,
FRB 20191013C,CHIME,179.8945300803138,63.93819128636645,,1.1299256183139357,
FRB 20191014B,CHIME,84.61678615666636,8.289481949852927,,0.8359633739995114,
FRB 20191014A,CHIME,104.02054414470427,61.06244402513664,,0.4380421829891249,
FRB 20191015B,CHIME,239.17715946420245,49.37572078507114,,0.6876867273821355,
FRB 20191015A,CHIME,244.1017257030822,55.581144770271365,,0.5349728166949627,
FRB 20191017A,CHIME,215.30234860674705,57.18321485268436,,0.5221603051533199,
FRB 20191018C,CHIME,323.2002083646166,13.655076708639822,,9.141857461417445,
FRB 20191018D,CHIME,100.80013266057183,34.8430648517067,,0.6717222818592347,
FRB 20191018A,CHIME,179.2833098247487,85.94769329002852,,1.10793766537598,
FRB 20191019E,CHIME,296.9572180990914,85.24503304378382,,0.6795493459790762,
FRB 20191019F,CHIME,16.170545044322587,52.53381918176393,,0.5833742763820855,
FRB 20191019G,CHIME,53.03982637577951,82.0140308380777,,0.6357824608705527,
FRB 20191019D,CHIME,212.52338069108797,32.89967595465329,,0.4458582836193552,
FRB 20191019B,CHIME,240.8580290416944,25.41593924393453,,0.7268680858237104,
FRB 20191019A,CHIME,264.96834125227355,-1.1394547808586597,,4.973188033183815,
FRB 20191020A,CHIME,206.36976719059413,48.25733244722227,,1.398340677206034,
FRB 20191020C,CHIME,208.2868457157156,70.0141877291071,,0.5732713298751265,
FRB 20191021B,CHIME,180.36725886957703,80.3253685267217,,2.399290134360246,
FRB 20191021A,CHIME,124.93068304612316,46.41845038058659,,7.974057883044463,
FRB 20191023C,CHIME,11.058820601027907,28.610754814140915,,1.882576695027212,
FRB 20191023B,CHIME,142.02605899184607,33.1389264192273,,0.8618210283553284,
FRB 20191023A,CHIME,180.2311969257241,7.367800754952722,,0.6624389267607863,
FRB 20191024B,CHIME,277.28258294556383,24.925417879410936,,0.3668161137470841,
FRB 20191024A,CHIME,307.4066551462845,76.3143265984547,,0.5783999260722793,
FRB 20191025B,CHIME,111.6647015598568,23.267734721590784,,0.7435176977153789,
FRB 20191025A,CHIME,183.7815927392912,48.654295811452805,,0.4809424603541932,
FRB 20191028B,CHIME,277.2065922126818,24.929374250737567,,0.509903768023891,
FRB 20191028A,CHIME,91.94750279595,41.15105707411166,,0.4237038124011225,
FRB 20191026A,CHIME,55.63279271240769,-6.364904874530499,,2.5890893380024447,
FRB 20191026B,CHIME,55.5406625975155,-6.367424301886548,,2.329716884186244,
FRB 20191029A,CHIME,61.1910553635282,73.63614124176931,,0.6244632249873077,
FRB 20191029D,CHIME,220.7082897879045,34.50615021144009,,0.4768150849107476,
FRB 20191030B,CHIME,33.74248063624543,65.73625440297869,,0.3800759140892682,
FRB 20191030C,CHIME,174.68976220818888,61.47196413777338,,1.0703708128968106,
FRB 20191101D,CHIME,145.36461492150988,65.11419438743975,,1.143126757875392,
FRB 20191101C,CHIME,165.1467761100086,34.12538631646997,,0.744964808697232,
FRB 20191101A,CHIME,166.4440387126876,31.15972164070815,,4.135695370020291,
FRB 20191102C,CHIME,353.07882990764614,17.36158355219678,,0.7845116206439303,
FRB 20191102B,CHIME,191.8123056563024,86.89746856502829,,0.4623293402443158,
FRB 20191103F,CHIME,298.3687090649259,57.04050226013264,,0.5819990322740349,
FRB 20191103E,CHIME,59.8322846666575,89.68893287666452,,0.4472962162955979,
FRB 20191103D,CHIME,34.149507896563705,29.86187792348273,,0.3704645040267335,
FRB 20191103C,CHIME,183.7591644911568,36.12998940830517,,0.4546012812891035,
FRB 20191103B,CHIME,234.22952083505595,16.14507337502097,,0.7140693682923419,
FRB 20191104E,CHIME,283.9701824317791,60.58556100591145,,0.9490346168606424,
FRB 20191104C,CHIME,116.1784214244904,19.771979877830237,,0.6911725893518003,
FRB 20191104B,CHIME,225.4853372808117,63.08850292273101,,0.5228891855667751,
FRB 20191104A,CHIME,252.13881596738204,37.24746898221875,,0.4561134787133348,
FRB 20191105A,CHIME,120.93480864005248,56.98365604256176,,2.608671981783319,
FRB 20191106B,CHIME,242.599255025341,75.45300686610679,,0.3634351012229219,
FRB 20191106A,CHIME,258.0824372150871,43.12864328338435,,0.3413077674621224,
FRB 20191107C,CHIME,249.5209502840139,41.55799129617484,,0.6197630417726512,
FRB 20191108D,CHIME,120.292284472103,76.7488288103634,,0.3443250420362832,
FRB 20191108B,CHIME,233.6311205132401,83.05639774775057,,1.166137961522266,
FRB 20191109C,CHIME,152.46859799142442,79.43196878853081,,0.5338916937478653,
FRB 20191110D,CHIME,50.45599452749848,19.209678547167652,,0.7523513245113126,
FRB 20191110C,CHIME,134.21856625334402,38.07623155922905,,0.6633366568283319,
FRB 20191110A,CHIME,208.06447148175712,48.11639750651803,,1.0884013103737271,
FRB 20191111A,CHIME,60.81610783672888,73.62137450457247,,0.4998682072219351,
FRB 20191113D,CHIME,92.1711042938091,65.82819019320235,,0.5948803015229469,
FRB 20191113C,CHIME,136.09761762202118,40.04277226238669,,0.3250652084285633,
FRB 20191113B,CHIME,169.2738066767215,69.19732855284835,,0.5788438756235387,
FRB 20191113A,CHIME,205.86456970042295,48.258210283369735,,0.5772517086299156,
FRB 20191114E,CHIME,294.13895647875484,86.64394376035402,,1.871743369122888,
FRB 20191114F,CHIME,54.281345676754114,53.90905983813983,,0.3593915261863979,
FRB 20191114D,CHIME,178.38728577376605,84.05119835714596,,3.343051754278966,
FRB 20191114C,CHIME,204.0403916998369,76.79682420058218,,0.5508091916807674,
FRB 20191114B,CHIME,254.76092092117065,44.69041313272656,,0.3228178787629088,
FRB 20191114A,CHIME,273.68454434723594,19.71273043157693,,0.4109915389891498,
FRB 20191115B,CHIME,143.93379406319383,29.627942636659373,,2.064232589071359,
FRB 20191116A,CHIME,208.16360323300344,48.10792413256466,,2.9152849660036897,
FRB 20191117B,CHIME,25.61969453999066,40.2650108241034,,0.8931231051902356,
FRB 20191117A,CHIME,210.73514445315243,48.25091130028913,,0.4159402754070906,
FRB 20191118B,CHIME,304.54105678692594,52.35756521848529,,0.5083258083958172,
FRB 20191118A,CHIME,113.1222389282668,20.21015611928234,,0.4999189657246993,
FRB 20191202C,CHIME,331.7610244669809,79.10561415632847,,0.9368100231763152,
FRB 20191202D,CHIME,121.10801307293316,51.70472548853732,,0.5168101789749603,
FRB 20191202B,CHIME,215.92124638248555,82.67907814975138,,5.183559277330659,
FRB 20191205D,CHIME,107.41404583975648,61.21155593889257,,1.217056873897485,
FRB 20191205G,CHIME,208.3225248700656,70.84354931652652,,0.4595806849024195,
FRB 20191206D,CHIME,64.79324790775456,74.81772485029359,,0.6043525500957616,
FRB 20191206C,CHIME,78.89234528697523,45.03689864352404,,0.7314362824708134,
FRB 20191206A,CHIME,313.8433083735412,18.45086055495807,,1.65278969685015,
FRB 20191207B,CHIME,207.16121487884544,29.225714543259848,,0.4264123260595546,
FRB 20191207A,CHIME,237.9180854103538,24.02448390156653,,2.491941893357714,
FRB 20191208A,CHIME,150.76765397585885,27.04707212632381,,0.6055313815785611,
FRB 20191209B,CHIME,47.77951526861114,61.35179008847686,,0.7457001424489771,
FRB 20191209A,CHIME,202.32727755600803,51.60185954036994,,0.5191830927354388,
FRB 20191210B,CHIME,40.11748648034106,17.363136108586435,,1.1729217650534425,
FRB 20191211A,CHIME,344.5863193934618,77.59783543324201,,0.6755974173071965,
FRB 20191212E,CHIME,68.0959170806254,31.15506798042423,,0.5187990083417795,
FRB 20191212F,CHIME,66.44251176820532,52.35291216587473,,1.9730481990075883,
FRB 20191212D,CHIME,105.40783417354594,49.72396814434122,,0.801108321696197,
FRB 20191212C,CHIME,107.40342450346084,51.29260643236,,1.4183334369707188,
FRB 20191213C,CHIME,327.3416169535068,65.73578609195508,,1.5401845079603378,
FRB 20191213D,CHIME,93.95682036760758,27.476419172965365,,0.4422643556832226,
FRB 20191214B,CHIME,353.82233691002284,42.23095624427508,,4.930271605482012,
FRB 20191214A,CHIME,179.89569879607075,53.69791820336897,,0.3954158573684877,
FRB 20191215C,CHIME,53.50842899854219,28.653284221053287,,0.5123293571336341,
FRB 20191215A,CHIME,208.2523049852661,48.255017654452764,,0.328144371433724,
FRB 20191215B,CHIME,315.7942236944306,25.70703262599449,,0.8904303893016151,
FRB 20191216A,CHIME,266.0207509073467,86.70655289842266,,2.128400811940233,
FRB 20191217E,CHIME,8.831155652479136,79.24978503035794,,0.5985985475405652,
FRB 20191217D,CHIME,76.18169054559758,44.24870100558603,,0.4118581736094507,
FRB 20191217A,CHIME,276.6763956627184,81.40092002362962,,0.7837564435907792,
FRB 20191218A,CHIME,29.79553032542728,65.72984199641911,,0.3813656514003773,
FRB 20191218E,CHIME,278.98102795636225,59.429376668660645,,0.4713394069492759,
FRB 20191219H,CHIME,343.97148384687245,18.26731422798799,,0.7607620438259575,
FRB 20191219A,CHIME,29.33612636768857,65.72984341797294,,0.4237089414362112,
FRB 20191219B,CHIME,29.277266670151647,65.72842337532079,,1.050071158875575,
FRB 20191219F,CHIME,226.4783517858008,85.43946397562188,,20.633763455943548,
FRB 20191220E,CHIME,35.809881069208174,46.12355733643827,,1.131656725938368,
FRB 20191220C,CHIME,133.79440253541551,42.00069227927595,,2.875853176063432,
FRB 20191220B,CHIME,149.36281809211857,80.35251827100933,,0.5269309616075288,
FRB 20191223A,CHIME,333.21023601642014,17.37380609961387,,0.3841460855158447,
FRB 20191223E,CHIME,169.70240075428188,85.50662877079418,,1.0544758326842163,
FRB 20191223C,CHIME,317.997405986141,22.71186071883061,,4.070667225157405,
FRB 20191224B,CHIME,185.32626595786624,72.10472186597673,,0.3249295229021315,
FRB 20191224A,CHIME,76.51000726350696,80.1234248397898,,1.987406643438118,
FRB 20191225B,CHIME,113.1280159145724,27.09057765028521,,0.7252730727759081,
FRB 20191225A,CHIME,215.0935879314454,85.43712867327011,,7.027231883140424,
FRB 20191226D,CHIME,102.9803574990876,18.401927355178007,,1.2288656350260845,
FRB 20191226C,CHIME,162.84056023002483,61.529953036640734,,1.325852825333075,
FRB 20191226B,CHIME,172.5052508564936,50.59003638800867,,0.5972781062641102,
FRB 20191226A,CHIME,245.4941849437276,11.858443101621331,,1.1347253470182344,
FRB 20191227D,CHIME,339.7304855310527,59.338813288095,,0.5065626910576162,
FRB 20191227C,CHIME,358.4373319086316,22.246303322297177,,0.6106981491858468,
FRB 20191227B,CHIME,27.711341821326,53.49298354737744,,0.3417204660439614,
FRB 20191227E,CHIME,215.9792044648866,51.34907480653969,,0.5351973854039671,
FRB 20191227A,CHIME,107.42726743116523,83.70471392881657,,0.5450229915170451,
FRB 20191228D,CHIME,37.89040866168075,22.54442294867769,,2.461081524096242,
FRB 20191228C,CHIME,191.9060702419563,21.15995378999552,,0.6264759270070412,
FRB 20191228B,CHIME,218.5584365442182,75.06438867725454,,0.397908479873544,
FRB 20191229B,CHIME,349.36352252105985,69.37518408000848,,0.5189016653664156,
FRB 20191229A,CHIME,133.13923379744392,8.377986451675003,,0.6182122669602363,
FRB 20191230D,CHIME,12.723215495727672,59.73779103846665,,1.0593503171350591,
FRB 20191230C,CHIME,69.69572521231488,6.695850169025663,,1.4068062377078028,
FRB 20191230B,CHIME,219.0274889989318,15.241712316192366,,3.559055624631564,
FRB 20191230A,CHIME,291.35337620753427,1.1772602332216184,,6.493650863297357,
FRB 20191231B,CHIME,47.33847068178814,62.70606912965198,,1.3104913488679462,
FRB 20191231A,CHIME,210.05104067194628,48.25181107019695,,0.3692635476365051,
FRB 20200102A,CHIME,273.412480800959,55.52761976516076,,0.4884765432889691,
FRB 20200105A,CHIME,53.12197759575498,80.74746564093776,,3.2121838514175485,
FRB 20200106C,CHIME,78.80323573809298,74.95523221181884,,1.243858796497188,
FRB 20200106B,CHIME,97.25878223821262,73.70587738821857,,0.7348319409589957,
FRB 20200106E,CHIME,142.1389900038613,34.106097633162,,0.8625710582271208,
FRB 20200106A,CHIME,192.41664731559268,5.247629335678021,,3.697802959936963,
FRB 20200107A,CHIME,243.63706347082663,84.93879867059992,,2.2409114561266112,
FRB 20200109F,CHIME,149.69449706014927,-1.6602805699178484,,1.0237728753630029,
FRB 20200109E,CHIME,164.60091698212148,31.698989000152807,,0.4510215956300441,
FRB 20200109B,CHIME,222.74802800581537,89.2654117622499,,0.8956879764069746,
FRB 20200110A,CHIME,264.1912269776883,33.22348698926072,,0.6632004695346919,
FRB 20200111D,CHIME,102.686547695226,45.0707925784607,,0.950211393875238,
FRB 20200111A,CHIME,336.283476415421,34.318605375495125,,0.4844126363005982,
FRB 20200112E,CHIME,67.27394877855927,47.72432469783297,,0.8160303927342167,
FRB 20200112D,CHIME,138.03035539705377,70.40551139411394,,0.6043530670560177,
FRB 20200112C,CHIME,193.80413942077345,30.061900592984813,,0.5090915881495174,
FRB 20200112B,CHIME,309.00459778119694,77.95824111167053,,1.715248651385752,
FRB 20200113C,CHIME,174.8599296026303,50.59161267326208,,0.6336909932999255,
FRB 20200113B,CHIME,217.9422557268205,17.238760644476038,,1.2192689259662612,
FRB 20200113A,CHIME,307.34686726047505,75.76905691060173,,0.533727625399558,
FRB 20200114C,CHIME,34.28721156892707,72.74523622354121,,1.1103612171224664,
FRB 20200114B,CHIME,144.3634688797996,39.99017545446847,,0.3517892822630304,
FRB 20200114A,CHIME,313.7378241139248,22.28328618933933,,4.412580797446946,
FRB 20200115D,CHIME,87.96392020809748,30.95208846918782,,0.4974986243390511,
FRB 20200115C,CHIME,289.2429393884426,80.1809542104791,,0.9262415884062384,
FRB 20200115B,CHIME,279.41213217034306,78.44473859774541,,0.9488690812046348,
FRB 20200116D,CHIME,75.49607991203526,4.565420300027864,,0.6252321009526646,
FRB 20200116B,CHIME,269.5299034146834,85.3981082896889,,4.74384403394366,
FRB 20200116A,CHIME,226.52262715149607,73.75179848839315,,0.3431001264056394,
FRB 20200116E,CHIME,265.6736391658897,14.70188763803243,,3.3350402305874063,
FRB 20200117C,CHIME,135.4355484161701,47.84519648572841,,0.5578109882921596,
FRB 20200117B,CHIME,243.0759711539315,63.61420002084824,,1.4533534618553556,
FRB 20200117A,CHIME,127.69179679256648,79.85280787288266,,0.5632093944625188,
FRB 20200118F,CHIME,357.44826296095005,84.72323685843581,,0.4291444694509446,
FRB 20200118E,CHIME,47.788773920094016,61.74380306089648,,0.3869482583831984,
FRB 20200118C,CHIME,129.47899638840272,65.30990727319117,,0.4522688750863105,
FRB 20200118B,CHIME,273.2863068331929,61.81603011289991,,0.6945507930532386,
FRB 20200118A,CHIME,159.10062826021115,88.17216608685355,,0.8911889217070652,
FRB 20200119D,CHIME,68.12558749943764,10.786817265572866,,0.6902708574201567,
FRB 20200119C,CHIME,90.34582788350916,68.26545764213185,,0.4028119120476272,
FRB 20200120I,CHIME,6.454432095107805,39.06879501387533,,0.5758957753797349,
FRB 20200120A,CHIME,26.187990061750376,65.72836452186284,,1.1042965584938187,
FRB 20200120E,CHIME,146.68234788056492,68.76294829976155,,0.8580576844503248,
FRB 20200120G,CHIME,231.8499058517507,28.375565335768435,,0.8078199916106352,
FRB 20200120F,CHIME,246.90594667062985,27.09478874238184,,0.4307428956983583,
FRB 20200121A,CHIME,255.98527277819156,68.28066790223923,,0.5069148707808127,
FRB 20200122L,CHIME,134.7758009507656,54.43307633911091,,0.4661650161900597,
FRB 20200122K,CHIME,144.382058095344,49.801944406357485,,0.5048966604397339,
FRB 20200122A,CHIME,157.69448195130838,73.79364977557726,,0.5638737061126696,
FRB 20200122B,CHIME,158.40748794020828,73.79699074955897,,0.7555477777510201,
FRB 20200122E,CHIME,152.90101624065903,73.74166243394389,,0.4181370023048634,
FRB 20200122F,CHIME,158.9576850580384,73.74301927264099,,0.5556557300189248,
FRB 20200122G,CHIME,159.2058731578571,73.7433130415165,,0.6704059849171496,
FRB 20200123A,CHIME,267.3215240682319,34.41862641381762,,0.6871399481998796,
FRB 20200124D,CHIME,149.7798432647018,-0.429435196294769,,1.0929907514841846,
FRB 20200124A,CHIME,283.361482394228,46.95831567384219,,0.6414555453480736,
FRB 20200124B,CHIME,294.9933523297774,59.39621132614937,,0.3657030454395926,
FRB 20200125E,CHIME,34.10733855246913,13.639661248535957,,0.7556822640750772,
FRB 20200125D,CHIME,133.37479798446202,19.35016297136052,,0.4263341480622585,
FRB 20200125C,CHIME,176.4086307519688,50.205421334442605,,0.3445257540148735,
FRB 20200125B,CHIME,251.7135353888872,53.23649674918143,,3.4836798470440518,
FRB 20200126D,CHIME,121.94787777334614,14.744430887467322,,0.556015814546812,
FRB 20200126C,CHIME,130.08324733296186,26.089645667735734,,0.5020765382179491,
FRB 20200126B,CHIME,208.52029195121207,61.906510063731695,,0.5785073435152838,
FRB 20200126A,CHIME,3.4587755039419408,46.4870244736542,,0.3789498181041163,
FRB 20200127C,CHIME,132.50222440748234,9.89816374695396,,0.852745574248187,
FRB 20200127B,CHIME,119.45610740450188,86.53045359486232,,3.7126828650490222,
FRB 20200127A,CHIME,2.384451801846132,44.16374918571496,,0.755304863584676,
FRB 20200128B,CHIME,60.762232062343465,40.57697111352206,,3.911363857227016,
FRB 20200128C,CHIME,156.94255268854107,34.122392248109534,,0.5113593797639359,
FRB 20200128A,CHIME,357.0927760963399,27.359646020133106,,1.810452293840929,
FRB 20200129B,CHIME,182.1724311204289,38.90318937044755,,0.5081865105428465,
FRB 20200129A,CHIME,335.0814479918007,75.74161845859217,,1.150945819031864,
FRB 20200130B,CHIME,81.28049273965345,66.21705615584102,,0.6937162137459637,
FRB 20200130A,CHIME,247.9452942635527,80.61431521917609,,13.472256211588563,
FRB 20200131A,CHIME,60.17912386793127,24.45505516607522,,1.5354557224481995,
FRB 20200131B,CHIME,255.4000575152908,74.98843116813171,,0.5108822265885877,
FRB 20200201A,CHIME,280.1994825857711,62.991182057092985,,0.702328022876395,
FRB 20200202B,CHIME,298.3428654508283,77.9873639733645,,12.957826053529324,
FRB 20200203A,CHIME,29.489293202566227,65.7292040045226,,0.3686430122531871,
FRB 20200203D,CHIME,163.63085979854748,41.25206738124338,,0.6044447246734644,
FRB 20200203C,CHIME,218.94612259980445,49.01253494347352,,0.4652467971643432,
FRB 20200203E,CHIME,307.4460388577588,79.70981240645784,,0.8132534597064738,
FRB 20200203B,CHIME,318.1408201621499,48.78709576467448,,1.6103542160468527,
FRB 20200203H,CHIME,13.237544201191266,70.89362491026203,,0.5925851322023742,
FRB 20200204A,CHIME,21.631664651216905,72.31526975023425,,0.5625821390258279,
FRB 20200204B,CHIME,28.99191752090905,65.72849636285315,,0.4824434402694124,
FRB 20200204C,CHIME,29.310892335067773,65.73165597573728,,5.787391756493182,
FRB 20200204D,CHIME,29.481370787154585,65.72937593350031,,0.540317264604377,
FRB 20200204E,CHIME,31.979737232034623,65.72787850087151,,0.6401578236506357,
FRB 20200204I,CHIME,104.1671291540487,47.01497865825664,,1.1279180645706488,
FRB 20200204K,CHIME,262.9961846958889,82.10437273020875,,0.5043586787145862,
FRB 20200204G,CHIME,288.46702205726024,73.67238384442098,,1.1304767170269068,
FRB 20200204F,CHIME,357.1084477635676,-9.281757489211532,,5.937555321479794,
FRB 20200205D,CHIME,180.02486927937736,44.38814095978445,,1.881744961505608,
FRB 20200205B,CHIME,254.2629926465397,22.388438293289603,,0.4231439145842546,
FRB 20200205A,CHIME,321.0998446797484,19.63941300702484,,0.3355716793658172,
FRB 20200206B,CHIME,195.53621918948323,65.93386888913406,,0.4482074096444906,
FRB 20200206A,CHIME,343.5692809213217,82.94391482934086,,3.777624304235503,
FRB 20200207A,CHIME,18.82738291515155,85.74706651745598,,7.454684651839334,
FRB 20200208A,CHIME,149.46825477258656,16.497274218536944,,0.7138241867373035,
FRB 20200210B,CHIME,52.78084693711642,57.81348512829582,,0.6459391930991142,
FRB 20200212A,CHIME,354.7157165197432,84.29765734112331,,6.069621450871107,
FRB 20200213E,CHIME,87.00668035510293,88.10788714963961,,1.2142481271460746,
FRB 20200213D,CHIME,294.12972078537405,43.05588648403753,,1.3194170285522704,
FRB 20200214B,CHIME,11.836913052530097,46.881463543763374,,0.5746765543356013,
FRB 20200214A,CHIME,11.973201354474408,46.8749238305619,,0.352196692766816,
FRB 20200216B,CHIME,16.14684862926904,17.357940876616738,,0.7434890656662817,
FRB 20200217A,CHIME,42.23648282685264,9.740608907413236,,1.3597688580757372,
FRB 20200218D,CHIME,206.7005285810076,22.458224283475403,,0.532570587243805,
FRB 20200218C,CHIME,223.91966992425037,51.33673431649271,,1.155916079839092,
FRB 20200218A,CHIME,319.03375005581654,24.437146023867264,,0.3618273247054173,
FRB 20200219C,CHIME,198.7018554175813,38.899575803479536,,0.9331462078817422,
FRB 20200219B,CHIME,118.17393862184814,86.52963936676076,,3.424668761819327,
FRB 20200220G,CHIME,293.6644745253409,87.19948531997603,,0.7067738525167686,
FRB 20200220F,CHIME,341.53008009535057,13.631969506673556,,0.4802459940778371,
FRB 20200220E,CHIME,348.1917991591773,89.19980413849922,,1.1112680729155204,
FRB 20200221A,CHIME,33.43496928928824,65.6041844624442,,0.5764045630410854,
FRB 20200222E,CHIME,35.00399888322676,-1.845471875829487,,1.456281844682719,
FRB 20200222D,CHIME,127.5568015805776,14.56636255624328,,8.720540461717505,
FRB 20200222C,CHIME,179.32560520142306,4.698948287340562,,0.6716992611376564,
FRB 20200222B,CHIME,237.333370063512,39.733578410378925,,1.1084097292559272,
FRB 20200222A,CHIME,287.4937776342919,67.27946120515352,,0.4467341657048569,
FRB 20200223E,CHIME,22.24491928819149,84.68964176127186,,6.173952889247117,
FRB 20200223D,CHIME,250.0444621681636,63.40856510988629,,6.985375056391162,
FRB 20200223C,CHIME,270.67806600802965,69.91615593470208,,0.3758313468758303,
FRB 20200223B,CHIME,7.0712314905548,29.013240986494644,,0.4081869557409495,
FRB 20200223A,CHIME,12.804549688895408,47.65639075860794,,0.6579521725198922,
FRB 20200224A,CHIME,58.654001707944616,73.62898968257508,,0.3397876141365571,
FRB 20200225A,CHIME,228.26211398299213,71.24141633479988,,1.5427801826136425,
FRB 20200227C,CHIME,269.35121766139457,43.88369765604854,,0.5814452524985642,
FRB 20200227A,CHIME,326.6682932614109,16.912815610390382,,1.2062028474613395,
FRB 20200229D,CHIME,148.41798578356253,66.3327252217928,,0.3695845859723656,
FRB 20200229C,CHIME,179.4405624844295,67.17225658019436,,0.4156580599708884,
FRB 20200229B,CHIME,354.94485665083454,-1.24016840850098,,1.2089423301833446,
FRB 20200229A,CHIME,27.70598402400202,66.12268501632316,,0.3754105427001675,
FRB 20200301A,CHIME,133.29934650857132,74.18960676058998,,0.6046747240598931,
FRB 20200302A,CHIME,65.1824164790239,73.62831242770153,,0.4085866154214285,
FRB 20200302E,CHIME,309.6541904779193,83.64975439103016,,0.7487545471624452,
FRB 20200302F,CHIME,149.29345461318323,33.70625508283388,,0.3975037938735238,
FRB 20200302G,CHIME,148.4649501867485,83.99461471112843,,0.4528285161119648,
FRB 20200302C,CHIME,231.375212995944,69.57470819682831,,1.183184142319741,
FRB 20200302B,CHIME,279.5881189654497,60.22221611957049,,0.6406650781269267,
FRB 20200302H,CHIME,33.93725462621227,23.56439302616237,,0.584229956652325,
FRB 20200304B,CHIME,114.21110040370712,7.308196357283067,,0.7692075334244073,
FRB 20200304A,CHIME,333.47729492508404,88.65725622984115,,0.7883989601762575,
FRB 20200305B,CHIME,47.744007043427146,-9.11946765529937,,13.491792978953928,
FRB 20200305A,CHIME,137.53000448541786,40.05584098042446,,0.439597202270884,
FRB 20200306A,CHIME,113.5724740190847,61.81626560081653,,1.0852324243113785,
FRB 20200306B,CHIME,240.2326093646114,52.08543294119876,,0.6409459572028644,
FRB 20200306C,CHIME,250.3368146004892,-1.111831549839588,,3.867465048194465,
FRB 20200307C,CHIME,134.03827128231063,50.9479432722443,,3.143635849994631,
FRB 20200308D,CHIME,159.18254106486904,4.1556083020184005,,1.109593901511012,
FRB 20200308C,CHIME,168.78958910300705,-9.053125444062648,,3.034592728707107,
FRB 20200308B,CHIME,271.94363508165856,22.346099888179907,,0.8291589950438605,
FRB 20200308A,CHIME,353.0383726048343,26.52374999307291,,1.0756497059277543,
FRB 20200309B,CHIME,113.78681364077902,38.86340084428996,,0.5897763157357253,
FRB 20200310A,CHIME,141.38145442737692,29.633754335588808,,0.7846426585205,
FRB 20200311D,CHIME,102.95962110254688,50.50097759937147,,0.5836534950793473,
FRB 20200311E,CHIME,197.8851291968445,65.77414396488507,,0.7179721579377717,
FRB 20200311B,CHIME,238.9757326239572,37.24348264934461,,1.0161060525681782,
FRB 20200311A,CHIME,31.015569867761727,52.58250298693761,,1.1953253128875871,
FRB 20200312A,CHIME,9.597279468722585,46.87925311036911,,0.3464198095525037,
FRB 20200313C,CHIME,11.707092776723393,46.8809064430552,,0.4740366798670498,
FRB 20200313A,CHIME,32.65684066992475,26.959752815217172,,0.9045971734523216,
FRB 20200314F,CHIME,204.30395743405344,21.15527662488398,,1.1091612918090596,
FRB 20200314E,CHIME,218.3630051536188,40.38745949353202,,1.3197935364820064,
FRB 20200314D,CHIME,242.82033672486452,43.54606333078964,,0.7963053283149164,
FRB 20200314A,CHIME,283.60292705301833,46.967072984553255,,1.2532954744350833,
FRB 20200314B,CHIME,41.14546993543023,26.129080193342016,,0.9391519513722124,
FRB 20200315D,CHIME,165.26717653058026,50.59017119262455,,1.6519064771143792,
FRB 20200315A,CHIME,6.881232292739972,45.88473330920827,,3.3080998472375462,
FRB 20200316C,CHIME,158.3692561312646,79.81409285605804,,0.766316739385493,
FRB 20200316B,CHIME,246.7137044055345,57.925648808183794,,0.4842311165891012,
FRB 20200316A,CHIME,34.36903263155301,37.11969002457256,,0.4197238496110416,
FRB 20200317G,CHIME,131.94228842480538,3.607205189726321,,0.5278144539327861,
FRB 20200317F,CHIME,160.13352292984771,14.78844981824544,,2.05239363113517,
FRB 20200317H,CHIME,166.22576585090627,60.73808288875007,,0.3531086722354466,
FRB 20200317E,CHIME,193.71159992504735,65.13438976066578,,0.4393638262127394,
FRB 20200317C,CHIME,200.38980672518773,50.44433434866243,,1.3684733825438171,
FRB 20200317B,CHIME,228.05685437124947,30.98279080735466,,20.482778455897677,
FRB 20200317A,CHIME,242.7085538124217,60.236558230200885,,0.6757591690827609,
FRB 20200318B,CHIME,141.21541786227633,21.112125922683823,,5.081209091953148,
FRB 20200318A,CHIME,321.9308368177793,13.64572733547932,,0.9477430330937552,
FRB 20200319B,CHIME,124.00594298760537,32.46713377005047,,1.160402346969973,
FRB 20200319A,CHIME,137.2177690217313,8.894129206605967,,1.2455067860855542,
FRB 20200320E,CHIME,236.2527158468579,88.33743854134963,,1.4009840597125198,
FRB 20200320D,CHIME,228.65166747181144,72.49440293620455,,0.5472767727262986,
FRB 20200320C,CHIME,340.93399859424767,49.6021343086078,,0.5404526893261462,
FRB 20200320B,CHIME,173.41202842255447,77.12908860804315,,2.109692684393953,
FRB 20200320A,CHIME,42.2756990959796,16.006712056940216,,18.96220935027653,
FRB 20200321G,CHIME,108.28243615213694,-2.9817665033300336,,1.7673510444875726,
FRB 20200321E,CHIME,124.3362036184998,63.07903984162586,,0.5224258701738089,
FRB 20200321D,CHIME,153.6846929284083,16.186557154528977,,1.005109345463126,
FRB 20200321C,CHIME,200.3453893897604,61.52597827128376,,0.8701148571972552,
FRB 20200321B,CHIME,310.7374626726206,72.34497614667586,,0.3937492284599806,
FRB 20200322C,CHIME,141.15626285784072,36.10762172460598,,0.6593972665941615,
FRB 20200323G,CHIME,62.84256170456001,38.09986363230424,,0.6892713448949369,
FRB 20200323F,CHIME,85.15032992651507,3.511548193816008,,1.2503395543477018,
FRB 20200324H,CHIME,163.03595654867587,15.101064555010318,,0.7803587632918638,
FRB 20200324G,CHIME,238.06989310988297,66.69853009838894,,0.9045577094387608,
FRB 20200324F,CHIME,273.17955728435186,62.00808240377498,,0.5610880347365157,
FRB 20200324E,CHIME,331.16136176680675,48.44670819768708,,0.551390955771911,
FRB 20200324A,CHIME,24.778683036655384,65.71341199638366,,0.5013266368795357,
FRB 20200325A,CHIME,110.99779828349492,70.36667333328583,,0.526177281293731,
FRB 20200327G,CHIME,96.4069284234914,61.041494149003015,,0.5758663638651784,
FRB 20200327F,CHIME,176.10099962652856,30.06799982391942,,0.6982483706638857,
FRB 20200327E,CHIME,244.375631870382,47.42726305514879,,2.8353985864867126,
FRB 20200327D,CHIME,255.4378306955796,27.4984481813335,,5.0573510483571225,
FRB 20200327C,CHIME,288.90925674502785,47.08937149568309,,0.3710668489128456,
FRB 20200327B,CHIME,357.13679629310616,28.07792128764566,,7.067040416213359,
FRB 20200327A,CHIME,359.963224586442,17.35770277898176,,0.8865642574225766,
FRB 20200328C,CHIME,137.08040448298385,38.05110713963482,,6.7074160641080764,
FRB 20200328A,CHIME,27.403887905326314,65.71687034674216,,3.1900867248341336,
FRB 20200329A,CHIME,257.1278030160847,65.73445244858974,,2.026479484167937,
FRB 20200330B,CHIME,149.65020952793358,81.22942123102206,,0.9810831925138108,
FRB 20200401B,CHIME,92.49533595614456,30.111013964109,,8.011889463576003,
FRB 20200401A,CHIME,160.62592700336464,77.39675195711125,,0.6517126955999497,
FRB 20200402A,CHIME,122.16427142346885,89.05207563231181,,7.788560839568848,
FRB 20200405B,CHIME,6.748631319972052,0.5349564679023903,,2.3461866842351307,
FRB 20200412D,CHIME,232.05930879182145,36.4886406572732,,1.1055472109468452,
FRB 20200412C,CHIME,233.3306430171978,65.0428855782124,,1.2627594810839258,
FRB 20200412B,CHIME,238.2943376370457,69.40997585117297,,2.8604600887997664,
FRB 20200412A,CHIME,70.83096986275558,17.430068371839,,0.4582593729570836,
FRB 20200415B,CHIME,22.769631388490005,77.9149104766968,,1.7163217754982485,
FRB 20200416D,CHIME,115.91706261677804,31.63365852922522,,0.7706133070684341,
FRB 20200416C,CHIME,299.39279289747543,71.28016951894654,,1.5073490372111236,
FRB 20200416B,CHIME,358.8207434336431,73.14738484081201,,4.062711987414821,
FRB 20200416A,CHIME,38.5845435786368,61.67520099653042,,0.9828146823991324,
FRB 20200417C,CHIME,315.34533878733976,85.31372692941832,,1.0571809489241633,
FRB 20200417B,CHIME,139.2279250624974,72.28151916817379,,1.1116063957766182,
FRB 20200418B,CHIME,176.90833015848366,29.245439102876237,,1.2279885873139298,
FRB 20200418A,CHIME,272.0087218410669,19.72170821377155,,0.8673725974083214,
FRB 20200419C,CHIME,160.36507828301916,6.835714917414396,,1.3065106346999609,
FRB 20200420C,CHIME,88.48016858288759,66.07726728992012,,0.5586977773254553,
FRB 20200420B,CHIME,120.44225582828156,-6.945991090129065,,1.7356439372663424,
FRB 20200420A,CHIME,7.38090192169905,37.48946942103908,,0.4742881081908309,
FRB 20200421C,CHIME,210.9809270812924,46.466946046505456,,1.1030745305895249,
FRB 20200421B,CHIME,319.98985581047856,33.126333268059525,,0.345617948220355,
FRB 20200421A,CHIME,194.84073925518933,77.15412712301867,,1.9151887808358623,
FRB 20200422D,CHIME,161.0114381448287,41.6511522868447,,0.3529659023108512,
FRB 20200422C,CHIME,236.1316287946796,43.18148755434567,,0.3795892012330145,
FRB 20200422A,CHIME,283.4479667587775,46.96218551200784,,0.522924131770894,
FRB 20200423D,CHIME,264.2327891745122,15.16646603663742,,1.8661810953366889,
FRB 20200423C,CHIME,3.775037913872015,53.08630352656025,,0.430470906288882,
FRB 20200423B,CHIME,26.047919345717567,65.72294522255059,,1.3413898627651275,
FRB 20200424A,CHIME,32.63570246545611,65.72787859625439,,0.9193261973128694,
FRB 20200427C,CHIME,119.52089771190673,9.37629537881384,,1.1704178814663897,
FRB 20200427B,CHIME,254.46753948005068,37.38273709597054,,0.3555288691768261,
FRB 20200427A,CHIME,82.53994294727221,72.34415658456919,,4.661316961027079,
FRB 20200428E,CHIME,157.1256158624812,70.4391892965808,,0.4803813275782727,
FRB 20200428C,CHIME,330.4163739541277,23.13020891883299,,0.3483598306257082,
FRB 20200428B,CHIME,352.9202517701448,49.204986615314525,,0.3843578841520785,
FRB 20200428A,CHIME,3.400713010107692,37.1009436301742,,0.3571995036342748,
FRB 20200429D,CHIME,211.92223540683565,24.60367631084155,,1.4813351998832518,
FRB 20200429C,CHIME,295.20967940282617,70.2840043846746,,0.772900086939361,
FRB 20200429B,CHIME,140.0637682172558,84.38812824959524,,2.673916279354323,
FRB 20200429A,CHIME,92.6629349027763,78.02353792066148,,0.5138924789866629,
FRB 20200430B,CHIME,73.07071002837243,64.99045003112441,,1.706962933175941,
FRB 20200501C,CHIME,246.1770561812017,53.63309689822654,,0.3790860799934187,
FRB 20200501B,CHIME,265.42950791885073,61.033782827791526,,0.5175386365212827,
FRB 20200501A,CHIME,42.73415644347783,21.83036968751497,,0.4257700371785776,
FRB 20200502A,CHIME,274.705251205145,81.51760286782924,,1.607292794263092,
FRB 20200503B,CHIME,128.21437141006297,80.57935775735791,,0.7965984597938116,
FRB 20200503A,CHIME,156.3241353782416,17.111875890461175,,0.5486053374735168,
FRB 20200505B,CHIME,149.02311100300096,38.38347334214219,,0.7253680208293548,
FRB 20200505A,CHIME,89.72669208495026,76.70482258473231,,0.8178949800426026,
FRB 20200506C,CHIME,224.1945037841784,33.69557653207486,,0.3787091954834367,
FRB 20200506B,CHIME,336.033561271636,53.8723028351889,,0.5711187629922798,
FRB 20200506A,CHIME,48.0467582734984,45.74830091576091,,0.513907701015202,
FRB 20200507A,CHIME,326.2356985119262,15.959615599054915,,4.017706228820256,
FRB 20200508E,CHIME,304.0019822770836,75.77526915766538,,0.6068440740641005,
FRB 20200508D,CHIME,343.95934976548,51.14863745948215,,0.8321440087986306,
FRB 20200508C,CHIME,18.919124654291217,88.14858595285759,,0.9024044395879977,
FRB 20200509C,CHIME,153.33373943711467,6.838043358370317,,0.8949270274900625,
FRB 20200509B,CHIME,186.6425333487105,5.551351748794272,,1.1777893994287358,
FRB 20200509A,CHIME,67.35735380035393,71.54477386873644,,0.5467002611721892,
FRB 20200510A,CHIME,143.94039405631378,36.51405817209687,,4.090097950988512,
FRB 20200511C,CHIME,20.187794315476864,51.15164678665184,,0.3663861686871282,
FRB 20200511B,CHIME,22.23927979967721,74.87714157864575,,0.3317077361935941,
FRB 20200511A,CHIME,76.07270892196422,21.464929070458417,,0.6023113344030381,
FRB 20200512E,CHIME,206.08656856516245,62.71734191561295,,0.5982495415418683,
FRB 20200512D,CHIME,268.22586900342804,12.775399288202395,,0.4463507984547907,
FRB 20200512C,CHIME,299.3101164359605,53.526635088933645,,0.6338942045589573,
FRB 20200512B,CHIME,305.7589266849169,49.63588097643482,,1.3126327646740374,
FRB 20200512A,CHIME,29.54490041697016,65.72689977959871,,1.3472321960220186,
FRB 20200513B,CHIME,283.69449130661803,46.96277584373672,,1.029541886429768,
FRB 20200513A,CHIME,29.675820960013247,65.72891433957312,,0.4049548170533616,
FRB 20200514E,CHIME,286.445945509474,80.92772367028775,,0.8769294214364465,
FRB 20200515A,CHIME,40.54633691834155,13.64396593713089,,1.6007861405298922,
FRB 20200516H,CHIME,133.0719873633438,83.50880288024372,,0.574713201837607,
FRB 20200516G,CHIME,193.99584039032155,36.11660530076716,,1.132655108901214,
FRB 20200516E,CHIME,261.23183753403475,38.022354678661486,,1.391063701803119,
FRB 20200516D,CHIME,273.64327654181375,11.811674232652392,,0.7362888222660698,
FRB 20200516C,CHIME,21.405111566384303,75.30394814445026,,0.5916838433825407,
FRB 20200516B,CHIME,34.77768604474278,77.2612607631624,,1.4499790843642182,
FRB 20200518B,CHIME,208.6117083269272,3.6351675769595806,,0.8661248117709275,
FRB 20200519C,CHIME,194.50118391648752,6.317713237941521,,0.7942531910227786,
FRB 20200519B,CHIME,226.8370901858641,88.03032600709336,,4.382534974769016,
FRB 20200519A,CHIME,271.8784224162917,48.534387315178094,,5.083599071325547,
FRB 20200520B,CHIME,180.8596344311404,85.47912945109141,,1.298886523907436,
FRB 20200520A,CHIME,351.78093321904,34.05980445156135,,0.6677301173292309,
FRB 20200521C,CHIME,203.4465891899481,3.0514607506321423,,2.081475136890219,
FRB 20200521D,CHIME,236.88516680219345,67.9243550959171,,0.8729448710411973,
FRB 20200521B,CHIME,238.5952862949335,10.890436733810787,,1.7617444749091409,
FRB 20200521A,CHIME,256.64912929610495,31.20503030339696,,1.0887753678045493,
FRB 20200522B,CHIME,262.0787326355184,83.91598336872204,,0.7580720022773866,
FRB 20200522A,CHIME,324.762809127757,13.850851027824325,,5.07529724761903,
FRB 20200523E,CHIME,164.1114033518865,15.740499548513712,,0.724266854710293,
FRB 20200523D,CHIME,224.56236244609735,26.70883282685407,,0.654157679203935,
FRB 20200523C,CHIME,288.05695715281587,73.22720773614178,,0.6191369056628951,
FRB 20200523B,CHIME,107.85585971252816,6.386954073106242,,2.495357172490289,
FRB 20200524A,CHIME,33.104441137172444,4.496831149858059,,1.4262110751798904,
FRB 20200525C,CHIME,176.93500272787068,61.7619541287758,,0.8711585425367949,
FRB 20200525B,CHIME,238.340085050164,31.233113984115,,0.7528389996957356,
FRB 20200525A,CHIME,246.39425979818355,61.1830153675578,,2.191281195991479,
FRB 20200530A,CHIME,215.23841920810975,61.9122020979911,,0.3788056270321702,
FRB 20200530B,CHIME,275.477004480288,46.97890685572031,,0.3578145782842883,
FRB 20200530C,CHIME,31.43349428355701,9.723965064272848,,0.7176205901879807,
FRB 20200603B,CHIME,148.39760786339946,71.66650323805409,,1.961261073930336,
FRB 20200603A,CHIME,17.939137851713046,38.0637652036094,,0.533017723818184,
FRB 20200606B,CHIME,204.37850102844317,76.83018627988898,,0.4237853327515974,
FRB 20200606A,CHIME,130.8357795364995,45.00000055487935,,1.5358871205962936,
FRB 20200607D,CHIME,259.2194038915367,27.904031953252293,,0.7842790413215966,
FRB 20200607B,CHIME,46.65462793061192,22.713933263403568,,0.412599477268924,
FRB 20200608A,CHIME,193.60907646035173,24.63203858676814,,0.7380444233878117,
FRB 20200609D,CHIME,161.75124226958349,71.27629356757205,,1.0401656267035846,
FRB 20200609C,CHIME,313.6665587326577,76.63185183325021,,0.388640266570158,
FRB 20200609B,CHIME,314.37120137988893,30.69295090973246,,0.3598633952615321,
FRB 20200609A,CHIME,134.07506595116865,26.105860716909127,,10.355296519706728,
FRB 20200610B,CHIME,284.91492380941975,27.16919039027113,,0.5531724806798213,
FRB 20200610A,CHIME,70.6073803271332,46.94702415924243,,0.6429843004680152,
FRB 20200612A,CHIME,280.31036322117893,26.78724961970808,,0.5004229670865374,
FRB 20200613B,CHIME,269.332572403138,52.81320139694401,,0.6923806945050363,
FRB 20200613A,CHIME,29.87299949238374,65.71628342283653,,0.8533664845042205,
FRB 20200614A,CHIME,29.107372146877704,65.72599186273138,,1.6179721748006357,
FRB 20200615D,CHIME,243.16626828734013,82.15093209626431,,0.4835957231730131,
FRB 20200615C,CHIME,245.94571941063745,21.85022384753383,,4.23336140735004,
FRB 20200615B,CHIME,261.68475137916545,28.731410330736125,,1.2483658765826695,
FRB 20200615A,CHIME,4.079597944373633,30.66295840120427,,0.7943149087836009,
FRB 20200616B,CHIME,273.5190801195444,44.60193563918459,,1.8380947758523416,
FRB 20200617B,CHIME,267.475965910065,73.2711200442631,,0.6552803544872174,
FRB 20200617A,CHIME,288.0027247313483,66.6060561629088,,1.6084711119674169,
FRB 20200618A,CHIME,326.9478257294918,39.44782242661422,,0.5682943236963958,
FRB 20200620D,CHIME,175.90242971171045,18.49151607152177,,0.6990229877819545,
FRB 20200620A,CHIME,75.94609484650675,39.944087530102976,,0.3906470794263867,
FRB 20200621D,CHIME,353.1827323863208,89.02712001198105,,1.2369926486555134,
FRB 20200621C,CHIME,187.64017397600475,65.11866621021875,,0.5155976384544532,
FRB 20200621B,CHIME,231.695772679442,58.73319216759463,,1.319938692071679,
FRB 20200621A,CHIME,272.50408926360205,55.52855500119456,,0.5606304009336179,
FRB 20200623A,CHIME,10.840827393935484,3.4236458541320536,,1.666629660084587,
FRB 20200624D,CHIME,171.07971854742874,18.94312635860652,,1.155281969592851,
FRB 20200624C,CHIME,187.88919495010757,45.55297482091257,,0.6834002620164206,
FRB 20200624B,CHIME,265.99353320748173,50.48665320514375,,1.1056834013915655,
FRB 20200624A,CHIME,141.73231289235525,83.79565557386766,,1.1616990353212688,
FRB 20200625A,CHIME,262.84870779992525,31.33467185396568,,0.5579531855387152,
FRB 20200626B,CHIME,54.87977679367491,81.06049283318221,,0.546958422176588,
FRB 20200626A,CHIME,77.88644915577862,34.39918102932823,,0.4101913320950522,
FRB 20200627E,CHIME,177.80086515120087,72.54644955324557,,3.934487299674464,
FRB 20200627D,CHIME,286.8171620039035,71.13365874122994,,0.4763574810473637,
FRB 20200627B,CHIME,135.8395210630053,42.28532935046842,,0.616878602743113,
FRB 20200628D,CHIME,204.97052946711608,8.406272980476622,,1.086287982647411,
FRB 20200628C,CHIME,246.82971864101464,60.279201528906526,,0.3644270231630935,
FRB 20200628B,CHIME,60.49532304052332,75.08621463865393,,0.5239533756857498,
FRB 20200628A,CHIME,341.6142827979944,89.01240019016245,,0.504333000506061,
FRB 20200629E,CHIME,202.05989189541677,75.06205094178789,,0.8158320421421984,
FRB 20200629D,CHIME,248.88290243530253,54.78789064711792,,0.5530881113561174,
FRB 20200629C,CHIME,258.5184359080142,55.15872500120571,,0.4517146890265586,
FRB 20200629B,CHIME,51.29209786840698,38.18799884597863,,0.7357936394368207,
FRB 20200629A,CHIME,123.79454243519568,50.15778856081734,,0.7325194166819488,
FRB 20200701D,CHIME,322.43936139634445,60.93106774515951,,0.4040073480444848,
FRB 20200701C,CHIME,329.24484193311736,25.685545889654808,,0.9841240634366424,
FRB 20200701A,CHIME,106.89812098066652,42.75164849336719,,0.527371538027843,
FRB 20200702D,CHIME,326.3467882687844,32.705121867657326,,1.4547051781154696,
FRB 20200702C,CHIME,8.228638827722289,28.825566943210998,,1.6630936760185226,
FRB 20200702B,CHIME,33.45579039601678,65.73127921695504,,0.5474649121136294,
FRB 20200702A,CHIME,131.08124607043408,-9.080053584220476,,1.1060200876905306,
FRB 20200703A,CHIME,124.68755654155484,66.2987176819894,,0.3917730973012742,
FRB 20200704A,CHIME,203.98951702618643,53.69021380802807,,1.0450244763664671,
FRB 20200705D,CHIME,187.37772348955903,47.87904875965067,,0.9651901105094876,
FRB 20200705C,CHIME,244.4660660370568,27.935686703800872,,0.3785486352159858,
FRB 20200705A,CHIME,312.1270123643052,29.224190639358405,,0.4764250595761849,
FRB 20200706A,CHIME,128.8409932352071,29.61789575333409,,1.4142927476281786,
FRB 20200707A,CHIME,272.15050548470794,22.344109012510835,,1.3042403943944032,
FRB 20200708D,CHIME,316.5845492612207,63.73396558631752,,1.4635770695112826,
FRB 20200708C,CHIME,325.7120487958045,12.20302497743408,,0.6996994816666052,
FRB 20200708B,CHIME,345.6521399520763,45.32654404728753,,0.4661816195910643,
FRB 20200708A,CHIME,42.72830886228797,58.1934869694452,,0.4580641679405397,
FRB 20200709B,CHIME,135.65888420323478,45.137348006142375,,0.5594287338006038,
FRB 20200710C,CHIME,246.6799297317027,43.93632243871954,,0.4004760184412427,
FRB 20200710B,CHIME,247.37280542563437,22.83972750845271,,0.4536634208896534,
FRB 20200710A,CHIME,294.85913150615795,47.72042890339423,,0.7442719642028727,
FRB 20200710D,CHIME,347.5440248298609,26.048437738348056,,5.227921368639432,
FRB 20200711F,CHIME,182.5885225813604,48.42114309372035,,8.638696289742173,
FRB 20200711D,CHIME,353.7624895489,49.29306168504191,,1.4230326727697735,
FRB 20200711C,CHIME,31.25849657864323,76.18120691870566,,0.4287648768345024,
FRB 20200711B,CHIME,71.19632105059884,55.11153491932211,,0.5651160001704676,
FRB 20200711A,CHIME,138.86998478499885,39.46862977220171,,0.7868013493938422,
FRB 20200712A,CHIME,156.07781695469606,52.52781415594234,,0.4094527920061301,
FRB 20200713B,CHIME,246.2168020346708,31.68851320581769,,1.260460683865551,
FRB 20200713C,CHIME,247.35761209110763,83.40508080167606,,2.1321515267725557,
FRB 20200714C,CHIME,181.8887799739394,36.5343290583422,,0.3241874804243507,
FRB 20200714B,CHIME,196.11331062487412,75.08481546751128,,0.3253102161979854,
FRB 20200714A,CHIME,53.31520595795725,8.503551118808595,,2.884626668003845,
FRB 20200715B,CHIME,16.152733131917543,46.49410599543384,,1.3731325054105632,
FRB 20200715A,CHIME,132.4605537565655,47.20975481675961,,7.868247641145947,
FRB 20200716A,CHIME,162.96175190293985,19.96223534429049,,5.5515381386769205,
FRB 20200717D,CHIME,25.25321460251724,65.72468365609859,,0.5944321657709721,
FRB 20200717C,CHIME,25.38707900737871,65.7117437191564,,0.4196705393041322,
FRB 20200717B,CHIME,65.30481199721845,54.09241354100145,,10.401912159082707,
FRB 20200717A,CHIME,76.31317005209243,25.76027391965049,,1.3194044797155748,
FRB 20200718D,CHIME,241.17608579934355,42.37154978803741,,0.3400614217070846,
FRB 20200718B,CHIME,45.62857703365861,85.6774234413835,,0.3790720609282107,
FRB 20200720B,CHIME,289.46980992244653,46.94522831274567,,0.4055799391542774,
FRB 20200720A,CHIME,172.66870579969043,58.61260585480967,,0.3638408973503308,
FRB 20200721D,CHIME,16.45969587122453,74.93695278839394,,0.7843498359007245,
FRB 20200721C,CHIME,198.37883989654625,45.15929326814385,,1.2028116443594528,
FRB 20200721B,CHIME,132.91313848333743,77.12158482256851,,0.794900995541134,
FRB 20200721A,CHIME,357.9106079256649,19.16304459780875,,0.3564074172888655,
FRB 20200722C,CHIME,84.92562892311282,79.78828760156955,,0.8463888909996486,
FRB 20200722B,CHIME,132.34823700162178,24.16845498009145,,0.826860450341852,
FRB 20200723B,CHIME,190.3965296858803,-5.112673241111569,,4.467988099757907,
FRB 20200723A,CHIME,265.14905891611954,11.812798459224688,,1.0693193185697665,
FRB 20200724C,CHIME,193.44447469228956,16.378050177624836,,0.5368116646710677,
FRB 20200725A,CHIME,82.09325504075596,13.244530220641682,,0.6386131650523182,
FRB 20200726F,CHIME,229.4435014785891,55.48409849710515,,0.4735918103059121,
FRB 20200726E,CHIME,301.4037675391819,87.21490800639612,,0.9228497657140654,
FRB 20200726D,CHIME,295.1419150932891,59.40135596189202,,0.7805457868136068,
FRB 20200726B,CHIME,15.028867852815868,26.93607569585692,,0.4355825323072873,
FRB 20200728A,CHIME,108.05679607148372,52.46018050388791,,0.4244054954545764,
FRB 20200729B,CHIME,108.17820203706049,13.77429458118972,,0.7071617910050985,
FRB 20200729A,CHIME,122.3912090187221,46.26738908260855,,1.3206768611947457,
FRB 20200801C,CHIME,334.53970097761766,-8.533576177990106,,1.1771412290432977,
FRB 20200801B,CHIME,2.8351591935943623,25.653967644009715,,1.5516775241664142,
FRB 20200801A,CHIME,33.421880159450865,65.72898412865388,,0.3489151834701414,
FRB 20200801D,CHIME,109.32972016470448,13.299274109762472,,0.3781160924659658,
FRB 20200804A,CHIME,35.07614221493445,8.207485141513423,,3.7665013975138826,
FRB 20200806B,CHIME,10.382096918111976,63.69926200455932,,0.3990482705270742,
FRB 20200806A,CHIME,194.96679873932877,39.68932863629841,,0.3989647779248855,
FRB 20200807C,CHIME,211.2342951845412,54.85003933173589,,0.8253718018361661,
FRB 20200807B,CHIME,280.1023396726977,11.789699898172405,,0.9994280718439446,
FRB 20200807A,CHIME,333.30205748879143,76.58701326001795,,0.5548581734901563,
FRB 20200808B,CHIME,289.214073123163,78.42603178503984,,1.6698404443370487,
FRB 20200808A,CHIME,148.168611669264,41.75881012120237,,1.437710129885793,
FRB 20200809G,CHIME,208.25404045854336,48.26037833072522,,0.8503348687842428,
FRB 20200809F,CHIME,267.73887398690266,60.635338551225786,,0.4538645382544869,
FRB 20200809E,CHIME,18.421004449122737,82.89995149781609,,0.4389511237438093,
FRB 20200809D,CHIME,33.89462286024396,45.591635689091945,,0.3962562878642299,
FRB 20200809C,CHIME,295.3328017239138,86.96623608597469,,0.9621312638228616,
FRB 20200809B,CHIME,311.82656909794355,85.3411056404678,,0.682725806689107,
FRB 20200809A,CHIME,163.63489585934263,28.41787149652624,,0.3305758334258959,
FRB 20200810B,CHIME,321.8223132252672,62.12739262228695,,0.4107750636221536,
FRB 20200810A,CHIME,114.01713948308482,55.584055319122754,,0.4269496385607177,
FRB 20200812B,CHIME,265.7745242000971,73.68395426055892,,0.3925558598009035,
FRB 20200812A,CHIME,292.284142749991,32.76414280255413,,0.4885228560047713,
FRB 20200813D,CHIME,278.2320821117005,80.70065087688141,,3.610575293420738,
FRB 20200813C,CHIME,286.2650368038047,34.390476629313895,,0.3381266976219124,
FRB 20200813B,CHIME,54.56487086920875,36.34019482910627,,0.5385294677717591,
FRB 20200813A,CHIME,187.55918036706447,57.99434645131626,,0.9302292252553628,
FRB 20200814G,CHIME,18.79858252033513,41.436841830532416,,0.4138787378499688,
FRB 20200814F,CHIME,214.2398016917737,77.15234992599731,,0.3787878047712903,
FRB 20200814E,CHIME,271.24763300561096,81.20600892464932,,1.0938540867982818,
FRB 20200814D,CHIME,113.09155021946006,70.79504555437587,,0.5667099754147349,
FRB 20200814B,CHIME,172.82332742714755,57.99521737785204,,0.7079851221186182,
FRB 20200814A,CHIME,188.3429731364269,70.01715577254234,,2.4470115840658324,
FRB 20200816B,CHIME,285.4565511584324,-3.6962488821804,,2.1897145635102007,
FRB 20200816A,CHIME,1.2430889733206796,15.973798919903064,,0.4068006756825018,
FRB 20200817A,CHIME,286.498993482015,83.06432880308378,,0.5104421844640514,
FRB 20200819A,CHIME,358.21140740706744,81.34310044122101,,1.84782014284249,
FRB 20200820A,CHIME,7.588330592026189,37.24798034960219,,7.051859251320367,
FRB 20200821B,CHIME,8.425009935281121,29.015251630261044,,0.4564985884170274,
FRB 20200822A,CHIME,61.86421665400452,86.28830363028621,,0.8096338807850418,
FRB 20200823B,CHIME,61.66085951043878,28.668757778058875,,2.388423270893263,
FRB 20200823A,CHIME,72.85140182883936,52.00238854140309,,0.8675291262457233,
FRB 20200824D,CHIME,265.9534602758012,19.991880432207022,,0.5528022766036264,
FRB 20200824B,CHIME,156.7761591576554,49.03425927586789,,0.5984119710502225,
FRB 20200824A,CHIME,159.64461665622343,86.10723091513091,,1.019186542183619,
FRB 20200825A,CHIME,314.10754943122765,60.14761132998397,,0.5773520745119479,
FRB 20200826C,CHIME,236.315400949085,36.48381359512075,,0.8088589671695657,
FRB 20200826B,CHIME,251.04700870565532,53.620662567944834,,0.6433767478717808,
FRB 20200828E,CHIME,274.90096106212843,74.52372394476643,,0.4022025095213521,
FRB 20200828D,CHIME,1.1002882517949877,70.21851228630891,,1.534507063238562,
FRB 20200828C,CHIME,54.726475286926245,66.15764617541336,,0.6160460979858008,
FRB 20200828B,CHIME,81.97154162337353,41.13178103203934,,0.4230730640426371,
FRB 20200828A,CHIME,122.77334139257258,79.87009558786386,,0.594821894654885,
FRB 20200830B,CHIME,167.10049827820714,19.82748064947881,,0.8001681477842887,
FRB 20200830A,CHIME,189.13176844422424,16.66024380223501,,0.6920557896695508,
FRB 20200831A,CHIME,323.44094108245247,12.041660853311246,,1.0862016632782274,
FRB 20200901A,CHIME,330.09220674445794,72.89705541217509,,0.3650431335084513,
FRB 20200902C,CHIME,58.18259434629567,29.627393813333747,,0.326495315234698,
FRB 20200902B,CHIME,194.18762141132655,71.28111066658637,,0.7294040835607134,
FRB 20200902A,CHIME,202.29946885730797,37.31852569910455,,0.902341984812026,
FRB 20200903D,CHIME,343.3044427893775,49.98065942648523,,0.4695074073414435,
FRB 20200903C,CHIME,8.0337636238187,40.24662630991725,,0.5232761342723623,
FRB 20200903B,CHIME,29.644239087462747,65.72328224808442,,0.5132311413639471,
FRB 20200903A,CHIME,61.51005283299308,73.63493929772523,,0.3520785829460929,
FRB 20200904C,CHIME,6.435686826967475,3.408645947124376,,0.6518743612232585,
FRB 20200904B,CHIME,26.97656053663757,65.72614354087335,,1.2081157268257432,
FRB 20200904A,CHIME,84.10762961337375,76.67800298699046,,2.579350470326581,
FRB 20200905A,CHIME,329.47677563589855,81.97777770506008,,0.6078500094152203,
FRB 20200905B,CHIME,336.21094753311945,72.7423144873439,,0.9259395751618144,
FRB 20200905C,CHIME,340.397340235451,72.73300251929717,,0.623232656560014,
FRB 20200908B,CHIME,132.46627458851214,30.85215564824614,,1.3141262332088854,
FRB 20200908A,CHIME,177.94765901927457,87.36437481123477,,0.8351472271539038,
FRB 20200909C,CHIME,272.75094869296595,21.007391210782245,,1.1362535425568543,
FRB 20200909B,CHIME,92.14515368489344,56.17229766409747,,3.8140756459005374,
FRB 20200910B,CHIME,265.7160162760197,41.94406933426369,,0.6135979105766071,
FRB 20200912A,CHIME,21.92332727066073,-0.641494985449894,,0.7768131713443577,
FRB 20200913C,CHIME,265.71681650836206,66.22614990328668,,0.6200667092944889,
FRB 20200913B,CHIME,345.7405594212457,7.673578763641514,,0.7266142673435886,
FRB 20200913A,CHIME,157.09389128568074,12.885283408014391,,2.769127342322736,
FRB 20200914C,CHIME,269.0576472075197,65.81697055333458,,0.7367691339643849,
FRB 20200914B,CHIME,281.3779362549344,38.36583149925245,,0.3778575164981578,
FRB 20200915C,CHIME,347.0331926423915,42.993729054534846,,0.4975464418786602,
FRB 20200915D,CHIME,356.2432960393521,65.30823688898303,,0.4728258618736387,
FRB 20200916C,CHIME,278.03833825112105,23.20672162519395,,0.752045645018275,
FRB 20200916B,CHIME,42.128734452568985,32.335422037970005,,1.026461687976812,
FRB 20200917C,CHIME,286.641202983952,47.12342531526568,,0.4543579448109793,
FRB 20200917A,CHIME,321.0348932316135,75.6337088973639,,0.8355280903591866,
FRB 20200917B,CHIME,340.80564450055215,61.69853319672206,,0.618349923402131,
FRB 20200918C,CHIME,342.11813864379496,33.50414987775558,,0.3845860810047405,
FRB 20200918A,CHIME,234.61734901629293,37.67408101315354,,1.272722887915498,
FRB 20200919C,CHIME,10.333199050694004,29.01805597438685,,1.7658043289545515,
FRB 20200919B,CHIME,25.025749837669583,65.72281482325828,,0.408235161469079,
FRB 20200920B,CHIME,128.51467406233638,62.68379324986246,,0.7122474693589582,
FRB 20200921C,CHIME,311.2537609076302,71.09045920882008,,0.507301935495947,
FRB 20200921B,CHIME,105.12822052241792,16.92465981810014,,3.10966120791506,
FRB 20200921A,CHIME,218.05981363002687,48.2346369691774,,3.2664691550284117,
FRB 20200922C,CHIME,63.76277566672347,7.89773536994781,,1.8720465471557652,
FRB 20200922B,CHIME,124.9483826999722,86.89263525754247,,0.7173292451404373,
FRB 20200922A,CHIME,179.33845101356587,34.937789546808084,,0.63614861378745,
FRB 20200923C,CHIME,280.1529488470452,65.00089295254995,,0.7453639413984787,
FRB 20200923A,CHIME,126.68231503257216,73.332378090036,,0.5832307994719326,
FRB 20200924A,CHIME,223.3127832630301,26.725472132251877,,0.3290736827884634,
FRB 20200925B,CHIME,14.059049766600255,37.49235008988415,,0.5597708086763947,
FRB 20200925A,CHIME,37.869291361314815,25.7012566872287,,0.7027296808196806,
FRB 20200927D,CHIME,23.55124405627403,60.926184820491606,,0.5973716269538811,
FRB 20200927C,CHIME,27.50240539138541,13.634144786654948,,1.5099280112716644,
FRB 20200927B,CHIME,202.58410052193636,66.72574083972751,,0.7498489211032496,
FRB 20200927A,CHIME,220.42872336850184,26.723309792678894,,0.3987268928448799,
FRB 20200928B,CHIME,266.8715369715304,48.54623202833432,,1.4495572168935746,
FRB 20200928A,CHIME,30.469500761340733,40.657804234766544,,1.9000343958899144,
FRB 20200929B,CHIME,190.90149926718405,83.4360851687325,,0.7107529737575334,
FRB 20200929C,CHIME,16.97143199862881,18.263035893246,,0.5802318261611121,
FRB 20200929A,CHIME,68.7268326177176,23.18686160303649,,0.744527869171369,
FRB 20200929E,CHIME,186.72087900298212,85.41868097810557,,0.4044597292939774,
FRB 20200930A,CHIME,127.46735896810068,72.47584953303088,,0.7566098998407079,
FRB 20201001B,CHIME,30.995990466599395,15.994287822298114,,0.5160715265777506,
FRB 20201001A,CHIME,333.1170882980141,89.0420563259946,,0.4089369784907565,
FRB 20201002B,CHIME,54.04844402072579,82.51483752786626,,1.1581593369464278,
FRB 20201002A,CHIME,242.3085877320367,32.459217135131325,,0.5065292130637397,
FRB 20201003B,CHIME,357.9204745260002,71.05145276227528,,1.733332597559164,
FRB 20201003A,CHIME,230.08320252513187,78.54192453780901,,0.6398369059338688,
FRB 20201004A,CHIME,4.7831669576667135,15.971083931692872,,1.5466069741685748,
FRB 20201007A,CHIME,30.0394299997916,87.37461051188181,,0.6310724261791938,
FRB 20201008A,CHIME,102.05150161105148,35.4346455381253,,14.300539244030734,
FRB 20201009A,CHIME,135.86514710360126,69.15950880816823,,1.85700652462458,
FRB 20201010C,CHIME,124.83183104293062,48.61182100055756,,0.4568219346165195,
FRB 20201010B,CHIME,130.2374141467709,42.26489620367789,,7.431317824718852,
FRB 20201010A,CHIME,185.61790065189095,33.73012528603455,,0.3429069080278139,
FRB 20201011A,CHIME,240.8856293174456,54.02942205396619,,0.8999848222899567,
FRB 20201013A,CHIME,104.10213487815018,83.50660005701283,,0.4031373964878336,
FRB 20201014B,CHIME,26.214054454266087,44.16988468347248,,2.742654576952833,
FRB 20201014A,CHIME,154.80020950838394,14.785543494208692,,0.6822473274842286,
FRB 20201015B,CHIME,69.23525460863547,1.4126404440454288,,29.145183875890343,
FRB 20201015A,CHIME,206.72235040051837,56.02398144227591,,0.3649562752741562,
FRB 20201016A,CHIME,126.7915584009716,57.55614961241332,,0.3511733413299364,
FRB 20201017G,CHIME,292.8112668556972,30.32380258487947,,1.9160229445944352,
FRB 20201017F,CHIME,329.7390363864194,55.82342263562809,,0.7173654457950023,
FRB 20201017E,CHIME,352.46722311266603,8.183905273072893,,1.6177644746610649,
FRB 20201017D,CHIME,27.295440836198537,70.22639195413983,,0.8661854350695839,
FRB 20201017C,CHIME,60.63779879211364,37.55257758326862,,1.0784643556509332,
FRB 20201017A,CHIME,105.73872092624433,44.31339842868739,,0.8893007196247391,
FRB 20201018D,CHIME,340.5305369305344,72.31164175167643,,0.7822133554403402,
FRB 20201018C,CHIME,18.666883095068457,82.853321727908,,0.8525414188707302,
FRB 20201018B,CHIME,137.70673722361892,40.056121858713205,,0.3366026282494335,
FRB 20201018A,CHIME,200.41972608273505,48.70930597285045,,1.0569422337050176,
FRB 20201019B,CHIME,211.0346963265748,71.68204714409904,,0.9270075092915592,
FRB 20201022C,CHIME,357.53244249607553,54.632516441393776,,0.652908924682785,
FRB 20201022A,CHIME,323.8080415825385,75.48669032608451,,1.180936554713378,
FRB 20201023D,CHIME,19.433452040881697,32.85195566423002,,4.654279846761526,
FRB 20201023A,CHIME,123.44256350729832,31.6492257239281,,0.4494637757516393,
FRB 20201026F,CHIME,14.285152651360374,-5.724107612634725,,1.6313498689166763,
FRB 20201026E,CHIME,68.58208666908442,16.041598692505634,,0.392343114748278,
FRB 20201026D,CHIME,80.49664674632187,62.59645394944229,,1.0567986504463576,
FRB 20201026C,CHIME,132.5482315758032,27.801072203028987,,3.135974468839182,
FRB 20201026A,CHIME,229.68242341172743,59.91537937392012,,0.5439826956947814,
FRB 20201027A,CHIME,315.48408767941305,81.54219583369218,,0.8247239787811338,
FRB 20201028A,CHIME,103.9497470190601,68.11590171432513,,3.419202020694297,
FRB 20201029C,CHIME,84.2118432364309,54.73907822362732,,4.182544554647195,
FRB 20201029B,CHIME,154.75472234085706,34.92962113034831,,0.4716604896342922,
FRB 20201029A,CHIME,193.95298125914857,50.20755111112565,,0.8327830754511043,
FRB 20201030C,CHIME,52.87668741486591,29.87865152258137,,0.401994302508588,
FRB 20201030B,CHIME,73.47562462465919,24.13973635340685,,1.3321939547790196,
FRB 20201030A,CHIME,277.8578472859533,53.957830109559325,,2.7859851412053795,
FRB 20201031C,CHIME,345.42902028706385,85.95527140933885,,1.5531035898429029,
FRB 20201031B,CHIME,194.7986972510801,24.6607078062508,,3.3543662872707407,
FRB 20201031A,CHIME,204.7104726380163,75.07907511923244,,0.7747746982648395,
FRB 20201031D,CHIME,224.66962684391996,69.58991198595872,,0.4417225162873426,
FRB 20201101B,CHIME,127.15099488164196,29.20168776382362,,0.7955091873077917,
FRB 20201101A,CHIME,188.44553123422617,59.17172436510525,,0.5307667961500568,
FRB 20201102C,CHIME,291.62439209498984,29.632970384407983,,3.462147770349344,
FRB 20201102B,CHIME,296.11265509361283,3.657730375310944,,17.90961745209914,
FRB 20201103C,CHIME,36.11219177111524,34.11334666620762,,2.2728200954233,
FRB 20201103B,CHIME,118.42279127309736,69.9731236360298,,0.4897225251701689,
FRB 20201103A,CHIME,208.00704543980987,48.2628173018466,,0.5390890093130661,
FRB 20201104B,CHIME,332.9477004676694,-2.8440732560399824,,2.6384393696854325,
FRB 20201104A,CHIME,39.3968477475656,54.52672151764734,,0.3975714794119718,
FRB 20201105C,CHIME,339.24373667534985,41.827205862053056,,0.4702202996344386,
FRB 20201105A,CHIME,42.70411627521234,15.549137025899585,,0.511785265764213,
FRB 20201105D,CHIME,63.82079573820813,55.63604423786617,,1.2921035759290944,
FRB 20201107A,CHIME,250.94272562696685,57.52869983790826,,0.8574035149876762,
FRB 20201108C,CHIME,30.791105389501087,39.99511337026169,,0.3892261718480151,
FRB 20201108B,CHIME,146.05194755632317,34.51574875524801,,0.6347486390083966,
FRB 20201108A,CHIME,256.068792708241,58.40867317761121,,2.234233793042025,
FRB 20201109B,CHIME,86.13016977166635,49.71465349255391,,1.4308982576702902,
FRB 20201109A,CHIME,198.60151509968236,3.061583017249479,,0.7541026644109897,
FRB 20201111B,CHIME,86.34649983042132,18.82298633371726,,0.912787280991852,
FRB 20201111A,CHIME,80.2312723124501,84.2727018112211,,1.04207515272152,
FRB 20201112B,CHIME,63.65483261640303,81.10626196496125,,0.657815820825969,
FRB 20201112A,CHIME,115.20976282361582,70.79766123198772,,0.6682985133920222,
FRB 20201113B,CHIME,337.1843852016371,46.87447532875049,,1.7534653626565115,
FRB 20201114A,CHIME,221.3218246060145,71.6713451932012,,0.5980434294862456,
FRB 20201115B,CHIME,214.0733898211281,89.23889783331978,,0.8267840256084918,
FRB 20201115A,CHIME,145.45524687089207,39.83178873325878,,1.4195736522345204,
FRB 20201116A,CHIME,216.67592275542955,67.55299992432305,,2.4017447564493906,
FRB 20201117A,CHIME,186.05496660417023,41.66029635451894,,0.5528719448477275,
FRB 20201118B,CHIME,33.928087163821395,2.852652043858905,,3.0742902728437174,
FRB 20201119A,CHIME,164.30434194449933,40.07982688945374,,0.5419923165097438,
FRB 20201120C,CHIME,100.93426107554258,32.41507284455474,,3.675689941019867,
FRB 20201120B,CHIME,154.53680817380803,56.809319236523486,,0.3829319248606554,
FRB 20201120A,CHIME,159.9306900979715,70.85609190300191,,2.754733535308031,
FRB 20201121A,CHIME,192.77404482375005,70.44149668828678,,0.9335426424008676,
FRB 20201122A,CHIME,273.59369237614874,63.40801349945348,,1.2231228953952509,
FRB 20201123D,CHIME,29.644731216001176,65.72410155702048,,1.3020959672003602,
FRB 20201123C,CHIME,137.97543859624156,52.11650056681775,,0.7025984062212647,
FRB 20201123B,CHIME,202.72067520537837,23.334766725617254,,0.4167044496945305,
FRB 20201123E,CHIME,211.1449536860552,85.47506593520441,,0.5006857587462819,
FRB 20201124B,CHIME,77.10996123025025,26.19282050109889,,0.3471206158191083,
FRB 20201124D,CHIME,153.3524630380021,58.14155244572454,,6.153270152245093,
FRB 20201124C,CHIME,177.22352362956414,50.21234613455785,,1.7772738496133644,
FRB 20201125A,CHIME,82.10186691349826,73.67278086343376,,1.036990657374966,
FRB 20201126C,CHIME,354.71185823135534,-7.817343011365601,,32.964888273396674,
FRB 20201126B,CHIME,149.29817801442238,36.12472348547083,,1.1119162855160618,
FRB 20201126A,CHIME,160.4177097570011,52.13114736659767,,0.6688384100861199,
FRB 20201127B,CHIME,252.26035958233592,75.08553160892552,,0.5118282469602938,
FRB 20201127A,CHIME,167.7320676706895,43.0644533978308,,0.3500362959951086,
FRB 20201128E,CHIME,111.8560441794526,50.74611262974716,,2.8495996752690225,
FRB 20201128D,CHIME,182.6148074462892,73.2501246805368,,5.898366018401634,
FRB 20201128C,CHIME,189.2377176171209,35.7411152186951,,0.9882324773761396,
FRB 20201128B,CHIME,261.8816092498625,52.15380580450796,,5.417738729383818,
FRB 20201128A,CHIME,262.9316843802451,82.97359174949611,,0.5046422540740497,
FRB 20201129A,CHIME,149.4395380666362,68.76885335218881,,0.9823224715169848,
FRB 20201129B,CHIME,90.3777769353806,79.56064776132546,,1.3011114304051965,
FRB 20201130B,CHIME,340.39886429110175,29.0192078297074,,0.6714161158994681,
FRB 20201130A,CHIME,64.63106576812899,7.742694006931609,,0.7364731763649525,
FRB 20201201B,CHIME,261.2681106411712,55.16942953094221,,0.3296007159874584,
FRB 20201202C,CHIME,80.03278932714272,73.23065124542083,,0.5439945643121662,
FRB 20201202A,CHIME,296.594838887586,70.68052381309458,,2.564048977505861,
FRB 20201203C,CHIME,17.01903965937631,18.51455970996565,,0.5525120527829982,
FRB 20201203B,CHIME,149.43958221527112,46.711699832592736,,0.5992521154071321,
FRB 20201204C,CHIME,52.65538029112972,25.293910777703907,,0.8528727178625279,
FRB 20201204B,CHIME,133.2745065113184,19.355445634477448,,0.7677779605345194,
FRB 20201204D,CHIME,190.41640498054616,65.13546662230331,,0.5135912550322215,
FRB 20201204A,CHIME,271.5646831285488,40.749413869989525,,0.4890687747258458,
FRB 20201205B,CHIME,322.9777494692317,61.32232411783011,,0.630594511218238,
FRB 20201205A,CHIME,20.65323714488984,77.88615121396566,,0.4597547763460312,
FRB 20201205D,CHIME,280.02114211257793,67.4275778960556,,0.3989118523764637,
FRB 20201206E,CHIME,87.07965600365111,62.36789511394981,,0.90161734169916,
FRB 20201206C,CHIME,216.21484831563836,25.460740238650214,,0.74077809546469,
FRB 20201206D,CHIME,276.26049720677014,36.40406598966009,,0.5273262462244687,
FRB 20201207E,CHIME,9.739541621083571,50.37048049970575,,1.1847383742294466,
FRB 20201207D,CHIME,120.91657091988824,31.401564899846765,,1.6641210839568668,
FRB 20201207B,CHIME,193.3200309336508,9.431291296536006,,2.220109926263123,
FRB 20201207A,CHIME,282.1952916379478,47.73910878668004,,0.4098669081390932,
FRB 20201208A,CHIME,139.38668914222768,20.257704811604626,,0.5432903968723661,
FRB 20201209A,CHIME,169.140986404819,70.2440540204132,,1.0770207788293802,
FRB 20201210D,CHIME,44.45647337991044,28.22372083825168,,1.6217801215636063,
FRB 20201210C,CHIME,45.544091325791136,15.362613398648872,,3.10537710578446,
FRB 20201210A,CHIME,78.48956667309739,26.19743270665716,,2.347901305308609,
FRB 20201210B,CHIME,283.0743391821834,53.94596500037894,,0.3214919663769502,
FRB 20201212E,CHIME,342.06720953967374,46.10430041649565,,0.874195399536444,
FRB 20201212D,CHIME,3.327781231463537,15.513200988585872,,0.6484632785097364,
FRB 20201212C,CHIME,58.58468462179445,39.918282169707616,,1.1042169571699965,
FRB 20201212B,CHIME,66.31537532255663,67.99057762687528,,1.374827511691214,
FRB 20201212F,CHIME,206.0231499054856,48.2570045023551,,0.4549471482444449,
FRB 20201212A,CHIME,206.90301919635112,6.841215659304112,,0.5272943333092606,
FRB 20201213A,CHIME,36.431035906018,53.09754796375788,,0.5134588212286954,
FRB 20201214B,CHIME,225.88689205664792,71.24714388688231,,0.9928541200588346,
FRB 20201214A,CHIME,250.33285110016735,18.873962799488783,,0.6039534679221475,
FRB 20201215D,CHIME,341.15438399920265,48.04529367028376,,1.0576106848497488,
FRB 20201215B,CHIME,163.17279507748611,4.335089731463309,,0.7192369810009804,
FRB 20201215A,CHIME,220.79371646148192,28.80693947623572,,2.8844856562176973,
FRB 20201215E,CHIME,321.1439750834267,28.628591427107477,,0.5700012057919988,
FRB 20201216D,CHIME,201.80946166882512,88.56209303306582,,0.6950880107751667,
FRB 20201216C,CHIME,292.4482693679786,59.39649934634926,,0.532280608944041,
FRB 20201217A,CHIME,191.2141580146063,58.77793229375375,,1.2866733207981578,
FRB 20201217B,CHIME,260.37478705762874,78.92131409238021,,0.4269855624037713,
FRB 20201218B,CHIME,338.9565431990872,46.88264994647156,,3.094621312822554,
FRB 20201218C,CHIME,276.4459248578995,64.20259588740333,,0.4078410127615823,
FRB 20201218A,CHIME,291.549849924312,72.79412149037574,,0.9864219778888944,
FRB 20201219B,CHIME,345.69322826075745,41.81810493496624,,0.8115523178223493,
FRB 20201220C,CHIME,169.71652938021208,81.28321926895308,,2.3370146039347874,
FRB 20201220B,CHIME,251.05411046435813,38.97362851834821,,1.6294306570569996,
FRB 20201221B,CHIME,123.97325925023408,48.75434754742781,,0.4628975715849646,
FRB 20201222A,CHIME,351.6329500191879,57.74969650559832,,0.6790606396578165,
FRB 20201223C,CHIME,31.96980164617538,74.4432107288469,,0.7327818459560433,
FRB 20201223B,CHIME,254.13066401069565,80.85477827306613,,1.1985851176735345,
FRB 20201224B,CHIME,110.98378795885004,16.808480474394845,,1.7765405389288764,
FRB 20201224A,CHIME,257.19547863997644,89.2304462874059,,2.925134818995585,
FRB 20201225E,CHIME,21.201518068927747,35.91090822604772,,0.4172641910580417,
FRB 20201225G,CHIME,149.52949068525518,49.42009446317783,,0.3397182578693519,
FRB 20201225C,CHIME,222.77950755051663,53.28372225221749,,0.3618399952486196,
FRB 20201225F,CHIME,241.50326789069024,48.214007143336346,,0.3829646641224969,
FRB 20201225B,CHIME,261.2867745695644,55.03278582009993,,0.6479703064114938,
FRB 20201225A,CHIME,294.6971275210112,62.36708653454832,,3.797300405810934,
FRB 20201226C,CHIME,120.82037066300757,45.10397683910085,,0.4766099573141268,
FRB 20201226B,CHIME,130.26689494559278,4.683852394101265,,0.4938064155684606,
FRB 20201226A,CHIME,215.2587905580108,68.77297630348876,,0.7284713558412934,
FRB 20201227A,CHIME,336.18643188476506,-8.520772855164669,,0.5449191817541827,
FRB 20201228E,CHIME,26.995626282760817,89.00809986760845,,0.4434326380064871,
FRB 20201228D,CHIME,137.59762037468175,-3.574918188491868,,0.5956103725367189,
FRB 20201228A,CHIME,261.09935788954806,55.05598281136497,,0.5317056819070921,
FRB 20201229C,CHIME,17.142696859261175,18.505525800727984,,0.5601612582325195,
FRB 20201229B,CHIME,351.07287202354007,82.24915437812349,,1.2939014321704323,
FRB 20201230E,CHIME,80.50196123274425,57.074228802878,,0.4363672651082882,
FRB 20201230D,CHIME,130.470837630813,42.00634961255948,,0.4636668089285543,
FRB 20201230C,CHIME,281.40751705171584,16.05952507807383,,0.4621668163447042,
FRB 20201230B,CHIME,283.7478193644708,26.04502977158074,,4.222802766625413,
FRB 20201230A,CHIME,325.5610410741459,45.7309205064598,,0.6874991510230066,
FRB 20210101E,CHIME,356.3603922085691,49.59575229795283,,1.093168768579744,
FRB 20210101D,CHIME,358.23159202773286,35.50880296361184,,1.1159710508141296,
FRB 20210101C,CHIME,135.13005756890468,65.50795724886636,,0.6133525785888596,
FRB 20210101B,CHIME,150.9917452988317,6.316533650484521,,0.6695487410377104,
FRB 20210101A,CHIME,155.9364447284807,33.36100146644475,,13.871353458059165,
FRB 20210102A,CHIME,197.69365944571152,40.08463626998727,,0.8195638523021158,
FRB 20210103C,CHIME,244.2809709004337,10.377314211378078,,0.7552477104859755,
FRB 20210103A,CHIME,340.5519034163917,58.55237855155926,,0.6308104077850176,
FRB 20210104F,CHIME,349.9206867437788,34.7082233963438,,0.536485837514998,
FRB 20210104E,CHIME,54.50531430325785,88.46642542435367,,1.788156102953264,
FRB 20210104D,CHIME,111.79320829994188,43.146298223053165,,0.4201766825358463,
FRB 20210104C,CHIME,113.25378090363876,77.19438177635838,,0.489475501190222,
FRB 20210104B,CHIME,219.3129418647109,27.13543696679236,,1.1460597346320571,
FRB 20210105G,CHIME,64.50358113752196,7.735453905174905,,1.4242014276503845,
FRB 20210105F,CHIME,87.60958739170532,29.954670487387038,,1.2839252490969215,
FRB 20210105E,CHIME,90.4230606563316,17.926322520056154,,1.1469030442136938,
FRB 20210105C,CHIME,211.89517664589053,1.3179899527231012,,2.2869788434074536,
FRB 20210105B,CHIME,249.83282008328013,37.645627634331646,,0.9181339816034952,
FRB 20210105A,CHIME,316.0310935185911,58.58461641171597,,0.3689736012958259,
FRB 20210106C,CHIME,137.41077461317562,21.64419429972959,,1.21578664545672,
FRB 20210106B,CHIME,148.45910769657667,23.32995664749112,,0.6189069092623177,
FRB 20210106A,CHIME,162.1462769774318,26.74795514623917,,0.642085528774047,
FRB 20210107A,CHIME,281.20220853715244,24.498968422876608,,0.6312729611149916,
FRB 20210108A,CHIME,287.65016629906535,59.0233043598197,,1.625717756764013,
FRB 20210109B,CHIME,221.40274612350527,8.38808742435666,,0.9643476361167264,
FRB 20210110C,CHIME,69.46328265563446,83.9124004550137,,0.782454311414741,
FRB 20210110B,CHIME,72.80385246877292,35.985867396347764,,0.6319486979889078,
FRB 20210110A,CHIME,227.5914929982041,25.44292067340114,,0.663752777018659,
FRB 20210111F,CHIME,1.8127712631836808,52.69065506656651,,0.6436666106613462,
FRB 20210111E,CHIME,29.29004873404822,65.72393248422338,,0.7388377166254667,
FRB 20210111D,CHIME,61.17051441132382,16.951063940197933,,2.5353376772981453,
FRB 20210112B,CHIME,24.202818276841484,53.86739844925549,,0.3357039307710902,
FRB 20210112A,CHIME,146.16703997414447,0.7005344332234811,,0.551835791658912,
FRB 20210113D,CHIME,73.56521005699705,24.05340336011546,,0.4033527058181685,
FRB 20210113C,CHIME,110.77967364007054,64.95401218961612,,2.414382092878805,
FRB 20210113B,CHIME,148.26319400642433,67.95916498336294,,1.889456974099073,
FRB 20210113E,CHIME,216.40793231967425,25.03986854003167,,2.0539797256711307,
FRB 20210113A,CHIME,313.0466094753964,74.46594478982092,,0.5835406083826559,
FRB 20210114C,CHIME,18.66557708855569,47.63180563497578,,2.9927298930678305,
FRB 20210114D,CHIME,51.87178984991965,5.0600188336242855,,0.8192841743717381,
FRB 20210114B,CHIME,64.64931587567062,7.741090559263196,,1.231391275914819,
FRB 20210115C,CHIME,8.365141041883533,28.994064481478507,,0.6161294459509711,
FRB 20210115D,CHIME,69.92490172232758,1.7483326314001677,,0.428733441595922,
FRB 20210115A,CHIME,224.33390338104107,4.145188518224859,,4.113142733181448,
FRB 20210116A,CHIME,337.0574812717696,79.69962618121389,,0.3408746639478249,
FRB 20210117F,CHIME,8.251357554060665,29.016506827595208,,0.6053064956737555,
FRB 20210117D,CHIME,150.3883919339744,78.12269606315778,,0.5717637650943975,
FRB 20210117B,CHIME,288.23195158800985,33.177541471168084,,0.4207956444680204,
FRB 20210118B,CHIME,64.69284574624345,7.739974699679691,,0.9996736315044276,
FRB 20210118A,CHIME,312.430440542123,68.1893374824064,,1.0143506901973511,
FRB 20210119B,CHIME,180.99393295675776,8.418691599683536,,0.516900170933695,
FRB 20210119A,CHIME,288.69263400490325,25.752880965415947,,0.4103020097651935,
FRB 20210120A,CHIME,5.273974167908,56.5767814863611,,0.3516669289502105,
FRB 20210121A,CHIME,238.11956061575648,65.38120626056251,,4.468395682903282,
FRB 20210122B,CHIME,198.05076192365692,81.28038006546694,,0.5521158480986884,
FRB 20210123D,CHIME,68.08893845928635,62.284389808045006,,0.5076153481205158,
FRB 20210123C,CHIME,154.04596906327828,33.823403707254016,,2.571802822326428,
FRB 20210123B,CHIME,207.00289165490997,36.518081296132976,,0.6690460919458032,
FRB 20210123A,CHIME,353.3024659709898,48.80927189871312,,0.4257710061796268,
FRB 20210124B,CHIME,331.0019715216456,52.327591361309736,,0.6671742570644938,
FRB 20210124C,CHIME,346.7669441005395,72.73331888429097,,0.4814849250730169,
FRB 20210125E,CHIME,9.345344633958169,9.460416809760895,,0.6530457232575391,
FRB 20210125D,CHIME,40.11246274031822,51.02065608511942,,0.5627669768985216,
FRB 20210125C,CHIME,252.2084351278545,17.964677271595576,,0.5415757057390582,
FRB 20210125B,CHIME,332.0276732991716,25.844121837201,,0.6934805549301374,
FRB 20210125A,CHIME,338.5267766671761,46.88081962963655,,0.4878024401865425,
FRB 20210126B,CHIME,156.8243899314598,38.115538407803655,,0.3823582260554483,
FRB 20210126A,CHIME,162.48740718268857,45.16258405754129,,1.3217780702612345,
FRB 20210127E,CHIME,29.40215295734838,65.72421622774289,,0.8924669737572873,
FRB 20210127D,CHIME,68.8394962628702,38.34875961431713,,0.7470213193535316,
FRB 20210127C,CHIME,273.9475266375948,59.19072014693706,,3.975507303309065,
FRB 20210127B,CHIME,328.49828562322324,87.05776117587519,,2.1701450970058,
FRB 20210128A,CHIME,354.2702340305866,15.037880705213494,,0.7539705733338772,
FRB 20210129E,CHIME,26.226813579099318,65.72111129490318,,0.4098632931975686,
FRB 20210129D,CHIME,202.18341893708435,87.65362807143859,,0.9229263851102204,
FRB 20210129C,CHIME,29.764440244605453,65.72474843126915,,0.4754197094542245,
FRB 20210129A,CHIME,302.93589420651097,64.15133953123495,,0.4512925357708476,
FRB 20210130I,CHIME,25.27417571728368,65.72201192456924,,0.6354318904519448,
FRB 20210130H,CHIME,32.8321456672148,65.72709423979637,,0.8682812046523396,
FRB 20210130G,CHIME,154.2707286242502,32.11222085910497,,0.8583909678343238,
FRB 20210130F,CHIME,201.67365790992147,59.156114624249085,,2.1685330298319188,
FRB 20210130E,CHIME,272.5770954585124,55.53133055629732,,0.3351902426187587,
FRB 20210130D,CHIME,277.73831980679614,72.64740474830359,,1.6540039635690758,
FRB 20210130C,CHIME,316.6849560852366,37.52125846926904,,1.4771010141361858,
FRB 20210130B,CHIME,320.1339680706273,21.40295521533467,,1.059514975922898,
FRB 20210130A,CHIME,330.6431243227905,49.6110713917116,,0.817712911009968,
FRB 20210131A,CHIME,29.45770730953016,65.71392226671509,,0.6029256428338873,
FRB 20210131B,CHIME,328.5820501923825,77.04335878318231,,0.899800467702443,
FRB 20210201A,CHIME,221.70636007111844,22.434973420643736,,0.8721590183305225,
FRB 20210202C,CHIME,104.4200434423598,70.35648400224963,,0.626579978531849,
FRB 20210202B,CHIME,253.4886565608055,52.84596783830867,,0.7508265028677437,
FRB 20210202A,CHIME,274.3100521036756,7.789186846137539,,6.0723923752435605,
FRB 20210203E,CHIME,125.75630125146476,80.74433727597136,,0.4466230430576883,
FRB 20210203C,CHIME,206.24269521186744,48.263261406333775,,0.7215283264047205,
FRB 20210203D,CHIME,221.08193714379243,7.877654422094356,,1.7060580670283356,
FRB 20210203B,CHIME,283.3250032615924,46.9572635705961,,0.6628854487059058,
FRB 20210203A,CHIME,359.6584528175661,80.13603896012219,,0.9896929298849108,
FRB 20210204B,CHIME,69.77773227025861,59.40038954994958,,0.5913107641547866,
FRB 20210204D,CHIME,133.38220479449996,-6.2235767317749495,,0.4266390364137705,
FRB 20210204A,CHIME,213.7552718199322,83.09524066634384,,0.5298159967769908,
FRB 20210205C,CHIME,108.3819893954822,58.30820230445504,,0.3623543305245245,
FRB 20210205B,CHIME,196.58458764194236,27.583695179687982,,0.7818216829878328,
FRB 20210205A,CHIME,196.6554345307196,38.1174166630946,,0.5291262431690569,
FRB 20210206B,CHIME,32.09304253654598,8.196800819646857,,1.3604660706612255,
FRB 20210206A,CHIME,53.938181427839005,52.72771389505744,,2.1231240438309245,
FRB 20210207G,CHIME,205.01252668787373,81.52708057787181,,0.7291049966127315,
FRB 20210207F,CHIME,47.51411246296884,53.1192060218371,,0.4532335345790479,
FRB 20210207E,CHIME,53.09112692592521,58.58858536100821,,0.5087160236375537,
FRB 20210207C,CHIME,175.34362043238002,27.022484548073407,,1.6575162308277116,
FRB 20210207B,CHIME,183.6478287337789,41.65605004426034,,0.7169355750736349,
FRB 20210207A,CHIME,206.3770530737808,48.2539455828752,,0.8435857878402419,
FRB 20210208B,CHIME,18.641453409236405,82.9051629477198,,0.5579547494823256,
FRB 20210208D,CHIME,20.41152287493208,34.469692452647934,,0.3797946810102021,
FRB 20210208C,CHIME,76.7626796186908,74.0890290466738,,0.4176013330135023,
FRB 20210208A,CHIME,186.5302961837452,37.87708115600981,,0.402405066555544,
FRB 20210209D,CHIME,34.6584682209943,1.4765737154752747,,1.5869526901390023,
FRB 20210209C,CHIME,201.3862624948378,49.0373136321183,,0.5646097813377006,
FRB 20210209B,CHIME,207.76563945498012,48.15181768449276,,0.7918345803850937,
FRB 20210209A,CHIME,254.72141680316432,37.0132010458388,,0.3905587695645591,
FRB 20210211C,CHIME,286.920573785714,37.9749217929875,,0.4761482224919779,
FRB 20210211B,CHIME,291.12510535262123,56.27353220281731,,0.5656731756888724,
FRB 20210211A,CHIME,294.9390280568528,59.290176161246094,,0.6463975577316402,
FRB 20210212E,CHIME,228.08240449377053,80.69123029222256,,2.1893610234548198,
FRB 20210212D,CHIME,97.69607552901977,70.96099862760539,,1.14411501292574,
FRB 20210212B,CHIME,233.4776876153119,26.28277890589736,,0.9277750623274996,
FRB 20210212A,CHIME,265.25117654762914,48.942461314651695,,0.8522767735349267,
FRB 20210213G,CHIME,47.23591365744481,64.94479299019426,,0.3750334055571179,
FRB 20210213E,CHIME,187.6328851331929,57.9924681015286,,0.866977837481906,
FRB 20210213D,CHIME,191.51964227102272,33.93874205906637,,0.5894708485826183,
FRB 20210213C,CHIME,258.5946170423205,49.7330655312866,,0.4180823849604209,
FRB 20210213B,CHIME,293.2136672713612,57.04772200864456,,0.5726691441207622,
FRB 20210213H,CHIME,357.7573792886035,39.17644575967758,,0.5207121689481612,
FRB 20210214D,CHIME,26.38886072243436,65.7183163184485,,0.4002071716578843,
FRB 20210214C,CHIME,118.55700976329577,23.714536972329853,,0.3592644346667114,
FRB 20210214F,CHIME,181.7920179822716,62.33605288239002,,0.4075194029246665,
FRB 20210214B,CHIME,210.33781717175543,84.03607059558709,,3.713913862750246,
FRB 20210215B,CHIME,112.6925555133436,55.58388123928596,,0.4488011293169701,
FRB 20210215A,CHIME,119.89115563297128,58.32779603142936,,1.6860252232121138,
FRB 20210216F,CHIME,26.19500639222247,65.13707426503069,,1.2547918141000518,
FRB 20210216E,CHIME,75.43812517895002,62.58068654541519,,0.6001247908178948,
FRB 20210216D,CHIME,84.92716923434901,30.208922904881707,,9.310357729467157,
FRB 20210216G,CHIME,83.35440095431882,73.23680775421316,,0.4390004078533841,
FRB 20210216B,CHIME,287.92080009178056,81.58938075848596,,0.4999231863785811,
FRB 20210216A,CHIME,25.69828618661982,69.39522132358651,,0.4894778371687265,
FRB 20210217C,CHIME,101.42603099543128,36.44434316049045,,0.7312419259247847,
FRB 20210217B,CHIME,161.76808857314455,79.0161626202268,,0.5247204172999002,
FRB 20210217A,CHIME,122.51361135547054,85.09722889703153,,1.9117336907192048,
FRB 20210218C,CHIME,301.0378836393153,87.66647493514785,,1.9534714590331272,
FRB 20210218B,CHIME,122.83465010966474,17.070275594975875,,0.915062015496476,
FRB 20210218A,CHIME,202.0005713593489,29.24156886247745,,0.7850749599603775,
FRB 20210219A,CHIME,219.0867935768003,49.01359068579637,,0.4240374178935241,
FRB 20210219C,CHIME,356.93656147380113,88.13420059720926,,0.5677313346394453,
FRB 20210220E,CHIME,64.56042323810858,7.739016861301224,,0.636046385629891,
FRB 20210220D,CHIME,177.29286243888657,59.55492610850624,,0.538705086233348,
FRB 20210221C,CHIME,267.1380428639871,89.08384963358304,,1.5616375314299211,
FRB 20210221B,CHIME,162.8664209044768,10.434328149362166,,0.9314885586706736,
FRB 20210221A,CHIME,16.479312988206274,77.5377989558871,,4.193494945743813,
FRB 20210222B,CHIME,202.9011302805121,-1.0762338768881468,,1.7332962914811991,
FRB 20210222C,CHIME,328.2262329460008,66.96986275194504,,0.4031128351072897,
FRB 20210222A,CHIME,9.915665171472366,18.717625041518723,,0.7156500672655688,
FRB 20210223D,CHIME,71.55159538498631,33.98218622101133,,0.3758462866087148,
FRB 20210223C,CHIME,292.4531733514365,59.39468251755302,,0.3519741172943056,
FRB 20210223A,CHIME,31.493594213992576,19.91139559153777,,2.505285444779325,
FRB 20210224B,CHIME,110.82782109120475,64.41024138512407,,0.8528902613933288,
FRB 20210224C,CHIME,119.44721541246444,18.89077651836446,,0.427517288766093,
FRB 20210225B,CHIME,104.3217924025505,65.45485461962272,,0.3924215914491794,
FRB 20210225A,CHIME,271.8570003714805,51.64037022062614,,4.281543686710952,
FRB 20210226A,CHIME,323.7287323145938,4.519801816760444,,11.177552509938986,
FRB 20210227B,CHIME,155.45301727326245,45.54777351950159,,0.3892335603560922,
FRB 20210227A,CHIME,223.5935017719696,66.71441982152106,,0.4402119636526625,
FRB 20210228A,CHIME,302.6243137219431,70.6707074525337,,0.3858516777424047,
FRB 20210301A,CHIME,75.4815609930884,26.178930631212907,,0.4453775770720465,
FRB 20210301D,CHIME,123.67639621664212,29.614318004790064,,0.4955358202522197,
FRB 20210301C,CHIME,254.8181970180553,45.81344854005489,,1.3950164213102498,
FRB 20210301B,CHIME,29.38665366255323,65.72155671463906,,0.5181438322163648,
FRB 20210302J,CHIME,117.38261132360898,81.21826817947561,,0.3802635155257972,
FRB 20210302F,CHIME,123.36289760037084,25.844354481852804,,13.08288805953211,
FRB 20210302E,CHIME,126.80553963480284,48.82270935434416,,0.4271230550514809,
FRB 20210302D,CHIME,170.15458380538834,18.491780844483948,,0.3999208478991232,
FRB 20210302C,CHIME,207.91151692379188,48.26021700179823,,0.3737718021697334,
FRB 20210302B,CHIME,227.75898444695525,38.602247869416416,,0.9648650287319216,
FRB 20210302H,CHIME,287.5521214770757,60.19884453362462,,0.3387579403356624,
FRB 20210302A,CHIME,29.298124131857783,65.72434109412876,,1.1371901646480078,
FRB 20210303I,CHIME,75.81231861069472,54.05388693847424,,1.177583175229999,
FRB 20210303H,CHIME,83.30358753394543,37.99111669161206,,0.8188871991900594,
FRB 20210303J,CHIME,117.37153267474017,83.05614539056154,,0.4364426658365292,
FRB 20210303F,CHIME,123.99745121432248,48.72421202749576,,0.481305272989643,
FRB 20210303D,CHIME,325.9092129473038,16.908991081089837,,0.4870786342699533,
FRB 20210303C,CHIME,15.317914352172696,13.1462811347779,,0.5474107524513885,
FRB 20210303B,CHIME,29.370850642844648,65.72381492013523,,0.5870336254893612,
FRB 20210304F,CHIME,87.68938268358212,16.54087651469895,,0.7580962442199151,
FRB 20210304E,CHIME,89.91082513221852,16.54630567476046,,3.2715979860878965,
FRB 20210304D,CHIME,151.57146900578596,19.9813391121514,,1.0133988157725748,
FRB 20210304H,CHIME,22.56981550346097,87.4177865012673,,0.3643090050574317,
FRB 20210304C,CHIME,197.17612627022285,32.92099860857869,,0.8073985961211086,
FRB 20210304G,CHIME,226.2225851452108,82.17154693603501,,0.672699194752585,
FRB 20210304B,CHIME,292.3211860972849,59.40191338026159,,0.4878837798128684,
FRB 20210304A,CHIME,29.53555219408277,65.72262433253312,,0.6566598331946188,
FRB 20210305D,CHIME,110.0959714393351,75.44430755615436,,0.4157103386725122,
FRB 20210305A,CHIME,212.58641411653468,77.15159294951616,,0.7952763548717418,
FRB 20210306A,CHIME,19.718143774722407,84.52534504589988,,0.9059192642075956,
FRB 20210307C,CHIME,215.8085990484128,46.310456259097656,,0.3661831170235406,
FRB 20210307A,CHIME,257.7367941188485,34.44736972390285,,0.3699336257777383,
FRB 20210307D,CHIME,273.8391460422236,47.36906557124459,,0.3498167935084719,
FRB 20210308A,CHIME,155.18707940964967,26.74196035074131,,1.9221641154468736,
FRB 20210308C,CHIME,294.5197083036994,59.394652985331206,,0.4200689943106488,
FRB 20210309E,CHIME,142.17525798885805,30.589373233367503,,0.7332211528537961,
FRB 20210309D,CHIME,214.18702858959875,58.75950817086442,,5.703889965617431,
FRB 20210309C,CHIME,225.12756278698865,20.69680303501837,,0.5349428421942489,
FRB 20210309F,CHIME,0.5715846087151615,68.9558296205775,,0.5380928025875623,
FRB 20210309B,CHIME,23.90026483151312,28.612036192715557,,0.4069044456499689,
FRB 20210309A,CHIME,32.41168198430643,54.09950652469565,,1.8513467356304492,
FRB 20210310B,CHIME,172.8736364814099,29.15084119449333,,0.9699145071127936,
FRB 20210311C,CHIME,120.30195954733269,46.27595988953205,,1.095115173733115,
FRB 20210311B,CHIME,134.04751323585884,21.13730863667168,,0.6326725339012499,
FRB 20210311E,CHIME,324.4815519283705,79.49658714103583,,0.4707242093433594,
FRB 20210311A,CHIME,249.599191141344,65.06046948964837,,0.3584253302858841,
FRB 20210312C,CHIME,58.48279948911432,-1.1984347537465836,,1.797801056494715,
FRB 20210312B,CHIME,79.00604742668284,67.43194181647965,,0.7729128884666175,
FRB 20210312A,CHIME,139.53881948961157,71.67512431768552,,1.0490416240286051,
FRB 20210313D,CHIME,113.55619672131198,87.63545593718847,,3.21385842778454,
FRB 20210313C,CHIME,124.91968256723116,61.88756339284363,,1.1085375634170338,
FRB 20210313B,CHIME,17.24990594579821,18.48818162752096,,0.8112183714482176,
FRB 20210313A,CHIME,206.85056839204844,87.65096714749329,,1.127046645447325,
FRB 20210314D,CHIME,184.2928888908575,74.49532940900835,,1.3225886777537634,
FRB 20210314C,CHIME,271.19385556641265,8.634701392365361,,1.7039321563153216,
FRB 20210314F,CHIME,274.7417739819565,76.26671903173755,,0.3275620740278558,
FRB 20210314B,CHIME,98.22912285281912,75.72453098391622,,1.0396124305930414,
FRB 20210314E,CHIME,12.560939265308123,12.183586080286466,,0.5016970250436453,
FRB 20210314A,CHIME,17.217126487215793,18.49938915895376,,0.556380338322483,
FRB 20210315B,CHIME,181.9182436962996,15.740480089940228,,0.7336263616041541,
FRB 20210315A,CHIME,246.85020984905424,78.51188148611422,,0.3902616251879447,
FRB 20210316B,CHIME,67.79255498871734,89.39895188556807,,0.6714943789859803,
FRB 20210316A,CHIME,224.46826082278025,61.35273989484374,,0.6432718493670879,
FRB 20210320B,CHIME,289.43479932997667,78.87509345882664,,0.7427981838818385,
FRB 20210320A,CHIME,25.054071226275735,65.71918862060949,,0.5657316674277372,
FRB 20210321A,CHIME,76.95544934782151,26.1905569797432,,0.380854864209277,
FRB 20210321C,CHIME,135.25984716071372,72.31349045202803,,0.4437670097543025,
FRB 20210321B,CHIME,203.51779857913112,49.02699132480693,,0.3310558737368144,
FRB 20210322A,CHIME,77.08462158407366,26.193259431162534,,0.4119781793020348,
FRB 20210322D,CHIME,119.57067217997133,64.80364251777979,,0.975226779454044,
FRB 20210322C,CHIME,182.2796438101555,74.64713400147005,,0.5121303038728571,
FRB 20210323E,CHIME,64.34892356956533,7.738195047373467,,0.498035663014835,
FRB 20210323A,CHIME,78.20765961049398,26.188389580918155,,0.5399667383789748,
FRB 20210323C,CHIME,116.74785643628776,72.45832154485414,,0.5134173209481114,
FRB 20210323B,CHIME,148.2289252876281,53.67988660078419,,0.9582356342692162,
FRB 20210323D,CHIME,298.55082774426205,67.39111473117542,,0.5358402164990164,
FRB 20210326A,CHIME,76.79505097148112,26.18276589827509,,0.4326216568809229,
FRB 20210326D,CHIME,283.0205386523437,77.55843702709421,,0.8824937889658551,
FRB 20210326C,CHIME,295.89863153041887,57.43408710320534,,1.178766125381148,
FRB 20210326B,CHIME,15.52568901332791,18.482709995517823,,0.7665842908282784,
FRB 20210326E,CHIME,248.79726943431743,84.85822523479086,,0.7061810152358329,
FRB 20210327F,CHIME,64.50204473307832,7.922383267411463,,1.3042670142699382,
FRB 20210327A,CHIME,75.90572169728776,26.18945746017603,,0.5269675418877524,
FRB 20210327C,CHIME,77.13070539040427,26.18367625246266,,0.3709177845035752,
FRB 20210327E,CHIME,168.6894600234745,63.76910481580775,,0.9472156775519414,
FRB 20210327D,CHIME,73.84669816457065,83.12020042873641,,0.4964801200871883,
FRB 20210328D,CHIME,173.5214475520053,63.13230689910328,,1.291795785151046,
FRB 20210328C,CHIME,213.8788293362997,77.6841796318272,,1.2839313711554212,
FRB 20210328B,CHIME,215.45152593099743,47.4751577015241,,0.4309839071771476,
FRB 20210329B,CHIME,185.10049375872407,57.21010454701765,,0.5818747722764538,
FRB 20210329A,CHIME,218.61277371362357,53.291425541410376,,0.3261510313945393,
FRB 20210330C,CHIME,79.35005688001195,78.88659487715401,,1.0605676831658406,
FRB 20210330A,CHIME,113.2599238979093,34.467396429100994,,0.7983545203594228,
FRB 20210330E,CHIME,182.43664206865665,63.36150486713536,,0.4529921803436744,
FRB 20210330D,CHIME,59.59936836400583,20.558886543758923,,0.5505635263974481,
FRB 20210331A,CHIME,76.96827495269696,26.193779513702708,,0.4685937389756076,
FRB 20210331B,CHIME,77.07931919462636,26.182780240443197,,0.5788575294509007,
FRB 20210331C,CHIME,78.79848544469073,26.19556422048557,,0.3321382326654368,
FRB 20210331D,CHIME,78.52100707446057,26.19580275641435,,0.5437162190844456,
FRB 20210331F,CHIME,122.0833634004101,72.48540763450067,,0.8985439253608009,
FRB 20210331H,CHIME,229.126872521206,59.9182587819933,,0.5549060708980929,
FRB 20210331E,CHIME,275.25777611865703,54.743881451595016,,1.361034669944795,
FRB 20210402G,CHIME,77.73575847054607,75.56191528215435,,0.334347882198343,
FRB 20210402E,CHIME,158.7874966964522,80.36807120640006,,1.3218893572692465,
FRB 20210402D,CHIME,247.00878916214373,49.35805201996966,,1.4055117246954196,
FRB 20210402C,CHIME,270.7923395281623,24.5230144014887,,0.5053326204709484,
FRB 20210402B,CHIME,32.178497502302285,65.72774718196754,,0.6289038786081661,
FRB 20210403E,CHIME,290.0457691100356,66.48444572044104,,0.9444124315936412,
FRB 20210403D,CHIME,321.5636311420476,76.35980281992252,,0.5875059811070478,
FRB 20210403C,CHIME,192.5139657125399,82.38140646738239,,2.438411518943706,
FRB 20210404E,CHIME,292.6404702005054,59.39577634800495,,0.4809074299849853,
FRB 20210404D,CHIME,305.8695433888031,7.286668108355645,,2.4052988156679653,
FRB 20210405A,CHIME,77.00945423434696,26.190110409506367,,0.5130932517891723,
FRB 20210405B,CHIME,77.00077222135599,26.07587180746058,,1.2440061125582276,
FRB 20210406E,CHIME,292.20606462321416,71.52727484066972,,24.15511914606597,
FRB 20210406F,CHIME,158.792870552049,67.17277339540198,,0.6205711552619249,
FRB 20210406D,CHIME,335.8695352452693,36.47238171632063,,0.6291492587011982,
FRB 20210406C,CHIME,351.2876645029249,47.26199498425319,,0.6682217044230851,
FRB 20210406B,CHIME,10.18192146768908,38.67990930385598,,0.4487151239524489,
FRB 20210406A,CHIME,62.976963299842666,7.735562076663571,,0.7564030349273053,
FRB 20210408E,CHIME,110.1323626556834,81.20657676584699,,0.8032222197701997,
FRB 20210408D,CHIME,155.34080194436314,28.73188019014773,,1.6489788010990012,
FRB 20210408C,CHIME,162.72331718795397,50.980319444868925,,0.7108295511638691,
FRB 20210408B,CHIME,158.2570682810628,84.09153086879968,,0.6448223260329038,
FRB 20210408A,CHIME,22.54747455307542,19.15742548310824,,0.6853503337400723,
FRB 20210409C,CHIME,103.53959102023435,19.93148493898213,,3.9036137580642407,
FRB 20210409B,CHIME,289.74160823629893,75.01601878296373,,0.3691362857310645,
FRB 20210410C,CHIME,277.8539906956007,81.39295424132254,,1.1267449191338337,
FRB 20210410B,CHIME,268.3466892194127,54.746539165764766,,0.5782376251824657,
FRB 20210410A,CHIME,335.6004072604584,82.8872871765257,,1.750960115677937,
FRB 20210411D,CHIME,194.88360792297132,27.155504505509924,,2.0332509566303503,
FRB 20210411C,CHIME,274.32357318846505,7.77495292303991,,0.628733526788073,
FRB 20210411B,CHIME,77.05557245817293,26.186698183531316,,0.3654376639118049,
FRB 20210412E,CHIME,167.71395777514675,50.60023315280537,,0.4458583837276005,
FRB 20210412D,CHIME,0.2311245562708337,36.29919243075337,,0.3622334110389663,
FRB 20210412C,CHIME,68.94656718090897,22.313001304503096,,0.4771384612393604,
FRB 20210412B,CHIME,77.46106986286637,36.622331279981566,,1.3516452850313865,
FRB 20210413E,CHIME,178.27972580744537,12.029136447765168,,13.5297583449973,
FRB 20210413D,CHIME,190.2157723768432,56.96052333561183,,0.4221598953073863,
FRB 20210413C,CHIME,224.22039704411213,52.34714781139583,,0.4249919693290416,
FRB 20210413F,CHIME,357.72326023253765,87.98909561031397,,0.8379939380782038,
FRB 20210413A,CHIME,74.68711560534841,71.5357140406134,,2.004715302886859,
FRB 20210414D,CHIME,187.98379265767645,61.92721887697543,,0.9055269669478898,
FRB 20210414E,CHIME,220.87804395859172,64.3016146009748,,0.6396340071441872,
FRB 20210414C,CHIME,222.96600325955865,25.455199794091687,,0.920688390725112,
FRB 20210414B,CHIME,273.83484179212485,41.36264719282612,,0.3265860006262435,
FRB 20210414A,CHIME,45.534865308846285,37.130721082405856,,0.7896143309162951,
FRB 20210415F,CHIME,85.0904023536983,64.60547213880797,,0.4837092825943272,
FRB 20210415E,CHIME,134.86143471799528,7.869274682634787,,0.6622517044358767,
FRB 20210415C,CHIME,353.4604927810052,88.02580958463497,,15.61318671264456,
FRB 20210415B,CHIME,175.86343165720166,63.36339867914072,,1.5656159377217769,
FRB 20210415A,CHIME,247.4850088592609,-0.4858502311527229,,0.6891588229904744,
FRB 20210416E,CHIME,289.8074560067483,41.499474513429504,,0.4769100262175744,
FRB 20210416C,CHIME,295.9023806458432,69.85113427026164,,1.09238860588856,
FRB 20210416D,CHIME,339.1047713185012,2.840663206178643,,0.9897876960323628,
FRB 20210416B,CHIME,1.0763862363132974,41.44888939334829,,1.6166006375308235,
FRB 20210416A,CHIME,48.33496940045284,35.943069990062696,,0.5469242136357322,
FRB 20210417A,CHIME,213.25590077891104,44.57975348448476,,2.927776478872783,
FRB 20210418D,CHIME,180.3835237201721,36.14258794371773,,0.599491126570533,
FRB 20210418C,CHIME,317.5777865434111,34.32690453142416,,0.4410271299563605,
FRB 20210418B,CHIME,354.2684049073801,29.177388117478387,,5.181707803709654,
FRB 20210418A,CHIME,34.45862115028211,37.112191139313865,,0.9895252418776302,
FRB 20210419B,CHIME,210.7728535315334,57.98692766741142,,0.3520709770723389,
FRB 20210419A,CHIME,309.4797862574974,27.10302566665149,,1.4008727188928185,
FRB 20210421E,CHIME,149.19057738915814,68.78226682121809,,0.6574055218459038,
FRB 20210421B,CHIME,222.4232288936835,59.93006503880032,,0.7535911754999197,
FRB 20210422B,CHIME,143.509013138486,42.82586437074232,,0.6859210257898647,
FRB 20210422A,CHIME,322.3708163883516,74.45413466139678,,0.5677069162441208,
FRB 20210423H,CHIME,120.10171999956056,19.16098395746791,,0.4018663653790095,
FRB 20210423G,CHIME,149.65053163442946,68.77807919965113,,2.000357572925137,
FRB 20210423F,CHIME,166.31391956967678,74.22934326716103,,1.4414094760485796,
FRB 20210423D,CHIME,204.45971247630516,15.73812554880265,,0.3759123942247317,
FRB 20210423C,CHIME,251.76301768105083,74.13754467225755,,0.9753659834485524,
FRB 20210423B,CHIME,262.2262230236195,65.3052143929406,,0.4652523755590399,
FRB 20210423A,CHIME,35.844329196093234,12.187464047295862,,1.7342803849966313,
FRB 20210424A,CHIME,359.84336520229255,82.29344587280598,,0.5932937062522282,
FRB 20210424B,CHIME,4.945918342812306,32.69321086721861,,0.5281044012253694,
FRB 20210425A,CHIME,57.722087745616,64.95744132509563,,0.8780020224812481,
FRB 20210426B,CHIME,127.06674556908274,72.49421438092456,,1.4025858366302923,
FRB 20210426A,CHIME,234.4423571592093,87.71754113023724,,2.9570284047060453,
FRB 20210427B,CHIME,185.7642766539996,63.93199541685571,,0.8932808098127449,
FRB 20210427A,CHIME,307.5326435940515,79.13869849148742,,34.723263412316484,
FRB 20210427C,CHIME,224.6614965302288,85.5021044684542,,0.8065398611726404,
FRB 20210428A,CHIME,111.82808628356628,76.32225388029379,,1.1153238587164989,
FRB 20210428B,CHIME,321.2739362811441,75.89337324033795,,0.359342828609731,
FRB 20210429C,CHIME,144.4047910367928,6.562191105296428,,2.727411222621731,
FRB 20210429B,CHIME,355.6201851038604,78.80024394000581,,3.743280615481686,
FRB 20210429A,CHIME,204.0586091896339,81.73730408726826,,0.4380015609715167,
FRB 20210430I,CHIME,137.68195446108214,15.719007681387025,,0.3753327247809696,
FRB 20210430J,CHIME,144.98178400939588,40.8492809006306,,0.3944520504769681,
FRB 20210430G,CHIME,149.052022513418,68.78190564145049,,1.049331251672748,
FRB 20210430F,CHIME,152.12781750769162,65.11629616914195,,0.4967729877250472,
FRB 20210430E,CHIME,226.516974359374,47.07113585683604,,0.5316624951589785,
FRB 20210430D,CHIME,227.91902938570445,15.088997426422274,,0.7719647668070857,
FRB 20210430C,CHIME,266.4495926306174,52.03775345620545,,0.5065821930575346,
FRB 20210430A,CHIME,89.0031095812459,41.54057369950846,,0.6203656475104692,
FRB 20210501D,CHIME,220.82834924696328,87.24444364373574,,0.3734281146124355,
FRB 20210501B,CHIME,18.294136424593475,65.71565197703642,,1.0326304312427033,
FRB 20210501A,CHIME,44.94065007342981,78.18371466674907,,4.244630949635641,
FRB 20210502B,CHIME,121.06916269753197,58.33418947747796,,0.5645910657383777,
FRB 20210502A,CHIME,303.6474453836601,57.01732621335445,,0.5296159565572444,
FRB 20210504F,CHIME,115.7928614662016,78.96738318811015,,0.6790981592434177,
FRB 20210504E,CHIME,180.64583489408284,59.57203831513422,,1.4937159949659486,
FRB 20210504D,CHIME,201.68837356893877,56.8111236955772,,2.8810490799219965,
FRB 20210504C,CHIME,238.09477021124516,78.50533528159428,,0.539169538513285,
FRB 20210504B,CHIME,352.2796287977577,53.953320197791584,,0.8353022561531397,
FRB 20210505F,CHIME,148.2885884119759,79.45730568882593,,0.5854048139269183,
FRB 20210505E,CHIME,147.6444171020483,59.54835146990338,,0.659705766011339,
FRB 20210505D,CHIME,158.6044134976953,12.406961503965384,,0.4239476910870187,
FRB 20210505C,CHIME,194.08617914792387,71.60368604120222,,0.6540660128801703,
FRB 20210505B,CHIME,75.50911580764426,36.69035160527923,,5.446926503231915,
FRB 20210505A,CHIME,79.62951936283909,59.03713046243283,,1.048962992657835,
FRB 20210506D,CHIME,271.00741738011084,44.66251052213624,,1.3410704030385117,
FRB 20210506C,CHIME,152.8453599783007,86.56593334320371,,0.8050028784086268,
FRB 20210506E,CHIME,347.8647600817814,84.71775241632045,,0.7230887532335042,
FRB 20210506A,CHIME,89.4132741242708,45.04824426393161,,0.4651279914675395,
FRB 20210507C,CHIME,183.9515186836009,27.99899515611434,,2.2860659243183687,
FRB 20210507B,CHIME,322.0775369940149,66.1306591732455,,1.092385586876378,
FRB 20210507A,CHIME,66.35763523418251,37.160749457061954,,0.3773022791053405,
FRB 20210508B,CHIME,344.3191441306483,25.234334046594466,,0.4792506208081595,
FRB 20210508A,CHIME,195.8892697736615,82.68100961057281,,0.9850782589744168,
FRB 20210509A,CHIME,129.13028570460887,19.934957528741503,,0.9296424459022484,
FRB 20210511A,CHIME,133.84254056451448,83.22157515263223,,14.235314333093887,
FRB 20210512B,CHIME,144.98085364133863,79.00086502498905,,1.627936864084761,
FRB 20210512A,CHIME,53.96519318691381,61.35273138090504,,0.4726734614881753,
FRB 20210513B,CHIME,180.5358490753598,9.20799111120099,,1.3436177042982842,
FRB 20210513C,CHIME,192.60086316370212,-3.5573260930866684,,1.0063367309755362,
FRB 20210513A,CHIME,10.606780331986869,87.14514100264749,,0.7155688875670478,
FRB 20210514C,CHIME,207.95953677208087,48.25575338527857,,0.3310409266668188,
FRB 20210514B,CHIME,352.8275671601889,34.69963138699961,,0.4229561038331211,
FRB 20210514A,CHIME,33.880636849316645,8.705883226575901,,1.23391073208699,
FRB 20210518D,CHIME,184.56032042597667,72.96492776056769,,0.5563353706143898,
FRB 20210518B,CHIME,203.53347603285076,49.04243405244593,,0.8384725223973819,
FRB 20210518A,CHIME,77.11976265790369,26.190320851770675,,0.3618213306875377,
FRB 20210520A,CHIME,24.801393882773297,89.49145909380286,,0.6548934415572186,
FRB 20210521F,CHIME,289.94188768325205,84.85902485822812,,0.7617329984994032,
FRB 20210521E,CHIME,296.66889579810413,11.74479102342723,,0.6206892998919796,
FRB 20210521C,CHIME,29.64107882324967,65.72257963137943,,0.4838712216984244,
FRB 20210521B,CHIME,59.32406046062245,58.99515375149214,,1.1844474100860665,
FRB 20210521G,CHIME,66.56350227798129,71.52366961677261,,0.4407266716172311,
FRB 20210522B,CHIME,77.1020475851177,26.186936558483357,,0.3402083693768213,
FRB 20210522A,CHIME,113.07353658628784,31.22089892171017,,1.0381367155500971,
FRB 20210523F,CHIME,164.0283959264374,19.39308604273937,,0.580030045795472,
FRB 20210523D,CHIME,174.96637175242415,43.84368548985371,,1.0558848837576158,
FRB 20210523B,CHIME,254.9890463119784,83.97194653281215,,1.071025670846219,
FRB 20210523A,CHIME,29.35942767688034,65.72144850097094,,0.6299603225324653,
FRB 20210524B,CHIME,221.1131165618786,88.24039074576217,,2.26394881665216,
FRB 20210524A,CHIME,292.14052000417365,21.000524799053355,,1.2742155099303003,
FRB 20210524D,CHIME,332.18785159787024,42.21502871140476,,0.401454017681913,
FRB 20210525B,CHIME,134.91477332168657,18.457250607455745,,1.746417841231449,
FRB 20210526B,CHIME,203.29732886447823,49.03897966404533,,0.6315898842178298,
FRB 20210526D,CHIME,75.40651523163291,25.999514512762303,,3.5058190878728617,
FRB 20210526A,CHIME,91.26720561798228,57.73446889111537,,1.920670540871883,
FRB 20210526C,CHIME,105.92769918496958,21.088167226496523,,0.7888259562394085,
FRB 20210527E,CHIME,133.9544107102469,30.45042448289765,,0.4165569867990072,
FRB 20210527B,CHIME,359.81159529845434,29.426757510419343,,0.7424091950644106,
FRB 20210527A,CHIME,25.934954111718632,53.23935268065984,,0.6333160709455052,
FRB 20210527D,CHIME,75.98857531948886,26.186057579957087,,0.3941018956743684,
FRB 20210528B,CHIME,184.53955709363996,10.444980195546796,,0.8709785097879705,
FRB 20210528A,CHIME,43.22584602671023,12.686762287062146,,0.4765965103450268,
FRB 20210529B,CHIME,144.32203310323703,5.775388870359429,,3.573156070663454,
FRB 20210529A,CHIME,247.93834738558903,4.437605667450356,,3.392178628986988,
FRB 20210530D,CHIME,216.2503471868096,51.86072713478973,,0.5584182058094873,
FRB 20210530E,CHIME,226.8761967629773,66.70786112045323,,0.3923712787479657,
FRB 20210530C,CHIME,233.66067385584,44.50650653091096,,1.2996863918505872,
FRB 20210530B,CHIME,273.9358312790158,27.039258727181025,,1.2389273132797842,
FRB 20210531B,CHIME,167.0176139626389,56.03900186252517,,2.878429185068286,
FRB 20210531C,CHIME,202.6511688232445,-3.5545204483427515,,1.3818034330447002,
FRB 20210531A,CHIME,223.6334050492277,31.431227681931414,,0.8111083225215634,
FRB 20210531E,CHIME,65.04246736265742,49.26866099652335,,1.7861674160308167,
FRB 20210601C,CHIME,193.35481881618884,65.85543138006031,,1.0337760555701114,
FRB 20210601D,CHIME,196.8123156507324,65.92997352224862,,0.5676507111796261,
FRB 20210601F,CHIME,197.9524380399614,65.93855301652212,,0.7313143972498034,
FRB 20210601G,CHIME,193.59590637431853,65.85481477089877,,0.7278459539390051,
FRB 20210601H,CHIME,198.0343082566848,65.93678220283607,,1.0859784125791143,
FRB 20210601I,CHIME,197.6291181307797,65.86719760552158,,0.90454650916509,
FRB 20210601J,CHIME,197.53248675305565,65.9628278282688,,0.3849084124311828,
FRB 20210603D,CHIME,354.8736778812274,62.48234961471472,,1.8333794781579116,
FRB 20210603A,CHIME,10.334063196147374,21.210757671308293,,13.636654674259292,
FRB 20210603C,CHIME,15.673866876927548,11.854908630897771,,1.3306943231621189,
FRB 20210603E,CHIME,76.3299010253059,63.38183534774892,,0.3557493227217338,
FRB 20210603B,CHIME,122.84606773689951,21.98569708411657,,0.3438045024729491,
FRB 20210604A,CHIME,357.0687152811355,14.562684953440794,,2.528020669538368,
FRB 20210605B,CHIME,344.13853895742125,35.90742205717408,,0.44831731553115,
FRB 20210605C,CHIME,19.75260532417385,82.59607217394046,,0.7855158745471181,
FRB 20210606E,CHIME,153.76958572204245,37.70789210721847,,0.5312245574800866,
FRB 20210606D,CHIME,205.512590636338,48.24768249234586,,0.4850007096248523,
FRB 20210606C,CHIME,238.69375195421333,55.59637895685617,,1.2840705446917866,
FRB 20210606B,CHIME,241.15081265602052,36.21566281155848,,0.3252210974036737,
FRB 20210606A,CHIME,276.02624623840194,45.03697949648025,,0.5197749266774163,
FRB 20210607B,CHIME,232.20590165067432,80.3312121825174,,3.2211612492083312,
FRB 20210607C,CHIME,247.588062161762,52.469503013898354,,0.4072629627011476,
FRB 20210607A,CHIME,111.03708344746192,55.51253147519513,,1.4792694283876466,
FRB 20210608B,CHIME,190.062158748727,65.140624388937,,0.8985176771190326,
FRB 20210609D,CHIME,237.30865377985563,37.57247633818278,,1.1968505577307222,
FRB 20210609E,CHIME,245.70055661999885,60.283748389892736,,0.6229126400278672,
FRB 20210609B,CHIME,332.1286211914097,19.63587732238054,,0.6735825484078433,
FRB 20210609A,CHIME,137.254584558353,11.145305218407197,,0.8413259981208284,
FRB 20210610D,CHIME,153.24070360522384,66.33837128169333,,1.4370744159520592,
FRB 20210610C,CHIME,186.59518861429467,22.63887221730156,,1.4892967061154485,
FRB 20210610B,CHIME,141.47640766639307,83.24689281452933,,1.1171354872100865,
FRB 20210610A,CHIME,277.12865998115046,81.3947246304117,,0.7077292685613499,
FRB 20210612B,CHIME,283.5244757810231,46.962615706492734,,0.4203695926083107,
FRB 20210612A,CHIME,307.8438681424585,57.80160747143337,,0.872893019164949,
FRB 20210612C,CHIME,9.07924927714783,44.16080286062352,,0.5329239117077559,
FRB 20210613A,CHIME,336.96845426857203,51.66215690201925,,0.9532015099247716,
FRB 20210614D,CHIME,190.357578671352,65.12950168301185,,0.4037194795019709,
FRB 20210614C,CHIME,242.6595241942204,50.07632684177261,,0.9569705035641376,
FRB 20210614B,CHIME,42.88555200833474,51.17249950984848,,1.2751325940452891,
FRB 20210614A,CHIME,130.19220545857624,20.69390052541933,,1.242342015123152,
FRB 20210615A,CHIME,48.29658169859948,74.46489255166532,,0.6108674494710378,
FRB 20210616D,CHIME,222.9665296896404,46.30016936564817,,0.4037145264798001,
FRB 20210616B,CHIME,267.3051684964779,13.744211916187636,,0.5315590987548212,
FRB 20210616A,CHIME,289.2322924326594,77.54356283145378,,0.9715289615637828,
FRB 20210618A,CHIME,219.45238981873612,37.52881540777321,,0.5506925251873718,
FRB 20210618B,CHIME,254.36772634456213,40.38990208652344,,0.380321359056735,
FRB 20210619D,CHIME,193.6158437754642,59.56702752144988,,0.8235278052988692,
FRB 20210619C,CHIME,210.16577711494008,63.98472223593051,,6.398717214676434,
FRB 20210619B,CHIME,22.68893891603018,49.21297697154479,,0.4420958362951852,
FRB 20210619A,CHIME,82.532434200401,52.01583832131422,,2.4426555496400937,
FRB 20210620C,CHIME,257.2361180004596,75.25711167309396,,0.7785914592454052,
FRB 20210620B,CHIME,96.44950907170976,84.30175094980879,,2.2859961940738627,
FRB 20210620A,CHIME,323.4833049378577,76.17624031594573,,0.7258345012616839,
FRB 20210621A,CHIME,77.33293112182288,30.34691353397393,,0.5539670152026928,
FRB 20210622B,CHIME,289.87682939267506,42.43712502120901,,0.8220983858240043,
FRB 20210622A,CHIME,319.95791020871445,11.250838805961518,,1.987323583703675,
FRB 20210623A,CHIME,342.92078910678106,50.36755032753307,,0.9766635213741254,
FRB 20210624B,CHIME,190.42517556119637,65.14021498044106,,0.8345949697581899,
FRB 20210624A,CHIME,17.184298431930102,18.412590234995413,,0.5957003756060281,
FRB 20210625A,CHIME,29.637978565541715,65.72245662337107,,0.544741765325477,
FRB 20210626A,CHIME,33.96036568127421,65.7261563551026,,0.491388072057818,
FRB 20210627B,CHIME,197.9381992717096,87.18294439717754,,8.047839054784113,
FRB 20210627A,CHIME,5.19631479711744,0.3158987308142086,,30.416225778409043,
FRB 20210706C,CHIME,190.49357017059896,41.66107281764701,,0.4925948189418748,
FRB 20210706A,CHIME,332.8892574540761,69.80677439104765,,1.6677095952366554,
FRB 20210706D,CHIME,336.70176725846227,68.14983209839647,,0.5470557399104319,
FRB 20210708C,CHIME,228.51469884148173,86.85035912273862,,1.20594945294664,
FRB 20210708B,CHIME,189.7444620227614,10.412178322985104,,4.393560134259705,
FRB 20210708A,CHIME,201.92780110156107,47.87108374142798,,0.6096333349722184,
FRB 20210709D,CHIME,215.50044818775515,16.041808759293808,,0.9295019845317428,
FRB 20210709C,CHIME,220.7736959268711,45.52952963667568,,0.9194807007225544,
FRB 20210709B,CHIME,162.0904721701609,89.42579918388293,,0.5526764745603174,
FRB 20210709A,CHIME,134.4143222491783,39.26719900127253,,1.4220787547435505,
FRB 20210710A,CHIME,18.089643403692893,3.413877769684211,,0.7086060769970157,
FRB 20210711A,CHIME,25.358389565054797,65.71864238212528,,0.4351815646345432,
FRB 20210711B,CHIME,26.87572152611541,65.71573152407689,,0.6107525238146179,
FRB 20210712D,CHIME,315.57639376822215,27.384370562787637,,0.5766830623669268,
FRB 20210712C,CHIME,308.0616179367425,88.14940874628564,,3.4820573959214727,
FRB 20210712A,CHIME,25.41672154074408,65.71892419279652,,3.505410992438023,
FRB 20210713B,CHIME,345.29644485751567,12.652822732115748,,0.6823261656786164,
FRB 20210713C,CHIME,25.027150471314712,65.71772067928518,,0.3822394748149959,
FRB 20210713A,CHIME,103.85469555914888,33.64470984828817,,2.1278945031252205,
FRB 20210714A,CHIME,66.14014617558108,57.82713063616221,,2.1331672435121654,
FRB 20210717B,CHIME,31.79448494921253,16.15524803176997,,0.7561744656024036,
FRB 20210717A,CHIME,143.87735425230667,9.704951875508876,,0.7708155094860387,
FRB 20210719A,CHIME,245.0606567137677,54.0169268390587,,0.7798346954650205,
FRB 20210719B,CHIME,76.95167926895506,32.78302508561699,,0.6343570529786717,
FRB 20210720B,CHIME,213.07976665602476,22.45434907537362,,1.015998904019166,
FRB 20210720A,CHIME,168.52806387785273,85.00393665882928,,0.7270293560903158,
FRB 20210720H,CHIME,25.700372260064817,13.151616853344027,,0.4097264390198122,
FRB 20210720E,CHIME,53.27324100865418,49.4147709829848,,0.6055138641765075,
FRB 20210720D,CHIME,119.37951113635737,-8.351209291518625,,1.1413794484002493,
FRB 20210720C,CHIME,177.59008125798982,33.73534212191217,,0.6436287706870524,
FRB 20210721B,CHIME,23.277808438935885,76.41411043422588,,0.8983621563300683,
FRB 20210721A,CHIME,151.44513741319344,83.58211895127812,,0.9915380612975866,
FRB 20210722D,CHIME,233.10657343193148,19.348943978627062,,2.893765005402203,
FRB 20210722B,CHIME,10.841418406152552,28.188178382333803,,0.5344012083818648,
FRB 20210724A,CHIME,199.154893127323,-0.4293076304522311,,6.004072454614784,
FRB 20210725A,CHIME,33.585209188574986,64.3036259017907,,0.3735007726957614,
FRB 20210726A,CHIME,82.16263564595017,53.56216417784454,,1.3867967134606445,
FRB 20210729C,CHIME,270.5318312774041,89.6214391936071,,0.8296231234753756,
FRB 20210729A,CHIME,61.48414222769992,26.99129556571583,,0.5138661646888272,
FRB 20210803C,CHIME,48.29736932123055,88.33899288449405,,2.0892776081409314,
FRB 20210803B,CHIME,48.05642692322471,78.27234112273709,,2.385163834385856,
FRB 20210803A,CHIME,125.66175556809702,54.82959954820223,,2.850031405571733,
FRB 20210805B,CHIME,255.70802738334865,36.44701182250532,,0.6079981043985971,
FRB 20210805A,CHIME,287.0017454185064,81.59598303298642,,0.5980834159159161,
FRB 20210807B,CHIME,251.0217136101628,73.72792980729318,,1.4563638034871138,
FRB 20210807A,CHIME,337.62399113371447,1.6782658687054406,,1.379110851748677,
FRB 20210807C,CHIME,155.12306476973117,44.38686869520135,,1.0415741728060235,
FRB 20210808B,CHIME,222.90489779910945,76.9271915975376,,1.3977378640076965,
FRB 20210808E,CHIME,329.9820156963923,19.917329732605246,,3.933179875001387,
FRB 20210808A,CHIME,158.29254775336318,20.281361951780124,,1.0059325060483932,
FRB 20210809A,CHIME,245.68535263987255,31.63014228223463,,4.256688412400865,
FRB 20210810D,CHIME,299.20884242951524,74.91888932508911,,0.4782515917256646,
FRB 20210810C,CHIME,143.56522958815725,81.66960054131374,,1.1291612788307388,
FRB 20210810B,CHIME,327.0195095945912,59.33649037700343,,0.7337716308832737,
FRB 20210810A,CHIME,45.03239418395526,73.60595583763217,,0.8052522427112675,
FRB 20210811B,CHIME,294.1199415843307,53.91680621998714,,0.597232758116639,
FRB 20210811A,CHIME,211.7331628006932,88.39709789767409,,1.6142348412841454,
FRB 20210811C,CHIME,45.89029620385071,20.08757843543968,,0.4378191795231251,
FRB 20210813B,CHIME,48.42965602350408,33.13304704311734,,0.7158762534716822,
FRB 20210813A,CHIME,72.03014129684894,39.90280165330908,,2.442640174331334,
FRB 20210814C,CHIME,25.68030029845296,65.72017966413523,,0.6945555789133909,
FRB 20210814A,CHIME,56.34677655227882,58.5974012381637,,0.5294268259845335,
FRB 20210815B,CHIME,295.02925237557463,53.91595733055046,,0.3687346968490655,
FRB 20210815A,CHIME,35.924350978356514,23.020275297417047,,0.6809015718532851,
FRB 20210816D,CHIME,337.55620053568464,9.20766792936152,,0.8073724843862798,
FRB 20210816A,CHIME,72.4055831062183,34.78858812830444,,0.8080775653773754,
FRB 20210817B,CHIME,313.97842255278493,50.78689135955759,,1.4994025164427824,
FRB 20210817A,CHIME,19.526291096764997,88.40956715115306,,6.078314598544278,
FRB 20210819A,CHIME,176.0645984950295,30.00466400661488,,16.49908345589799,
FRB 20210820A,CHIME,187.6445924099464,76.39406222296925,,1.11344093216663,
FRB 20210821A,CHIME,337.3796013579749,25.85332556503971,,0.4053319012604808,
FRB 20210822E,CHIME,218.72099008611792,25.27777488811025,,0.605703600511111,
FRB 20210822C,CHIME,336.6371917029178,50.776991098513086,,8.133048986214193,
FRB 20210822B,CHIME,143.41860557063484,60.4622041951468,,1.1571777944915271,
FRB 20210822D,CHIME,188.1186756216862,38.12488367831855,,0.3553951548508006,
FRB 20210823D,CHIME,223.63685261277527,78.54745773239684,,1.0271608450027363,
FRB 20210823B,CHIME,177.10663619768283,56.45557773095894,,1.9245149866867317,
FRB 20210823A,CHIME,199.2401812036132,81.28123091042023,,1.6477336316787508,
FRB 20210824A,CHIME,222.482239040571,62.30698874625624,,0.8651269999738556,
FRB 20210825B,CHIME,321.5361247154043,6.647529776071796,,1.441087947319451,
FRB 20210826B,CHIME,241.93140791489665,27.11410596904119,,0.6912456446478801,
FRB 20210826A,CHIME,198.6895875456746,81.28218699686944,,0.5607748530220816,
FRB 20210827B,CHIME,245.8599363194339,17.964900437188703,,1.2487270550665288,
FRB 20210827E,CHIME,282.91830941619776,73.66514311624971,,0.541139203342374,
FRB 20210827D,CHIME,347.1952407117119,38.28401320211303,,0.4538089290542218,
FRB 20210827C,CHIME,96.8175165092303,56.7165403557277,,0.5091935475668374,
FRB 20210827A,CHIME,140.11568684966014,43.19883211630823,,0.9190541575479668,
FRB 20210828B,CHIME,265.0462616496054,-0.5413298748305353,,3.4665983615428155,
FRB 20210828A,CHIME,132.9741244951639,57.19112111562514,,5.490391813712333,
FRB 20210829B,CHIME,19.755922061060367,12.659999112090434,,0.5119066675140768,
FRB 20210829E,CHIME,25.676853992498863,65.71749782600062,,0.4108222142538749,
FRB 20210829A,CHIME,117.23888723827994,54.12905786688506,,0.5063812867249622,
FRB 20210829C,CHIME,186.3569974202942,60.3573914287037,,0.3257128319680157,
FRB 20210830G,CHIME,287.5786671546273,35.32008042440525,,2.8801843734280235,
FRB 20210830H,CHIME,38.228676919771374,89.72735564597332,,1.658191054890867,
FRB 20210830F,CHIME,90.40851251923829,24.090873092024403,,0.8891713288259301,
FRB 20210830D,CHIME,103.71242036265504,57.520157906423584,,0.8539563872401467,
FRB 20210830C,CHIME,186.0676504361104,42.05455622918738,,0.9041647424556154,
FRB 20210830B,CHIME,189.81212555795776,25.48711169415588,,0.3553865295434541,
FRB 20210830A,CHIME,201.48506105953123,56.81464245077688,,0.6016457692840183,
FRB 20210831A,CHIME,2.14579750148421,33.89432829786742,,1.1503094726557428,
FRB 20210901D,CHIME,233.4765987533241,12.176972357274677,,0.5395513692424511,
FRB 20210901C,CHIME,334.3721233887986,71.97611220225198,,0.5426896150754802,
FRB 20210901B,CHIME,69.03643229489296,29.08409478974331,,0.3655081763725868,
FRB 20210901A,CHIME,122.01172061246618,34.96286583414005,,1.0234741837517365,
FRB 20210902A,CHIME,268.91031984051267,49.09786892991756,,0.9056137805230025,
FRB 20210903B,CHIME,32.048702174050966,70.83885343847284,,0.6472342070314656,
FRB 20210903A,CHIME,35.66965585026645,40.650361940932,,0.7820333173861966,
FRB 20210905A,CHIME,289.80450641831885,88.32559909989268,,1.6466668907822972,
FRB 20210906B,CHIME,252.58313836179576,36.26069578969808,,1.1447887347782837,
FRB 20210906A,CHIME,293.6278660738619,21.44221777960793,,0.968025100368278,
FRB 20210907A,CHIME,122.61835493641368,54.79579913147967,,0.4142144276336438,
FRB 20210908C,CHIME,0.6079894813119071,64.0951414076492,,1.0227326079630124,
FRB 20210908B,CHIME,23.117316700342244,52.71741209839561,,6.744063611579851,
FRB 20210908A,CHIME,130.83431930619133,49.5072248912121,,1.3054566015081304,
FRB 20210909B,CHIME,336.44304708535526,-6.50718809010832,,64.43966454615834,
FRB 20210909A,CHIME,173.5327949985758,21.604308745744326,,0.5511922932152498,
FRB 20210910C,CHIME,235.915666292452,10.077195428144249,,1.8081080253436592,
FRB 20210910B,CHIME,137.40557544408426,61.90994854055485,,1.5367703224158822,
FRB 20210910A,CHIME,201.94778237684343,52.53397534093311,,0.4389433649586471,
FRB 20210911C,CHIME,264.0999162319326,21.504766964380472,,1.4616691024174495,
FRB 20210911B,CHIME,94.42701343815604,50.10036700140209,,0.5070376751861138,
FRB 20210911A,CHIME,152.69462815843684,24.63058138338061,,0.5279814757839663,
FRB 20210912B,CHIME,232.0297460716364,7.976748739840305,,3.8634772630399135,
FRB 20210913B,CHIME,246.75701714940269,77.62352766550562,,0.9116210806455942,
FRB 20210913A,CHIME,85.12514047051843,55.915122430843695,,0.5149623129675223,
FRB 20210914C,CHIME,287.55166111502217,25.754632365179774,,1.586108078182055,
FRB 20210914B,CHIME,311.12228512385946,16.46836358034027,,0.9108103944162864,
FRB 20210914A,CHIME,83.38607722109008,45.04980403907395,,0.963821394447476,
FRB 20210915A,CHIME,2.185791285402267,77.90114946680364,,0.5479274664367311,
FRB 20210916B,CHIME,270.8731657115163,28.30494590576684,,0.7563893669642324,
FRB 20210916A,CHIME,83.00821746989017,24.497520346099883,,1.0947618759842088,
FRB 20210917A,CHIME,184.02625648384424,20.28693966801587,,0.5702412795091445,
FRB 20210919A,CHIME,249.71709894869264,57.1277502491232,,0.4900355566933938,
FRB 20210919B,CHIME,77.02043557255857,26.19059938230009,,0.3684367465204394,
FRB 20210920C,CHIME,331.6844949845171,17.364869820768185,,1.063843839547748,
FRB 20210920D,CHIME,50.66935939846459,32.322033749696814,,0.482348609264647,
FRB 20210920B,CHIME,270.0944669452257,82.00010258451692,,1.3326947630037729,
FRB 20210920A,CHIME,135.77608383538123,17.53922013789101,,0.8540274626280364,
FRB 20210921A,CHIME,77.04953904953624,26.192017324653182,,0.3346598728153062,
FRB 20210921B,CHIME,27.091891352181605,74.24147786119767,,0.7510440221376432,
FRB 20210922D,CHIME,33.64504261979414,89.51776634868497,,1.6764262188088594,
FRB 20210922C,CHIME,45.15536510200431,22.25123038032194,,11.588881183236772,
FRB 20210922E,CHIME,52.49357244711915,22.292224590968047,,6.592342492753971,
FRB 20210922A,CHIME,171.8277723161912,47.88001217110089,,0.3731607337674101,
FRB 20210923B,CHIME,34.08155973569212,41.02104442906688,,1.4004819859680322,
FRB 20210923A,CHIME,106.66493752321578,61.85615549890832,,4.848537574680157,
FRB 20210924C,CHIME,308.7607075816561,56.238817266175815,,0.3288310309199737,
FRB 20210924A,CHIME,181.8597659761168,48.987021273836646,,2.9545719670412844,
FRB 20210925C,CHIME,311.2047228873445,29.055126342160086,,0.3803979687667753,
FRB 20210925B,CHIME,47.02014714619226,33.93796596687005,,0.6424809780630769,
FRB 20210925A,CHIME,79.20082524954418,55.69978547490784,,8.670468453101906,
FRB 20210926A,CHIME,101.12634032889255,80.64512518917942,,2.004060388928536,
FRB 20210927A,CHIME,290.9223225660352,68.6305060388298,,0.6754223986183518,
FRB 20210927C,CHIME,37.574648009010886,26.544940443417524,,0.6846487322344639,
FRB 20210928B,CHIME,314.4541665233325,24.00575453972444,,0.4026099362704996,
FRB 20210928A,CHIME,40.29405586916344,87.47864033155953,,0.7982164842053968,
FRB 20210929C,CHIME,29.542855573468977,65.72065309411659,,0.6238677744542953,
FRB 20210929B,CHIME,181.3458934332413,16.639346170985398,,5.536120602637413,
FRB 20210929D,CHIME,206.5819383428099,48.2658343477221,,0.3617126301002638,
FRB 20210929A,CHIME,225.57946948562747,45.12681778064219,,0.3391792861296562,
FRB 20210930C,CHIME,289.0035683364373,75.80237007902423,,0.9366383843903064,
FRB 20210930B,CHIME,143.86466887687436,86.05408477981626,,0.8498953723021581,
FRB 20210930A,CHIME,17.103415952811822,18.26222470419216,,0.4843339035773157,
FRB 20210930E,CHIME,24.867805408045207,65.70381663529531,,0.5706903839700895,
FRB 20210930F,CHIME,31.730615235752,44.60687850128405,,14.199800134670406,
FRB 20210930D,CHIME,33.418422803065894,65.72388680102289,,0.3469175217397127,
FRB 20211001B,CHIME,51.3000520869122,55.62714307270363,,11.842259661794992,
FRB 20211001D,CHIME,164.172272361291,-5.4964499796387845,,1.2052118544442538,
FRB 20211001F,CHIME,225.1752118335476,46.29970717944419,,0.4013827072134381,
FRB 20211001C,CHIME,227.58227666039036,86.42135924714319,,0.4473801924059694,
FRB 20211002B,CHIME,307.2990024076612,-0.6006878882910297,,1.5169201300390838,
FRB 20211002A,CHIME,313.817600406526,86.23806144055655,,1.8925643857425123,
FRB 20211003G,CHIME,269.20365260603126,72.8282793938721,,1.6016067748046,
FRB 20211003D,CHIME,118.7826465610205,23.2998025678508,,1.54015415026737,
FRB 20211003C,CHIME,169.557169641464,32.359344550998514,,0.5673634618926542,
FRB 20211003B,CHIME,173.52969490949107,87.87870811022752,,2.056034610668413,
FRB 20211003A,CHIME,241.18190929445984,31.03035285817876,,1.582913378747402,
FRB 20211004E,CHIME,271.04270054566365,59.4498174995367,,4.6999105711762175,
FRB 20211004D,CHIME,311.38926589922227,29.05389171869836,,0.4491445665283988,
FRB 20211004C,CHIME,174.07409908785095,85.32065225986088,,0.8384679187356997,
FRB 20211004A,CHIME,187.29202273680525,20.734621865315013,,0.7390198293797763,
FRB 20211005B,CHIME,207.1487206620525,56.540097872711215,,0.5952026064387109,
FRB 20211005A,CHIME,236.1190837856196,20.80566302855387,,26.425202401496826,
FRB 20211006F,CHIME,256.75849387270864,54.76823521882914,,0.4344315684128169,
FRB 20211006E,CHIME,296.1685621554511,13.204905156659446,,0.7788977255947168,
FRB 20211006C,CHIME,74.41277750215812,-7.034499390930669,,0.564377412291798,
FRB 20211006B,CHIME,133.63461781150812,73.32890466280361,,2.28333148603958,
FRB 20211006A,CHIME,165.06729054815395,41.8399476661111,,10.74999055637286,
FRB 20211008E,CHIME,339.65903445806634,50.74838267469207,,0.7637848373234708,
FRB 20211008D,CHIME,19.90517808079118,40.24583583214755,,0.9879627637488326,
FRB 20211008C,CHIME,35.29759082089693,14.586326679658422,,0.8504061253600435,
FRB 20211008F,CHIME,99.24167958237324,81.17636673256874,,0.5668374065521784,
FRB 20211008B,CHIME,117.8602435195624,15.218309084039207,,0.5235915392290197,
FRB 20211009B,CHIME,283.4749876143826,46.964415794786674,,0.5899627969176703,
FRB 20211009A,CHIME,68.80696907667215,44.44502214165294,,0.8522348807340577,
FRB 20211010C,CHIME,311.1619323871289,29.05203866229189,,0.4076234783248136,
FRB 20211010A,CHIME,165.33570963923194,49.92075506256501,,2.333499327191722,
FRB 20211011B,CHIME,33.24452910355102,2.2770423370958635,,0.6232323417639725,
FRB 20211011C,CHIME,101.79193934287314,52.44834510026815,,0.5476071777669516,
FRB 20211011A,CHIME,201.25224385476707,58.387023057025424,,0.3347163717427827,
FRB 20211012D,CHIME,111.12165270324896,38.04987830350359,,0.6241904601518088,
FRB 20211012C,CHIME,201.35254612422943,69.61786637056196,,0.6466458581017871,
FRB 20211012B,CHIME,210.3294372643556,18.92984955798357,,2.871078819579243,
FRB 20211013C,CHIME,264.1814581104844,82.55408953256739,,2.2923251602344434,
FRB 20211013B,CHIME,346.9986366927118,53.07859559912049,,0.5251232440895872,
FRB 20211013D,CHIME,54.43026491013603,33.54225027621147,,0.6766982615857691,
FRB 20211013A,CHIME,66.14937788073168,41.0943734315406,,0.6361468521695686,
FRB 20211014C,CHIME,7.53788560568945,2.831440281574354,,0.7000141558104445,
FRB 20211014B,CHIME,207.92079832686105,48.26620876860061,,0.7558341112101341,
FRB 20211014A,CHIME,228.36936396951432,46.26784674629394,,0.5512769425634777,
FRB 20211015D,CHIME,309.1250575816298,56.22539838533975,,0.4403901184003386,
FRB 20211015C,CHIME,25.59843928816354,66.12227994578558,,0.974279583125656,
FRB 20211015B,CHIME,239.48031122275103,73.37205460555674,,1.2778591372689885,
FRB 20211015A,CHIME,139.3661777805164,40.05969649901486,,0.3438355099349125,
FRB 20211020A,CHIME,145.4901670034277,-4.585874799389315,,1.91741903052056,
FRB 20211021C,CHIME,333.4134553392105,71.45504399279768,,0.4057798075020586,
FRB 20211021B,CHIME,62.96340400668469,70.69231699242411,,0.4276696158100082,
FRB 20211021A,CHIME,101.6802537721779,74.97548967857321,,0.6382625979997328,
FRB 20211022C,CHIME,357.4774788178012,22.24309489383851,,1.8227282993966287,
FRB 20211022B,CHIME,181.29619670664397,62.33727074942865,,0.5931610075023559,
FRB 20211022A,CHIME,236.8233249878682,68.74351216730696,,0.8993579868594425,
FRB 20211023A,CHIME,328.6950744422149,74.4447086104611,,0.5795596298218842,
FRB 20211024A,CHIME,160.21730094932224,9.936471900056503,,1.977136390183388,
FRB 20211025B,CHIME,68.59163354121776,76.2268843162453,,0.5224338797440831,
FRB 20211025A,CHIME,142.82623597526282,83.3052404489928,,1.5196769737801057,
FRB 20211026A,CHIME,308.01621787069945,73.61350023275692,,0.8701748948701281,
FRB 20211027A,CHIME,322.0805119381393,66.97178843751632,,0.5044973293025714,
FRB 20211028A,CHIME,12.332999861443655,43.652753973294665,,0.6710470092831586,
FRB 20211029A,CHIME,80.21003082549075,89.02170942904212,,1.4795793761426692,
FRB 20211030B,CHIME,132.57714518718245,47.848052932695865,,0.4165543379954419,
FRB 20211030A,CHIME,187.37461797881497,88.23132847404328,,1.1770721662581691,
FRB 20211031B,CHIME,54.42481621681481,12.222200273373408,,0.4155913827981167,
FRB 20211101D,CHIME,29.219500009163777,65.7169534305136,,0.4675609694452,
FRB 20211101C,CHIME,29.47606242189977,65.58978752605577,,5.451724287406206,
FRB 20211101B,CHIME,32.9626827979845,65.7240827637363,,1.6546598894613,
FRB 20211101A,CHIME,230.19197747385755,75.49675793656141,,0.4413204167344134,
FRB 20211102D,CHIME,302.5022247627191,67.79790101872707,,7.276879482864872,
FRB 20211102C,CHIME,308.5830603429571,84.16390496397656,,10.446952479053865,
FRB 20211102B,CHIME,127.94390155365215,51.65171167721503,,1.0050764103178456,
FRB 20211102E,CHIME,356.9258168189792,84.9397073605293,,0.7375214180393974,
FRB 20211102A,CHIME,179.32038810783527,53.6989378168372,,1.1238352386368626,
FRB 20211103E,CHIME,300.838269295215,-8.479554459189847,,1.638014162173267,
FRB 20211103C,CHIME,305.64975652948124,7.71299079771164,,0.8762388354051008,
FRB 20211103D,CHIME,327.6474183593931,63.712603601802094,,0.3851231157931397,
FRB 20211103B,CHIME,24.68279693506034,65.70408431243514,,1.1143378930047445,
FRB 20211103A,CHIME,153.3215601790195,46.292773961187045,,0.5769790515007961,
FRB 20211104E,CHIME,337.97432945263176,33.09512039939902,,0.6523325732832294,
FRB 20211104D,CHIME,7.87243610115811,-7.795669911649988,,12.562174618207726,
FRB 20211104C,CHIME,92.90406896504156,52.819785301893134,,0.4877563660196014,
FRB 20211104A,CHIME,243.65902596204128,53.43184494788121,,0.6292978092901547,
FRB 20211105F,CHIME,311.2207307483415,29.054086408547818,,0.4595762270957429,
FRB 20211105D,CHIME,149.3032288415366,44.76881341833524,,0.4207071013614462,
FRB 20211105C,CHIME,138.05825535326352,87.35809066927226,,2.854831740701674,
FRB 20211105B,CHIME,155.56631884217796,65.55110685248809,,1.4388710660939288,
FRB 20211105A,CHIME,153.94375884370444,23.97068072162935,,14.479772344599448,
FRB 20211106B,CHIME,35.36129898274731,87.17090665858424,,1.038309176872172,
FRB 20211106A,CHIME,328.1828488469895,80.97330559597809,,1.3556890533022308,
FRB 20211107C,CHIME,122.24349409599888,46.68204844634657,,7.122338123754749,
FRB 20211107D,CHIME,207.99120314397908,48.116051962126086,,0.7611270151830292,
FRB 20211107B,CHIME,208.40329301633196,11.923722362361538,,1.8287156501155173,
FRB 20211107A,CHIME,264.77039943914787,50.81751245774939,,2.3933200649402706,
FRB 20211108B,CHIME,288.9656928100778,36.38004703088097,,0.6267075963227811,
FRB 20211108A,CHIME,338.84538549794337,29.02275834411205,,1.165666817762122,
FRB 20211109A,CHIME,157.5382451276837,37.32529769204365,,0.4552688389568964,
FRB 20211111C,CHIME,345.1279451956094,46.09697238775354,,0.4544830927408076,
FRB 20211111B,CHIME,98.17348014523613,42.279616016391785,,2.072485754488223,
FRB 20211111A,CHIME,190.55046351759808,65.1440507829035,,0.5609914999333615,
FRB 20211112D,CHIME,30.918205012616045,85.25297913591734,,1.1467379316616082,
FRB 20211112C,CHIME,34.05107884690778,9.555405447016517,,1.619674395336868,
FRB 20211112E,CHIME,81.92292640078811,70.31231859411963,,0.3367435303768031,
FRB 20211112B,CHIME,222.08946328331285,6.294230367691941,,0.7121594565260129,
FRB 20211112A,CHIME,248.5657441643147,37.25126416614173,,1.0053963181055952,
FRB 20211113B,CHIME,139.1458938492633,11.37399629468394,,8.257802338620408,
FRB 20211113A,CHIME,248.7959957162538,66.2610801124341,,1.7705235484397974,
FRB 20211114A,CHIME,331.71992910932124,17.358957737891235,,3.98676672130502,
FRB 20211115A,CHIME,124.5992096192474,1.2858643775386194,,1.1896816484431172,
FRB 20211115C,CHIME,197.27835493536872,66.7589758099811,,0.5245645365184519,
FRB 20211116C,CHIME,330.12221057862985,22.25296727539667,,0.719783428308167,
FRB 20211116B,CHIME,317.41730925806536,89.00224676011855,,2.6958669262278314,
FRB 20211116A,CHIME,50.76923672340028,26.135971044586583,,0.4871599101580892,
FRB 20211117F,CHIME,303.3914404801,61.74913296343588,,0.6195461913581684,
FRB 20211117E,CHIME,15.3229319595886,18.71227796544714,,0.4899027299700147,
FRB 20211117C,CHIME,17.97792985589121,33.747904889188014,,1.1118290620672135,
FRB 20211117B,CHIME,138.39840176543635,46.6951278267602,,0.650764545252482,
FRB 20211117D,CHIME,359.3305213150839,85.5843831775542,,0.8870086117154518,
FRB 20211118B,CHIME,33.53732951074914,65.72599488985438,,0.3500194446963629,
FRB 20211118A,CHIME,57.57406944810551,12.225790922845864,,3.099654921536008,
FRB 20211119D,CHIME,329.9745026950178,17.364356550232078,,0.3763435553347144,
FRB 20211119B,CHIME,70.30068255962368,8.767535478515821,,1.451910944060056,
FRB 20211119A,CHIME,234.8291840706525,33.74292404125821,,3.2998509768023285,
FRB 20211120D,CHIME,30.84480841405404,30.657365939335605,,1.266738542446985,
FRB 20211120C,CHIME,41.05517046182892,14.592832491506432,,0.9026854356284332,
FRB 20211120B,CHIME,54.14139799281951,32.3307189502721,,0.9220477134212736,
FRB 20211120A,CHIME,189.9933547807556,51.13045299811444,,0.8099002303765102,
FRB 20211121C,CHIME,184.5067985605682,25.491330657877725,,0.5709662355250174,
FRB 20211121B,CHIME,195.2644653200869,3.6404784129027608,,0.963214525345226,
FRB 20211121A,CHIME,272.5545730944792,68.26144370742549,,1.0248260505713769,
FRB 20211122A,CHIME,27.4761562067026,28.811011074978804,,5.8022071435484825,
FRB 20211122E,CHIME,56.500008740483786,57.80524735213312,,0.5371384402965568,
FRB 20211122B,CHIME,204.4341194288565,56.81397119761017,,7.55222025111729,
FRB 20211122D,CHIME,273.4876044454302,63.39474645401684,,0.5687326654193317,
FRB 20211122C,CHIME,281.69661721437353,77.55658436460244,,0.5483074860713404,
FRB 20211123A,CHIME,176.94745962839153,32.123263487737866,,0.746659902848027,
FRB 20211123B,CHIME,270.41276104560365,50.87212073286901,,3.3586088632419564,
FRB 20211124A,CHIME,208.2584833799898,73.79478576909494,,0.3770603477505899,
FRB 20211124B,CHIME,226.4668757374122,5.217083094876488,,0.9622376383680572,
FRB 20211125C,CHIME,94.78453942636268,35.63339158958293,,0.6937001789879323,
FRB 20211125D,CHIME,276.86853576307686,67.8300697242359,,0.8675122745616933,
FRB 20211126C,CHIME,181.30267247002115,86.89529111946644,,1.643820965315796,
FRB 20211126B,CHIME,285.5592315272279,83.47826593533756,,0.6524968171198048,
FRB 20211127C,CHIME,315.05436562555263,74.45603460646048,,0.9279662001507708,
FRB 20211127H,CHIME,10.703075145578676,85.74070158654835,,0.5542816639412472,
FRB 20211127G,CHIME,51.43315988148585,65.7477426960873,,0.7144027737418266,
FRB 20211127B,CHIME,192.0430068748652,29.665217842314167,,2.601993043365722,
FRB 20211127A,CHIME,186.0883455867331,87.09898754495637,,1.135946281628826,
FRB 20211127E,CHIME,256.38283085025955,69.53638156183631,,0.3342516987288953,
FRB 20211127D,CHIME,261.54524045783614,15.17242700177733,,0.6658126053749328,
FRB 20211128E,CHIME,20.182711707917598,51.145836769569286,,0.4113907657873354,
FRB 20211128G,CHIME,66.97399227516445,67.80588352214187,,0.3990743911691514,
FRB 20211128D,CHIME,85.36868362182614,82.53632411101242,,1.383750905721706,
FRB 20211128C,CHIME,139.40464931007978,31.27620028050113,,0.5798656071141269,
FRB 20211128A,CHIME,219.1422952995332,50.69496640198875,,1.9122756230873192,
FRB 20211128F,CHIME,255.46046639609864,65.05190229844482,,0.3684395600169529,
FRB 20211129A,CHIME,330.05086411238926,22.24879182754009,,0.4789480441858917,
FRB 20211129D,CHIME,80.94828329436984,72.90999622654101,,2.0156728516444278,
FRB 20211129B,CHIME,283.5894317112871,46.9638273414013,,0.6254860005306048,
FRB 20211202C,CHIME,195.05643659219064,52.93062708046965,,0.3784402768036894,
FRB 20211202B,CHIME,259.7597585687247,71.18458917749791,,0.8014816974323192,
FRB 20211203B,CHIME,31.367456700282776,4.520656447107884,,7.924449372264945,
FRB 20211203A,CHIME,227.07025740262816,53.6607599776214,,0.4027160116514926,
FRB 20211204D,CHIME,29.403369033410733,65.72198894127186,,0.6510477504530671,
FRB 20211204C,CHIME,81.8304537448574,88.79650782379375,,1.0939998217323146,
FRB 20211204B,CHIME,106.36388093667742,-2.987183953114753,,1.09613230789154,
FRB 20211204A,CHIME,191.34936787875927,59.16739851529225,,2.2192305690312453,
FRB 20211205F,CHIME,29.63260402458012,65.71970103965626,,0.3337405328574244,
FRB 20211205E,CHIME,188.81668666016597,67.97752038746431,,0.3707925415026777,
FRB 20211205B,CHIME,222.3445434432272,27.931754058696317,,1.349743719834756,
FRB 20211205A,CHIME,285.389252085899,46.96114862603312,,0.7096813111530949,
FRB 20211206C,CHIME,37.741428942605424,28.62320220899877,,1.3500373530940215,
FRB 20211207A,CHIME,122.0050894213474,55.60072245638598,,0.7106287990264063,
FRB 20211208A,CHIME,324.6716230006561,22.694191775034227,,0.8585474422923013,
FRB 20211209B,CHIME,345.2844102115557,85.80496187690102,,0.8464912845991449,
FRB 20211209A,CHIME,302.06853022828204,13.187385916845976,,1.3910623997794576,
FRB 20211210B,CHIME,340.91716747902944,71.67768836980565,,0.6654600819480087,
FRB 20211210C,CHIME,24.80745391028634,46.48921953069206,,0.3966820067171404,
FRB 20211210A,CHIME,91.3967819161651,76.3932869141402,,1.470670844140196,
FRB 20211211E,CHIME,157.15577189555236,81.51283277077349,,1.165373284250396,
FRB 20211211D,CHIME,10.71714438872684,70.3873557678248,,1.3695351908581508,
FRB 20211211C,CHIME,89.34034609253187,42.25679890458571,,2.2891652748900198,
FRB 20211211B,CHIME,144.30547535976655,20.26866954401284,,0.6958494650751996,
FRB 20211211A,CHIME,214.6341697621924,25.21435474419575,,0.941321692967743,
FRB 20211212B,CHIME,217.29651579450027,66.60133619200708,,0.5224810485682475,
FRB 20211213C,CHIME,43.38057553071181,89.3661832930377,,3.008753128256723,
FRB 20211213B,CHIME,134.49978523381367,8.897935155960116,,0.8415514822357745,
FRB 20211213A,CHIME,338.0365750172231,82.45420244820957,,1.4696047392629092,
FRB 20211214C,CHIME,123.4330287159135,36.48592969805958,,0.7821591602393153,
FRB 20211214B,CHIME,169.38789223987132,12.732882004286012,,0.8528904001484774,
FRB 20211215C,CHIME,94.45474510637666,47.774626314754535,,0.4464530664450474,
FRB 20211215B,CHIME,182.67777777909455,51.379479343315055,,1.0385904522483536,
FRB 20211215A,CHIME,301.02313368985114,50.03098913567125,,0.8035770476231093,
FRB 20211216B,CHIME,34.9128087252037,52.7096697741938,,0.6337685741244474,
FRB 20211216A,CHIME,182.91361888056548,75.9597901764642,,0.5813769722185685,
FRB 20211217D,CHIME,263.890333817062,85.4176673512317,,0.7651860900003538,
FRB 20211217A,CHIME,272.7371537911166,42.33397935367056,,4.111575373363643,
FRB 20211218C,CHIME,9.99084307838968,80.79498534940589,,0.6738454307246329,
FRB 20211218B,CHIME,21.45639315577877,32.826370529167065,,0.7812647464520517,
FRB 20211218A,CHIME,113.76246712471831,72.13960181267188,,0.6538105115228026,
FRB 20211219D,CHIME,119.38504003553663,66.70671212443324,,4.812288830959971,
FRB 20211219C,CHIME,152.9287587967279,44.38187071550642,,0.9477527496771015,
FRB 20211219B,CHIME,254.5424053616616,13.291172477793465,,1.6692704283213309,
FRB 20211219A,CHIME,296.7329063765593,56.25842011235916,,0.4222300827765982,
FRB 20211220B,CHIME,50.82562415635228,49.59720514645173,,1.5975021474425877,
FRB 20211220A,CHIME,56.62778175618209,40.9426683383971,,0.6763919641127224,
FRB 20211221A,CHIME,29.40559067217445,65.71978154594339,,0.7000279852683887,
FRB 20211222E,CHIME,337.04223380402703,44.9357991985999,,0.3839698972137118,
FRB 20211222C,CHIME,358.663982164422,43.37249614274744,,0.9666961864526727,
FRB 20211222B,CHIME,25.24483384207803,65.71656832271006,,1.2982398409358442,
FRB 20211222A,CHIME,160.05569721282615,40.0871862656598,,0.3658760637383518,
FRB 20211223A,CHIME,127.90821843588218,86.7750353232098,,5.164574239646905,
FRB 20211223B,CHIME,283.5084723946373,46.95860878038278,,0.3406486846475527,
FRB 20211225B,CHIME,6.034748323049904,63.68237734024666,,0.3416754277082544,
FRB 20211225A,CHIME,234.5518535166649,80.87951593016493,,1.8318139689155333,
FRB 20211226A,CHIME,287.0294290060524,79.74086763747813,,0.5639802402145333,
FRB 20211227A,CHIME,120.87815616283518,49.76499187963545,,0.6061232354032088,
FRB 20211228B,CHIME,189.20960581310248,57.99696489222152,,0.819214992671871,
FRB 20211228A,CHIME,283.54690257357424,46.962470312435485,,0.5482210819029146,
FRB 20211229C,CHIME,213.90761279646196,71.40588657843081,,1.398287458277248,
FRB 20211229B,CHIME,248.87569530137705,74.16058307543794,,0.8163851918075813,
FRB 20211230B,CHIME,262.88230853164464,45.44783352544776,,0.3721288321522009,
FRB 20211231B,CHIME,59.12592111426383,37.78300832924168,,1.441153992383035,
FRB 20211231A,CHIME,251.39869943243812,17.046430841845186,,0.6657141756750881,
FRB 20220101A,CHIME,245.03295983504648,26.24828831995381,,0.3878550816380559,
FRB 20220103C,CHIME,208.0500893729963,48.259326214848286,,0.3930862012125641,
FRB 20220104B,CHIME,31.95545785383149,55.82347036109442,,0.3823110466988153,
FRB 20220104D,CHIME,147.86200061456304,38.50357647214881,,0.4797305428297351,
FRB 20220104C,CHIME,203.1044218695028,31.27507870026859,,0.7363309693375643,
FRB 20220104E,CHIME,216.8346841743217,23.324765069784217,,0.6019187440011307,
FRB 20220104A,CHIME,281.56159404677,40.73051583271189,,0.4290273203492141,
FRB 20220105D,CHIME,141.9971732824693,11.913645224730814,,1.0327049126926038,
FRB 20220105C,CHIME,168.30635947051985,74.22644857380452,,0.9730682745298188,
FRB 20220105E,CHIME,45.3329197404805,76.28235275224961,,0.7607305568498895,
FRB 20220105B,CHIME,254.5563847563854,72.03491203769119,,2.567775061296391,
FRB 20220106B,CHIME,122.6878771276798,23.481991015993216,,2.8694622419172005,
FRB 20220106A,CHIME,282.65682481858187,56.20098812099569,,0.6939660999475238,
FRB 20220107B,CHIME,186.60998610688472,89.73329830592016,,1.4971729777860652,
FRB 20220107C,CHIME,121.34607107249374,13.802860728629115,,0.6357113171183164,
FRB 20220108C,CHIME,39.98886625523373,31.27188985863633,,0.4407659786316387,
FRB 20220108A,CHIME,21.406739491975657,82.45577785581952,,3.1847242100909106,
FRB 20220109C,CHIME,75.82016368815408,21.02338191009379,,0.4667771335664802,
FRB 20220109B,CHIME,104.97609882457894,16.120750277965996,,0.8560611124092186,
FRB 20220113A,CHIME,268.304958646632,84.43327371854929,,2.0966568153349345,
FRB 20220114A,CHIME,331.58963867507384,45.70861672416946,,0.6944661130257197,
FRB 20220115B,CHIME,183.14917334470363,8.089832677932936,,3.2585838708185797,
FRB 20220115A,CHIME,319.6445537822405,79.96624337347608,,2.4451514793653506,
FRB 20220118B,CHIME,199.76287747272477,43.02196002031131,,0.363814530127405,
FRB 20220118A,CHIME,280.5084471376863,55.51311220812871,,2.409046260964713,
FRB 20220119A,CHIME,232.40851356281385,79.43376472387313,,2.4275671488844077,
FRB 20220121A,CHIME,257.76048905591983,52.84169775358173,,0.5741727217232452,
FRB 20220122C,CHIME,36.84228790888196,32.71265758961916,,1.4169485330260116,
FRB 20220122B,CHIME,227.50851604696075,35.70664029282582,,2.693541936288249,
FRB 20220122A,CHIME,292.5539981714801,28.257999767976177,,1.2327713163229357,
FRB 20220123A,CHIME,202.63527808842952,48.91092696003921,,0.3720255234059216,
FRB 20220124C,CHIME,65.92567519349029,38.35089793689587,,0.4728083896590608,
FRB 20220124A,CHIME,266.7759263577768,48.57133100166865,,0.907168762322801,
FRB 20220126C,CHIME,179.1222184804971,7.379788095987948,,1.1721699172206443,
FRB 20220126B,CHIME,313.3645004894824,58.961711467116274,,0.6708344374977748,
FRB 20220127A,CHIME,4.303131347790776,51.52463805615988,,0.526250375603938,
FRB 20220128D,CHIME,35.83366864867122,34.30877527527655,,3.9601675023107297,
FRB 20220128C,CHIME,71.65038019845211,87.23799290661681,,3.440175732105887,
FRB 20220128B,CHIME,216.38042258112807,2.0957610414934407,,6.52796733673808,
FRB 20220128A,CHIME,267.82855293175624,49.71558875670489,,0.7494297646070388,
FRB 20220129A,CHIME,260.03523875858764,69.80948100524945,,1.7534977564998,
FRB 20220130C,CHIME,166.90232664829836,21.169657361957743,,0.7831447335392594,
FRB 20220130B,CHIME,177.86806203885774,70.70911534827178,,4.2626286518393774,
FRB 20220130A,CHIME,260.92951120548673,66.91837880129316,,0.8971327667323303,
FRB 20220131A,CHIME,281.8272264615159,60.59606039970365,,1.5486773116730277,
FRB 20220131B,CHIME,294.4605739302816,-2.432852046025761,,1.822006710382284,
FRB 20220201C,CHIME,71.75785570127867,70.28813341122137,,0.6662080882409527,
FRB 20220201B,CHIME,210.58972495079536,87.38530214664175,,0.6557083117653323,
FRB 20220202B,CHIME,117.75638477601264,67.52313616077905,,0.7201001085538807,
FRB 20220202A,CHIME,216.55722687535533,25.425484788829262,,4.47125490289906,
FRB 20220203C,CHIME,147.27354742579598,59.16353700618872,,0.6047131877165612,
FRB 20220203B,CHIME,149.73743644525797,60.60919321688411,,1.720623929336318,
FRB 20220205B,CHIME,108.36384581428658,38.03952938628756,,0.7624670665480042,
FRB 20220205A,CHIME,285.2784732587812,64.31927904980242,,1.2739818910567804,
FRB 20220206B,CHIME,235.0092150522031,66.13830710132487,,0.3536759893796707,
FRB 20220206A,CHIME,82.9184621026404,87.00405351611246,,0.9827512195765704,
FRB 20220207B,CHIME,294.80567768854826,59.39975364586908,,1.3582645220824012,
FRB 20220207A,CHIME,310.0121743028662,72.9225018783768,,9.491572120598882,
FRB 20220209C,CHIME,161.72637925121427,56.82021402615739,,0.5741514479614888,
FRB 20220209B,CHIME,15.672818277823744,70.06410597442874,,2.3720014532250704,
FRB 20220209A,CHIME,17.244336367452593,18.45496760570423,,1.1620825639220085,
FRB 20220210A,CHIME,21.86654391220747,37.89493191849576,,1.5169846756694545,
FRB 20220211D,CHIME,44.47722851979125,38.709982280335325,,0.8598982388506362,
FRB 20220211B,CHIME,230.5704106698617,62.68853466317175,,1.0676965011159354,
FRB 20220211A,CHIME,266.2017228181221,71.34848189139129,,1.429766455129493,
FRB 20220211C,CHIME,277.66218399870525,35.60843564936454,,0.8771508423845502,
FRB 20220212B,CHIME,185.08310128159675,54.614541691963296,,1.1447650217951115,
FRB 20220212A,CHIME,189.75513969251324,17.130370258133638,,1.2673847604465744,
FRB 20220213B,CHIME,63.19574533234507,55.62782855616527,,0.7161267603903207,
FRB 20220213A,CHIME,187.68159438423655,65.14302781206018,,0.5233102108765867,
FRB 20220214E,CHIME,84.0568075384115,27.44983726435917,,0.9350576409020084,
FRB 20220214C,CHIME,333.00158504968584,24.40182523595529,,2.0071857278180896,
FRB 20220214B,CHIME,1.687578498191508,52.11839952325687,,1.5537218180180403,
FRB 20220214A,CHIME,13.884415438352768,40.63919306744022,,1.2418028844900724,
FRB 20220215A,CHIME,205.0547230074504,52.91881052081854,,1.2771014362253907,
FRB 20220216A,CHIME,316.6921026303692,9.726860391991927,,1.0800974924833835,
FRB 20220218B,CHIME,255.5198283331025,50.90064481132314,,1.2335097359496698,
FRB 20220218A,CHIME,5.348142861227423,68.1437359538065,,6.36346324193685,
FRB 20220219A,CHIME,333.5092257129409,31.469916472194544,,1.2561355901942282,
FRB 20220220C,CHIME,64.30996179693204,82.49442249429895,,1.2725840961532648,
FRB 20220220B,CHIME,151.2978269948125,62.30363019164747,,3.598907760600465,
FRB 20220220A,CHIME,150.80244167360416,36.54842798079831,,1.3585534351527309,
FRB 20220221B,CHIME,32.388231416664865,68.98060423893477,,0.5672559012904149,
FRB 20220221A,CHIME,352.726881370042,76.90260081790846,,1.9686009379251517,
FRB 20220222A,CHIME,265.6310217176624,24.708456016300275,,4.132784279982933,
FRB 20220222B,CHIME,340.3400010729521,26.272217184629294,,12.197444076530822,
FRB 20220224A,CHIME,43.43846626756326,13.00622385193478,,1.0300684435285132,
FRB 20220225D,CHIME,108.51082714552903,49.352088147728935,,0.3406572109017736,
FRB 20220225H,CHIME,222.7288917227141,87.87757242784346,,0.91434236700908,
FRB 20220225C,CHIME,276.37212316037807,18.340604780359836,,1.2393781473307646,
FRB 20220225B,CHIME,282.3635029674036,77.99423049816825,,0.9289803050238076,
FRB 20220225G,CHIME,162.52793568165683,80.33041790391314,,0.5019767966848683,
FRB 20220225F,CHIME,352.0885892631908,68.96499908568198,,0.8661404375925419,
FRB 20220225E,CHIME,19.004511951652518,18.52679522877049,,0.7443486357930085,
FRB 20220225A,CHIME,29.5426916228364,65.72062265116503,,0.55334125294489,
FRB 20220226B,CHIME,216.73816432054912,64.71811999284995,,0.6289920212338387,
FRB 20220226A,CHIME,298.06188993940407,58.92169662252401,,2.1139348533726485,
FRB 20220227B,CHIME,90.9033149954114,58.27590970288571,,0.5795920648741623,
FRB 20220227A,CHIME,104.4677189785642,23.68313801171312,,0.3620354787363481,
FRB 20220228E,CHIME,86.82395194445327,39.04558797257808,,0.7822020951447445,
FRB 20220228F,CHIME,139.1136205835106,32.49765483810147,,0.4576088524061291,
FRB 20220228C,CHIME,155.78688781611763,84.52341091540498,,0.531972264119072,
FRB 20220228B,CHIME,202.641668030791,48.83800734626231,,1.2584470961468024,
FRB 20220228A,CHIME,234.636943177253,46.28775189571421,,0.9235947509999928,
FRB 20220301E,CHIME,248.1815291020657,80.49744575516863,,9.46565838409072,
FRB 20220301C,CHIME,160.4515317804436,69.5170418219974,,1.385405106513062,
FRB 20220301B,CHIME,241.6431709232574,35.46346633683384,,0.5366004268197744,
FRB 20220302C,CHIME,144.1428634571014,83.57362704735209,,1.5092194297051122,
FRB 20220302A,CHIME,338.408166420428,46.87646716375741,,0.5825514509612517,
FRB 20220303C,CHIME,142.27137352124203,52.52165436439776,,0.4097869186834623,
FRB 20220303B,CHIME,142.40812130822178,19.824138016363584,,0.6747923163742375,
FRB 20220303A,CHIME,101.351686759471,83.684214753217,,2.59390570606994,
FRB 20220304A,CHIME,50.57303534653545,27.811690071224277,,1.1648552782877013,
FRB 20220305A,CHIME,148.85353527674138,38.27186240258359,,0.4324357145864793,
FRB 20220305B,CHIME,19.04362637665706,18.710214123941206,,0.4402556938413108,
FRB 20220306B,CHIME,66.53247027049865,52.37644189621904,,1.5707520089906906,
FRB 20220307A,CHIME,206.29065627647824,39.298011275747655,,0.874127349794906,
FRB 20220308E,CHIME,190.68447700106637,30.072313875490984,,0.6700424208405806,
FRB 20220308B,CHIME,42.16721629087704,80.10452476868834,,1.2583578291907167,
FRB 20220308A,CHIME,278.0542139149243,59.57913987076719,,0.6292159047365011,
FRB 20220308D,CHIME,281.4989144177892,59.53290811990318,,0.6626066578679158,
FRB 20220309A,CHIME,216.0262421464259,25.281941767336207,,1.5480770115199598,
FRB 20220309B,CHIME,239.23021393394825,50.53950163741712,,0.5704792861485924,
FRB 20220310D,CHIME,253.82538634598168,80.8253093118781,,0.7371843801128419,
FRB 20220310C,CHIME,125.5004109626502,44.883765902008136,,0.3256674195649078,
FRB 20220310A,CHIME,134.63983256650118,73.3568585281574,,1.8059330027557023,
FRB 20220310B,CHIME,249.31259303917776,55.96495478330221,,0.4782349336750351,
FRB 20220310E,CHIME,35.829918194545584,51.70711042656484,,0.881763360781976,
FRB 20220311D,CHIME,130.8301736722838,64.1411773767962,,4.101933818733814,
FRB 20220311C,CHIME,190.32956668731703,65.14089106017916,,0.4104034041177747,
FRB 20220311A,CHIME,25.60837808738201,42.05256801759865,,0.5549358229120979,
FRB 20220312C,CHIME,83.3169862634305,46.97723267545121,,0.7479031144244128,
FRB 20220312B,CHIME,353.32347865954586,73.56444898023102,,0.5081721457684666,
FRB 20220312A,CHIME,26.84264689084357,65.71754007788607,,0.7689921547674887,
FRB 20220313E,CHIME,65.06682491831987,48.87855294811523,,0.6922326844369386,
FRB 20220313D,CHIME,91.61021516422434,53.20138226678005,,1.0166404814868653,
FRB 20220313B,CHIME,122.62175698122702,46.28192144544211,,0.7566138115092507,
FRB 20220313A,CHIME,49.481580676638345,50.01071065390575,,0.5157530659891738,
FRB 20220314A,CHIME,32.88828246206081,28.850397479568187,,0.426167582886183,
FRB 20220315E,CHIME,61.487564841515706,43.8291442833442,,0.4205128110672854,
FRB 20220315D,CHIME,72.76500263493932,10.015474980558617,,7.364986552661065,
FRB 20220315C,CHIME,132.83868875314585,83.08748183220398,,0.4127127086324678,
FRB 20220315B,CHIME,232.85581605921675,-2.3118966069509934,,1.7760439150346037,
FRB 20220315A,CHIME,38.69386039635225,26.12461227769309,,0.47186547460775,
FRB 20220316F,CHIME,120.07335052425064,42.38273823666214,,0.5605443379955978,
FRB 20220316E,CHIME,242.256934782036,32.462868776757034,,0.5268706212620126,
FRB 20220316D,CHIME,256.82128966592416,74.13686995654848,,0.9483571578232532,
FRB 20220316C,CHIME,295.23388823805817,52.75591225589152,,2.402150562379297,
FRB 20220316B,CHIME,350.837521362565,40.27064207420786,,4.25659025771571,
FRB 20220316A,CHIME,353.24876303931967,40.24498394710655,,0.4388281462469146,
FRB 20220317E,CHIME,117.38032027142872,23.71486063873589,,0.5820184183797464,
FRB 20220317D,CHIME,232.13833467277945,41.80089654912439,,1.9964155179557908,
FRB 20220317C,CHIME,326.6593515214246,33.942015169130855,,0.9380299632516916,
FRB 20220317A,CHIME,17.2682836745715,18.51707977469941,,0.3607700116474213,
FRB 20220318C,CHIME,142.9785850943074,43.105526272629504,,0.4143115587761347,
FRB 20220318A,CHIME,41.06237198283108,74.6594267209489,,2.095064616381402,
FRB 20220319A,CHIME,46.51465741413418,79.27544899708374,,0.5250682258244319,
FRB 20220320B,CHIME,207.1084305582222,39.6830808361309,,0.6376745487919129,
FRB 20220320A,CHIME,314.6593618003872,13.171726621855392,,1.559671798079698,
FRB 20220321F,CHIME,117.1420771429048,39.95571855989189,,1.224424873762372,
FRB 20220321E,CHIME,128.6648567119779,34.09619539031445,,0.8630283834826636,
FRB 20220321D,CHIME,141.15655373988108,45.93669857220839,,1.177818336955762,
FRB 20220321B,CHIME,223.28852839555924,25.03367134067563,,0.4515264885584978,
FRB 20220321A,CHIME,316.4286458597105,8.210977116295986,,4.099584211149651,
FRB 20220322C,CHIME,256.11408597606123,68.2983800946207,,0.6014714312756679,
FRB 20220322B,CHIME,321.9017048934805,45.09068103636754,,0.4436748175735061,
FRB 20220322A,CHIME,33.87675334486717,46.11203552447027,,0.3592834348222341,
FRB 20220323B,CHIME,304.94717477403424,28.74934259151926,,3.00289502692231,
FRB 20220323A,CHIME,15.833839338021347,81.96450235264962,,0.7419112484152165,
FRB 20220324C,CHIME,99.14157545591148,82.12066975306229,,1.179179109760515,
FRB 20220324B,CHIME,158.4276076023063,45.159479308702686,,0.6242064169190927,
FRB 20220324A,CHIME,23.15345715315664,26.29078994237527,,0.5602700266227381,
FRB 20220325D,CHIME,270.6881568853672,78.96910911456386,,0.4902545956459506,
FRB 20220325C,CHIME,94.5031568736756,82.1251063263231,,1.152436285394152,
FRB 20220325B,CHIME,250.5916862889418,52.4631544563467,,1.107503373948244,
FRB 20220326A,CHIME,246.97583558447468,82.57980534972882,,0.3921236446830267,
FRB 20220328C,CHIME,320.9963002318267,87.43215936277464,,0.7305013022404563,
FRB 20220328B,CHIME,343.5821123500773,11.25494897855342,,0.9192926910106596,
FRB 20220328A,CHIME,29.041012487865128,65.71594077914924,,0.4615624794680641,
FRB 20220329C,CHIME,189.9135050359561,15.2784928180206,,0.9456572619435626,
FRB 20220329A,CHIME,352.1260466510477,40.53505002989517,,1.3855938837218484,
FRB 20220330C,CHIME,154.7547732556734,19.97755757551152,,0.6911843439645577,
FRB 20220330B,CHIME,323.0322450829908,12.673004687534286,,0.8695942124124633,
FRB 20220330A,CHIME,17.20973120185007,63.69561796950967,,1.3944724729775633,
FRB 20220331B,CHIME,75.68863877842298,58.10401177391378,,0.654558707208522,
FRB 20220331A,CHIME,288.6745291090556,82.5300924678469,,0.6260579537593055,
FRB 20220401A,CHIME,303.907974958952,30.705859184848887,,2.321833311284794,
FRB 20220405A,CHIME,65.44014905590419,24.61740912541708,,0.6545641258235976,
FRB 20220407A,CHIME,43.758377821084174,5.046040373200569,,1.172660071482318,
FRB 20220408C,CHIME,136.82236578838692,81.24892822289523,,0.9901611012115992,
FRB 20220408B,CHIME,354.31325654119223,23.941773908750463,,0.3416558846592761,
FRB 20220409B,CHIME,207.25077586267912,58.40500554332255,,1.369806428649708,
FRB 20220409A,CHIME,281.2099311374436,60.21301917743199,,0.8445200644234191,
FRB 20220410A,CHIME,295.7864360067585,7.732574930120649,,3.8071370632273847,
FRB 20220411B,CHIME,260.6567788710947,36.03996032931348,,0.6257342420394947,
FRB 20220411A,CHIME,356.83302518636094,70.19270569790206,,0.7888647233592457,
FRB 20220412B,CHIME,188.89170644005765,87.41323024173136,,0.7223560916677969,
FRB 20220413B,CHIME,256.0530838806857,66.91994404736613,,12.310752254338055,
FRB 20220413A,CHIME,309.3491746743234,29.044332454038077,,0.767889697628996,
FRB 20220414C,CHIME,248.88419918467437,68.71628233540864,,0.5881197459023426,
FRB 20220414B,CHIME,313.1491036860682,29.049678872433013,,0.4353005807030592,
FRB 20220415D,CHIME,124.02039825615635,30.849030633203565,,0.3323809328851861,
FRB 20220415B,CHIME,315.52527643356086,68.58341345042813,,0.9038310291990396,
FRB 20220415A,CHIME,20.960949977270023,31.495888026588084,,5.273500079410463,
FRB 20220416A,CHIME,320.3384877703553,46.89630496609152,,4.022798950521095,
FRB 20220417A,CHIME,134.2805301981332,72.92859449715749,,0.749638047175181,
FRB 20220420E,CHIME,161.9274276518596,38.91165717830468,,0.8186301364432014,
FRB 20220420D,CHIME,173.12506933495638,51.11708693175609,,0.8234525018880854,
FRB 20220420C,CHIME,191.76464613587385,35.204301770815235,,0.4835208437914099,
FRB 20220420B,CHIME,332.85241296271226,34.284337731762704,,0.716133743350381,
FRB 20220421E,CHIME,320.5333611837905,86.37215958117858,,0.7413899131647635,
FRB 20220421D,CHIME,205.55803088150165,20.28081451480348,,0.7068447388454023,
FRB 20220421C,CHIME,262.4531238128324,73.26637357814036,,0.5726976948543254,
FRB 20220421B,CHIME,275.5301795606836,81.34364918508501,,1.0320655637294232,
FRB 20220421A,CHIME,33.12286675491109,70.62795188811361,,2.829087331016632,
FRB 20220423C,CHIME,112.77139176742432,1.8422429864363017,,1.8265881448854544,
FRB 20220423A,CHIME,208.59463437670215,60.740657942956354,,0.4954637702044797,
FRB 20220424D,CHIME,188.67502107580637,62.32964430233967,,0.7406829213805849,
FRB 20220424C,CHIME,257.81573502481416,52.44503014216935,,1.1727921928076142,
FRB 20220424B,CHIME,284.211322755237,37.18288237274389,,0.6727722146577417,
FRB 20220425A,CHIME,257.21892214119873,40.393106154382096,,0.3276128368200772,
FRB 20220426D,CHIME,195.06396128537784,32.127250239875146,,0.4451356571937708,
FRB 20220426B,CHIME,357.6517032727686,35.893120504448085,,0.475597650222213,
FRB 20220426A,CHIME,37.302165399485496,42.88197186363635,,2.7831208091366904,
FRB 20220428C,CHIME,130.76858470074723,50.18006030686536,,3.9384171805531127,
FRB 20220428B,CHIME,130.76692128260504,50.177647229676765,,3.550849646509672,
FRB 20220430B,CHIME,171.77006311486787,38.68182160546301,,0.7691072337577187,
FRB 20220501B,CHIME,311.2693016840714,74.01828736623685,,3.8305276692657504,
FRB 20220501A,CHIME,206.1505374115225,75.51947151194307,,0.7463461614562202,
FRB 20220502C,CHIME,119.05279060002806,76.18554538681082,,0.8910658044769939,
FRB 20220502B,CHIME,166.60263240364876,17.219236611532978,,2.999391784837292,
FRB 20220502A,CHIME,247.90187962080665,25.83722866628769,,0.4822881501079205,
FRB 20220503C,CHIME,277.77221742109714,20.153535006924795,,0.9103995530661672,
FRB 20220503B,CHIME,343.14641648296777,35.50624302097642,,1.97035019778266,
FRB 20220503A,CHIME,66.66738083676245,42.61012679085571,,0.3351716685674195,
FRB 20220505C,CHIME,143.29256122214258,55.24796839132864,,0.3434330601418224,
FRB 20220505B,CHIME,270.49571991073253,19.89210455457137,,0.6878878445718043,
FRB 20220505A,CHIME,25.903616177988813,74.84901942640566,,0.4240798825668671,
FRB 20220506C,CHIME,162.10084869865668,12.411869163241033,,1.973714754806456,
FRB 20220506B,CHIME,174.32539670057503,41.27023352375837,,0.3683762551495037,
FRB 20220506A,CHIME,318.2935514504892,72.74963215365005,,1.0803831072824512,
FRB 20220507A,CHIME,122.31790150215512,49.77977564900621,,0.4294614796237143,
FRB 20220508A,CHIME,331.38753910148745,60.521732212677286,,0.5525526018256616,
FRB 20220509F,CHIME,113.05695567815434,7.835717827166873,,3.1396034872189693,
FRB 20220509E,CHIME,144.1846611245172,44.5939710366211,,0.4261408041120187,
FRB 20220509D,CHIME,152.79349786563125,11.43985038913879,,1.1492994862146664,
FRB 20220509B,CHIME,328.03969313132785,42.21571734305533,,0.5258591948317441,
FRB 20220509A,CHIME,23.32228136343917,51.52546052601544,,2.927490802419052,
FRB 20220510A,CHIME,245.74672288628057,61.871925259087206,,0.5610027464642713,
FRB 20220511B,CHIME,273.97070970018035,36.81094271128073,,0.7700303790326268,
FRB 20220511A,CHIME,33.12397079669877,49.991922366109534,,1.3213259346639752,
FRB 20220514B,CHIME,274.5953814385488,63.00638906013268,,2.327964054557271,
FRB 20220514A,CHIME,108.74108841051157,50.52106843107769,,0.9403430762186374,
FRB 20220516A,CHIME,94.6193565313637,55.54723302280541,,0.6132431092402363,
FRB 20220517B,CHIME,167.1846885354075,68.80422723256213,,0.8873133480359041,
FRB 20220517C,CHIME,260.6369642431134,13.279219843568884,,1.660952383667355,
FRB 20220517E,CHIME,15.304326400430163,21.33900606078168,,1.333991301026337,
FRB 20220517F,CHIME,32.92477189331119,65.723967579867,,1.3104455488436686,
FRB 20220518C,CHIME,133.2722820940735,47.85302452376435,,0.5044010833883671,
FRB 20220518D,CHIME,39.19161162867741,31.899535630180704,,0.6011447207135774,
FRB 20220518E,CHIME,52.08725977799735,34.84197680683537,,1.6851830312562048,
FRB 20220520A,CHIME,80.78544614965293,80.23455913561233,,1.9569449195409545,
FRB 20220521A,CHIME,164.3911644032234,12.667517352678953,,1.470383787155898,
FRB 20220521B,CHIME,235.91650924783343,74.19132859623954,,0.9824056659019996,
FRB 20220521C,CHIME,308.97231030663903,56.23656961086107,,0.7514035648883357,
FRB 20220525A,CHIME,122.34692096762872,46.27566920463487,,0.357626626800769,
FRB 20220525B,CHIME,41.17234330081172,14.119187625167196,,1.605563345947713,
FRB 20220526A,CHIME,130.67770141473875,19.80362041126656,,0.8444563676831855,
FRB 20220527A,CHIME,162.4261596379394,44.39664318416489,,0.4565481021867064,
FRB 20220527B,CHIME,190.1581452179379,65.14724544774636,,0.5460108321288327,
FRB 20220527C,CHIME,334.24499184690177,66.93637940209685,,1.2492965513558676,
FRB 20220528B,CHIME,221.92948956732204,18.46645974910945,,1.9718086410310376,
FRB 20220528C,CHIME,338.5158374793317,46.86692155882852,,0.910029543131486,
FRB 20220528D,CHIME,41.35258141017173,53.49402579782472,,0.8198568696169191,
FRB 20220529C,CHIME,271.9211277904054,7.784641214665785,,1.4500515275180654,
FRB 20220529A,CHIME,18.992136730437597,20.49929018126177,,0.6912122482406778,
FRB 20220530A,CHIME,175.9034787052348,40.0927099337071,,0.481403024372533,
FRB 20220530B,CHIME,294.6855981455431,59.381932537293736,,0.5974150872949325,
FRB 20220601A,CHIME,267.9511826576304,34.826423217147145,,0.5714826656978833,
FRB 20220602A,CHIME,134.012610970888,51.73946938916909,,7.919013385555615,
FRB 20220602B,CHIME,163.8071918022552,53.478260128925264,,1.949703471971882,
FRB 20220602C,CHIME,265.43320067619266,68.82502682906983,,5.190608738044986,
FRB 20220607A,CHIME,274.80929742762703,52.41234785408446,,1.045009233570487,
FRB 20220607B,CHIME,61.46259006507162,44.47422033280471,,0.9074210502443042,
FRB 20220607C,CHIME,110.92328121639824,74.59121640108826,,0.5991784469063969,
FRB 20220608A,CHIME,223.83713522395755,54.20251626387368,,0.6694694723755004,
FRB 20220611A,CHIME,323.5573031514273,75.0590516955623,,0.7964082531960222,
FRB 20220612A,CHIME,27.949919627006985,30.827900049789065,,1.2699512833952264,
FRB 20220612B,CHIME,40.314833283726514,46.50353291128741,,0.5778878973180143,
FRB 20220612C,CHIME,65.21296469446379,66.17470089646649,,1.0520917839837367,
FRB 20220613B,CHIME,223.63773134615764,54.26918941267465,,0.6295390097949704,
FRB 20220614A,CHIME,152.11673360634683,42.82031119402909,,0.5375564713879564,
FRB 20220614B,CHIME,191.8414913623984,1.9094492920919013,,2.0482612039727406,
FRB 20220615B,CHIME,19.206410821590552,20.61732802879063,,2.002097866946492,
FRB 20220615D,CHIME,63.81027134087716,71.72414412931539,,0.7427012005355101,
FRB 20220615E,CHIME,68.95661135199391,79.31457797325331,,1.156133014948134,
FRB 20220615F,CHIME,117.94371372813325,78.52386619987237,,0.9221475931453588,
FRB 20220618A,CHIME,355.3100515130881,19.815411754946425,,8.860369702964736,
FRB 20220618B,CHIME,29.69233627025975,65.71407402565646,,0.8727454861592423,
FRB 20220618C,CHIME,46.14448962364339,13.391890193482295,,3.3700657518272066,
FRB 20220619A,CHIME,294.7354533203767,59.40057856327057,,0.5570296423450979,
FRB 20220619B,CHIME,28.754951741517388,65.7157432428772,,2.336906233570545,
FRB 20220619C,CHIME,39.6887101953354,42.61171443441994,,0.7733165012676257,
FRB 20220621A,CHIME,274.88944766401244,16.989800889906633,,1.072032069425108,
FRB 20220621B,CHIME,25.68288456434822,80.5892513228785,,0.9021826466726204,
FRB 20220621C,CHIME,30.996216283567534,51.54172024389887,,8.130819661431548,
FRB 20220621D,CHIME,111.04296906297954,74.58885948637452,,0.5175158488212861,
FRB 20220622A,CHIME,0.6042881613299147,58.13766020831899,,0.9986532841986192,
FRB 20220622B,CHIME,69.76018673221043,26.577425982375942,,3.609646468989328,
FRB 20220623D,CHIME,255.96853352525488,69.53082176009312,,0.3468764870204167,
FRB 20220623C,CHIME,77.92172065808411,45.79757785053128,,0.3339853851205003,
FRB 20220624A,CHIME,154.98948264289544,66.7485816062979,,0.8178432965887588,
FRB 20220625B,CHIME,255.9627218676747,60.26389595670441,,0.4898691400341478,
FRB 20220626A,CHIME,291.8110111851957,7.7365189571560915,,1.162342014238312,
FRB 20220627D,CHIME,175.14208950082096,59.96448803136819,,0.5370073650743324,
FRB 20220627E,CHIME,198.66337566968025,19.687040636865497,,1.4283988485455987,
FRB 20220627F,CHIME,279.67866787777245,45.029096979896565,,1.8862714629475332,
FRB 20220627H,CHIME,338.8252196826767,3.3898714239304595,,4.919854963391455,
FRB 20220627J,CHIME,81.97977195516886,60.21899928298095,,0.3945354603069663,
FRB 20220628B,CHIME,21.824440205403302,45.32292659726811,,0.859639925658477,
FRB 20220629A,CHIME,298.0590139564018,80.20446966743043,,0.4758980736989019,
FRB 20220630A,CHIME,2.841200963746427,16.414800283347446,,0.9954069673424732,
FRB 20220703A,CHIME,166.12682271090966,34.94300383550752,,0.5832049611279171,
FRB 20220703B,CHIME,169.6899129273105,60.74545573023384,,0.4346141368153767,
FRB 20220703C,CHIME,255.06030907374404,36.452175735023815,,0.519407049144011,
FRB 20220703D,CHIME,89.01088337708245,66.63325871197196,,0.627132355943275,
FRB 20220704A,CHIME,231.5821109589301,25.674352117542128,,0.8133549575675885,
FRB 20220704B,CHIME,278.8932611812016,55.500448828139056,,1.7592241731289011,
FRB 20220705A,CHIME,29.093312582619006,65.70512346935566,,0.8204737640014819,
FRB 20220705B,CHIME,29.550355605154767,65.70531555209945,,1.3227022950842475,
FRB 20220706C,CHIME,340.5964744704147,41.81200596429949,,0.5550860020420976,
FRB 20220706D,CHIME,146.4640463000856,39.53279851998851,,0.4366345872064607,
FRB 20220707B,CHIME,18.51119355746048,72.72289270013532,,1.1008241096573728,
FRB 20220707C,CHIME,114.10391124948626,47.81938774080919,,0.8151883586630971,
FRB 20220707D,CHIME,152.1904848620972,13.847566370964156,,1.9949193148751467,
FRB 20220708A,CHIME,245.3378982970135,26.27280339274313,,0.7229990115723121,
FRB 20220708B,CHIME,35.36961371895937,74.0146635731303,,1.0577177361688237,
FRB 20220709A,CHIME,82.09046348872312,43.85791582752046,,2.730554366872784,
FRB 20220710A,CHIME,49.898936678993934,3.4346648641196875,,1.3393876740154242,
FRB 20220710B,CHIME,59.316917529940085,5.06977513391352,,1.4899557102083494,
FRB 20220711B,CHIME,19.17876915945211,20.497291578960184,,0.4893684402332646,
FRB 20220712A,CHIME,9.636588623269724,75.27946082179616,,0.5688682648968058,
FRB 20220712B,CHIME,89.29934569554374,63.812913434762265,,0.368627976250475,
FRB 20220714A,CHIME,281.41383114568947,24.06323039277519,,1.1544670009869835,
FRB 20220714B,CHIME,290.0474419978151,48.08504200988615,,0.3846532542948204,
FRB 20220714C,CHIME,19.175247117889175,20.492219384800336,,0.8476684180759096,
FRB 20220714D,CHIME,76.97969168686242,63.783877728731575,,1.8287727689895403,
FRB 20220715B,CHIME,37.0753670945349,48.564634846294055,,2.6499813951952,
FRB 20220715C,CHIME,96.57037031629476,45.93857994279864,,0.943282745004342,
FRB 20220716A,CHIME,294.6603200925411,59.39757342303429,,0.8588652305958773,
FRB 20220716B,CHIME,308.44866155891543,53.511852876647865,,0.5954103993896063,
FRB 20220716C,CHIME,315.3313209497205,24.002082353835284,,0.4778467572908036,
FRB 20220716D,CHIME,341.38446245690375,30.67933252337322,,0.9777679691046418,
FRB 20220716E,CHIME,8.554585000289423,59.71199149237121,,1.5340008600288966,
FRB 20220717B,CHIME,181.6053078085069,74.42027152931445,,0.4429581408326666,
FRB 20220717C,CHIME,192.7383942618592,38.12098672762396,,0.7387184510223773,
FRB 20220717F,CHIME,210.04777740269472,24.63220794303418,,0.41066261203267,
FRB 20220717D,CHIME,54.7169171307734,78.58452582582427,,11.042271266068436,
FRB 20220717E,CHIME,78.95942736209585,83.69119051904553,,0.8093511233989954,
FRB 20220718A,CHIME,19.20877828054114,20.501187070022755,,0.4792378519476001,
FRB 20220718B,CHIME,159.40307272718104,57.46678505888838,,3.0010371369969144,
FRB 20220719A,CHIME,235.80067805919185,70.81632080530429,,2.798388164827394,
FRB 20220719C,CHIME,247.5801382832361,61.46413362124531,,0.8389863286985753,
FRB 20220719D,CHIME,321.63423297543426,44.06743441076179,,1.1542135129835,
FRB 20220719E,CHIME,79.61385812118857,61.40389271061406,,3.453266404462481,
FRB 20220719F,CHIME,80.50493236293468,34.803159398841224,,0.4609215098674649,
FRB 20220720B,CHIME,279.7262640542381,57.06453279863976,,0.5958779666705551,
FRB 20220722A,CHIME,29.521723964162803,65.71643939830233,,0.4653295250269349,
FRB 20220722B,CHIME,96.37000701751396,61.44112852575156,,1.5421251451021685,
FRB 20220722C,CHIME,107.07750779943125,40.65393705276978,,2.158027177687086,
FRB 20220723A,CHIME,31.276913520204843,89.37834504349135,,4.06457171831238,
FRB 20220724B,CHIME,240.87795887338729,67.915263886688,,0.7832346256746717,
FRB 20220724C,CHIME,246.59063178347083,28.766277261609645,,0.7526367397131806,
FRB 20220724D,CHIME,279.6914533720248,71.90439866914065,,1.0466530776826048,
FRB 20220725B,CHIME,29.67942082920853,74.87217160389302,,1.1836534140963286,
FRB 20220726B,CHIME,73.67942102089557,69.88387202070638,,0.8617866181010702,
FRB 20220726C,CHIME,113.40655905445163,30.22952801745089,,1.8954380227313443,
FRB 20220803A,CHIME,257.7158393103881,54.00103461033237,,0.5064044874903059,
FRB 20220803B,CHIME,264.8193567835022,78.03468850187633,,0.880287754422037,
FRB 20220805A,CHIME,118.00595155937756,61.31709077898319,,0.392317960239851,
FRB 20220806A,CHIME,106.03393003260707,38.3929322462872,,1.6036842116533216,
FRB 20220807A,CHIME,277.86931809616374,33.598062589116054,,0.5553896235531957,
FRB 20220807B,CHIME,46.2474058969508,13.188082084362913,,1.4146796187505075,
FRB 20220807C,CHIME,98.81467345444916,74.56523013667689,,1.3370498273882718,
FRB 20220808A,CHIME,25.744430191190396,65.71212394144922,,0.3744988423322597,
FRB 20220809A,CHIME,282.6572093966262,27.860120160391997,,0.7504918667569509,
FRB 20220809B,CHIME,350.50828819356275,53.07500121906872,,0.4897844567632023,
FRB 20220809C,CHIME,12.881433859988835,26.51842224139989,,0.6786756520857947,
FRB 20220809D,CHIME,29.519899034738632,65.71453116549992,,0.5266906775834373,
FRB 20220811A,CHIME,284.7060597797913,38.76502013123022,,0.420973985909702,
FRB 20220811B,CHIME,78.52979471231099,-2.407645447541966,,0.9767041398467337,
FRB 20220813B,CHIME,122.11322846000276,64.2822111021104,,0.6821933218948778,
FRB 20220815A,CHIME,207.3737832385014,50.19699694445467,,0.7904000383697998,
FRB 20220816A,CHIME,188.80621070213488,82.11689165989067,,0.5281576897627116,
FRB 20220817A,CHIME,94.6951720990775,17.017942808516338,,1.267003149787091,
FRB 20220818A,CHIME,19.14399749178505,20.49801408153278,,0.6036211016885801,
FRB 20220819A,CHIME,356.56208301920447,89.727421423755,,0.596693633002264,
FRB 20220819B,CHIME,123.03994648492304,48.79878546492232,,0.448284513642907,
FRB 20220820A,CHIME,11.619900727627924,80.13509300612264,,0.7821225934728921,
FRB 20220820B,CHIME,26.801649829981898,31.070717015868382,,0.6377859556187936,
FRB 20220822B,CHIME,19.34566357028593,20.49824076595421,,0.5739956445009918,
FRB 20220822C,CHIME,44.65964502736634,50.39059165768337,,0.47041887308108,
FRB 20220831B,CHIME,343.4950086198288,89.68884436817393,,2.294208890161249,
FRB 20220901A,CHIME,293.5529358452917,74.90611300540886,,0.653083633052261,
FRB 20220901B,CHIME,357.8807620677464,73.43820909472129,,5.041658795490598,
FRB 20220901C,CHIME,18.685642542461835,85.25997516315061,,0.9728994846580729,
FRB 20220902A,CHIME,279.0307703584667,74.09659078096875,,0.3876281434622218,
FRB 20220902B,CHIME,46.727108152882295,77.49063566723893,,0.5408982273826659,
FRB 20220902C,CHIME,67.04392006257214,2.9005374902459278,,0.4458420352657734,
FRB 20220902D,CHIME,121.18252931058726,65.48692595728407,,1.9562525888195772,
FRB 20220903A,CHIME,90.77540657302438,1.7958981783082355,,1.9400641982160496,
FRB 20220903B,CHIME,131.5365116704278,32.486840821863154,,0.4433822166519272,
FRB 20220904A,CHIME,331.6968599363704,17.354247543296957,,0.3648661470896648,
FRB 20220904F,CHIME,46.26064767291507,13.632984459018743,,5.008812688609662,
FRB 20220904C,CHIME,46.247965249814456,13.371426122044031,,5.8029759432822585,
FRB 20220905B,CHIME,331.0499202192443,32.296280384905856,,1.0609239234414771,
FRB 20220905C,CHIME,268.0919428435343,84.24946850615521,,0.8592027180533747,
FRB 20220906A,CHIME,5.92010853087837,15.49594782673924,,2.1618064963030377,
FRB 20220906B,CHIME,70.28301012956189,0.6010927771938759,,0.7512182163759156,
FRB 20220906E,CHIME,154.89372969781363,34.937715452703536,,0.3380004678893663,
FRB 20220906C,CHIME,169.55058877785598,26.338705007800264,,0.7449556397351779,
FRB 20220906D,CHIME,208.41404556139196,46.33053573918053,,1.181704771810152,
FRB 20220907A,CHIME,7.930050595133069,53.95624477251471,,0.5349204757158413,
FRB 20220907C,CHIME,201.7488201458864,39.31166344987754,,0.3285722847261423,
FRB 20220907B,CHIME,222.6937501344354,12.384211980619533,,2.228216281876118,
FRB 20220907D,CHIME,225.70622174606447,18.920184962971945,,0.6243944128587302,
FRB 20220908C,CHIME,264.2458179291229,25.69811406336466,,2.827975970706029,
FRB 20220908G,CHIME,29.76959187555149,65.71579142178987,,0.5965576365804431,
FRB 20220908D,CHIME,92.04780458911952,86.7828096423519,,1.9814825874869844,
FRB 20220910A,CHIME,136.98012510522562,38.491419599682025,,1.7478248991725494,
FRB 20220910B,CHIME,225.4495912859604,68.78123197518606,,0.5959234650876577,
FRB 20220911A,CHIME,269.81023955921296,87.94563480758225,,1.0548895320833274,
FRB 20220912A,CHIME,347.27202176532325,48.80054249633929,,0.421427776006598,
FRB 20220912C,CHIME,354.2702730476339,2.8223051454212955,,0.9295508112233482,
FRB 20220913A,CHIME,308.51314202038384,78.82866820336957,,0.7148019321195357,
FRB 20220913B,CHIME,1.9027033288843864,6.613951197987987,,2.116341734703848,
FRB 20220913C,CHIME,189.4869228408629,44.537668986578254,,9.216685842217148,
FRB 20220914B,CHIME,93.48700347138804,80.71857519081027,,0.7584849752042077,
FRB 20220915B,CHIME,347.37184609939897,48.801483696611264,,0.3463291175839838,
FRB 20220915C,CHIME,92.46830228781926,18.836231988491573,,0.7541932227438369,
FRB 20220915D,CHIME,166.27629585253158,35.178576317083774,,2.466937549358585,
FRB 20220916A,CHIME,237.33978632157223,79.87890924119642,,1.9995612087413348,
FRB 20221012B,CHIME,347.36834466275616,48.79959929825965,,0.3548792466481892,
FRB 20221012C,CHIME,347.4176998656576,48.75077371760324,,1.0905932845691322,
FRB 20221012D,CHIME,349.80167630563994,48.80009016606797,,0.4093052958320374,
FRB 20221012E,CHIME,56.992589402472845,35.15420734254542,,0.6074603639962046,
FRB 20221013A,CHIME,347.0937681480837,48.80591240131591,,0.4703132153854037,
FRB 20221013B,CHIME,347.3064478635976,48.80193067519653,,0.3929446402648739,
FRB 20221013C,CHIME,349.864639788866,48.684140924186536,,0.4710458622129836,
FRB 20221013D,CHIME,15.722315463418184,52.47444041846833,,0.743669400677796,
FRB 20221013E,CHIME,89.36023652276558,85.14115047777337,,1.5836936925342688,
FRB 20221013F,CHIME,111.52057839053307,29.994742282436164,,0.6007479731139704,
FRB 20221013G,CHIME,152.67197586860675,27.166768857054585,,1.138206661173172,
FRB 20221013H,CHIME,218.864269743994,25.29883793289399,,0.5319308794720676,
FRB 20221013I,CHIME,259.7797830365515,41.172427874088896,,1.152988882932228,
FRB 20221014B,CHIME,328.56890292538696,81.05790881104079,,15.73130814197052,
FRB 20221014D,CHIME,347.17841757632544,48.80027612469596,,0.4067165464589289,
FRB 20221014E,CHIME,4.178168494546694,46.33281294800285,,0.5671512251440627,
FRB 20221014F,CHIME,7.764852311995577,85.2574128002685,,2.0405559464416902,
FRB 20221015A,CHIME,313.22407268797065,87.72352133251965,,0.3857691326581453,
FRB 20221015B,CHIME,347.25149235335,48.80225428778533,,0.3690032074891333,
FRB 20221015C,CHIME,179.72658408958318,65.55028639887013,,0.588112462486718,
FRB 20221015D,CHIME,223.56620782543536,19.604492118207304,,5.267688298566993,
FRB 20221017A,CHIME,323.4346264315856,60.52551770811717,,1.3648125190223237,
FRB 20221018B,CHIME,283.5513353035121,46.95536784669663,,0.5159280171188888,
FRB 20221018C,CHIME,347.1945885907779,48.79143945011391,,0.3581877888337197,
FRB 20221018D,CHIME,10.387817942462458,20.930862052291157,,1.444958088558962,
FRB 20221019A,CHIME,87.46529286328251,81.41854852812142,,0.5073391687959938,
FRB 20221019B,CHIME,302.6844446935647,86.48853000585524,,0.7738665077126773,
FRB 20221020C,CHIME,189.0378535775601,25.07112687864659,,1.0747958210375317,
FRB 20221021C,CHIME,72.45814484478623,12.740796489002737,,1.6275359914748322,
FRB 20221021D,CHIME,197.3020670961894,24.215327740322827,,0.5010967742388339,
FRB 20221021E,CHIME,244.0072501936928,62.660982882651226,,0.4989237511188275,
FRB 20221021F,CHIME,245.35649335634815,50.792291306120006,,0.8589239231537419,
FRB 20221022B,CHIME,320.1956853809144,81.06512777073306,,1.58153424485019,
FRB 20221022C,CHIME,347.2843725485289,48.80125652693768,,0.4290019355224206,
FRB 20221022D,CHIME,349.8879263204821,48.79819931740269,,0.3479756959680252,
FRB 20221022E,CHIME,14.175927068295616,31.667660442614466,,0.5191183515132071,
FRB 20221022F,CHIME,42.79637823087954,44.96831271045798,,1.756662117879899,
FRB 20221022A,CHIME,46.9603119574594,86.80759465186503,,9.7760091356841,
FRB 20221022H,CHIME,140.60801620061278,63.11220807837126,,0.3824457492336663,
FRB 20221022I,CHIME,217.5311119274364,20.272750935536514,,0.4707664497478775,
FRB 20221023A,CHIME,294.74839232348006,60.18576142359823,,0.9262499486966456,
FRB 20221023B,CHIME,347.020832758742,48.6758736669694,,0.8860352997928883,
FRB 20221024C,CHIME,163.73669399588903,81.75295327076893,,0.4243218604096648,
FRB 20221024A,CHIME,246.68606469730804,85.40906564072732,,0.7991160247480104,
FRB 20221025B,CHIME,347.221878999027,48.80570078964023,,0.5444471271501363,
FRB 20221025C,CHIME,347.33649266380786,48.80213167621825,,0.3334633798535711,
FRB 20221025K,CHIME,347.3147448813229,48.7992900038104,,0.3671618891871587,
FRB 20221025D,CHIME,347.3266870590495,48.80165048455069,,0.4969466816078041,
FRB 20221025F,CHIME,347.20274905631805,48.79247676929928,,0.4990999928365964,
FRB 20221025G,CHIME,13.28640487230131,53.99495129138511,,0.5852586306495495,
FRB 20221025I,CHIME,63.75423378747294,20.9899721358707,,3.249635900261632,
FRB 20221027B,CHIME,241.2361160595723,80.11890524204688,,0.9048711298380472,
FRB 20221027C,CHIME,270.380995589713,52.79630824503715,,1.486486556828368,
FRB 20221029B,CHIME,173.18396171632435,37.33974678200205,,0.4800081114664247,
FRB 20221029C,CHIME,178.75216533675007,27.18055607974494,,1.348220900308664,
FRB 20221030A,CHIME,344.59280255585685,48.68627212723652,,0.3279940086441133,
FRB 20221030B,CHIME,347.3340194236728,48.80080474039152,,0.3884520194326084,
FRB 20221030C,CHIME,347.32132147982765,48.66901575020779,,1.2883222329514068,
FRB 20221031A,CHIME,70.91587114916294,27.7252989351403,,2.4605397747534856,
FRB 20221101C,CHIME,347.3444900445627,48.66568436419576,,0.6367390981622044,
FRB 20221101D,CHIME,347.1633823090069,48.801100717027566,,0.4422799283776513,
FRB 20221101E,CHIME,70.50028223627798,63.36069426134432,,0.5761386272366441,
FRB 20221101F,CHIME,202.84208866044335,21.60527986027823,,0.5402238103114646,
FRB 20221102A,CHIME,347.2828897533323,48.799555316824325,,0.3846638220655979,
FRB 20221102B,CHIME,347.3766974102958,48.806027600962295,,0.3880543204201739,
FRB 20221102C,CHIME,347.06105164179314,48.79551218275648,,0.4160973282816091,
FRB 20221102D,CHIME,349.71731252474683,48.80009678632432,,0.3953758058012857,
FRB 20221102E,CHIME,114.60825755978492,39.63283131755703,,0.3551287155457898,
FRB 20221103A,CHIME,336.2463123796412,79.68951253465428,,0.6185539771048886,
FRB 20221103B,CHIME,344.72522414049195,48.79912411892927,,0.5085733805852345,
FRB 20221103E,CHIME,90.32225112845744,41.149314262811686,,0.5361485437555542,
FRB 20221104A,CHIME,347.1589658009285,48.80027317065515,,0.6174377579233078,
FRB 20221104B,CHIME,347.4240817360983,48.80263280251019,,0.5883202922507843,
FRB 20221104C,CHIME,347.4119643276704,48.79785203310647,,0.6178968832851658,
FRB 20221104D,CHIME,349.9884579568924,48.80103840643194,,0.6427493831129921,
FRB 20221104E,CHIME,16.655242805531202,77.0236532286456,,0.5939030961632099,
FRB 20221104F,CHIME,57.60800961420855,71.49793850393388,,0.5084516249663633,
FRB 20221105A,CHIME,277.2663609044422,1.2051437891845271,,2.7957537010431186,
FRB 20221106B,CHIME,344.9028530619539,48.80328972156886,,0.4390543907786847,
FRB 20221106C,CHIME,347.2429466824999,48.80075974948409,,0.3920329514352871,
FRB 20221106D,CHIME,347.42742025230393,48.81286377110115,,0.3740258331660638,
FRB 20221106H,CHIME,349.78932639645154,48.79696482173243,,0.4885730423619813,
FRB 20221106I,CHIME,223.13728221254755,50.18755173049597,,1.4208877437744654,
FRB 20221106J,CHIME,222.49607647701043,64.71031930576993,,5.105331298861648,
FRB 20221107A,CHIME,303.2848312192393,30.71302810462204,,0.7051296235047743,
FRB 20221107B,CHIME,306.0871597475435,57.40238540107548,,0.650038463694561,
FRB 20221107C,CHIME,322.46314731961206,87.16077380042705,,0.5722755091393487,
FRB 20221107D,CHIME,320.6021218800615,36.71976140818309,,0.662080457496717,
FRB 20221107F,CHIME,347.18745746882587,48.79919869443232,,0.3847030664593585,
FRB 20221107H,CHIME,347.2287859331983,48.79990160063305,,0.4109553953338914,
FRB 20221107J,CHIME,103.2027788673071,8.329912460186765,,0.828941204136908,
FRB 20221107K,CHIME,241.37244451601345,31.220241115103374,,1.2585668395083278,
FRB 20221108C,CHIME,349.9132570160893,48.80129478010345,,0.4241092691665346,
FRB 20221108A,CHIME,95.22447010740972,53.98691685763713,,0.8717322275718344,
FRB 20221108D,CHIME,123.22442719386596,62.45988130117129,,1.0840021643772575,
FRB 20221109A,CHIME,328.25793661933074,46.10584321048011,,0.4945781657310928,
FRB 20221109B,CHIME,344.7779540857515,48.80311579027901,,0.3790224911555963,
FRB 20221109C,CHIME,347.03936602581905,48.79852860273756,,0.3281821668187145,
FRB 20221109E,CHIME,81.81442867768857,24.16554354691342,,14.741172587547286,
FRB 20221110C,CHIME,28.941578967984487,85.65688996072724,,0.8239256357450663,
FRB 20221110A,CHIME,225.1194618924423,72.07315403756986,,0.9442019141476165,
FRB 20221110B,CHIME,253.775554913988,65.80349317129892,,0.9815556733893264,
FRB 20221111A,CHIME,347.3399039027957,48.799284502165385,,0.3689947810459775,
FRB 20221111B,CHIME,347.3015763937681,48.79865938551416,,0.3798183039467836,
FRB 20221111C,CHIME,147.8393905124522,12.40617817628234,,0.4914276092322922,
FRB 20221112A,CHIME,344.8753783562872,48.80107130194486,,0.3794912927130813,
FRB 20221112B,CHIME,345.0149480936584,48.79316906070156,,0.5540836560235357,
FRB 20221112C,CHIME,347.1517787817495,48.8042066541971,,0.4087638520672836,
FRB 20221112D,CHIME,347.21664046627825,48.80327909500346,,0.484094741049943,
FRB 20221112G,CHIME,131.30014729502884,34.50439351651823,,0.9499732810622442,
FRB 20221112H,CHIME,188.4110912960952,3.0769302048978746,,1.7567707379898092,
FRB 20221113B,CHIME,344.72281424070053,48.66294810870997,,0.5329713962808444,
FRB 20221113D,CHIME,347.426406006638,48.80010715422661,,0.4030898319875501,
FRB 20221113F,CHIME,75.40761268831639,48.89217136982566,,0.4589013364077982,
FRB 20221113G,CHIME,119.64706834510925,77.49107539323738,,1.8825451117811929,
FRB 20221113H,CHIME,168.3915155649957,31.454218784510843,,0.3864881227165415,
FRB 20221113I,CHIME,288.26342469011126,55.10906530980981,,0.451629158669031,
FRB 20221114A,CHIME,347.40379102115094,48.80212183689783,,0.3573449364062591,
FRB 20221114B,CHIME,347.2250939987488,48.67666010561709,,1.0063310248435806,
FRB 20221114C,CHIME,349.04101058254946,48.80489521853586,,0.4269618842330836,
FRB 20221114D,CHIME,95.89615362307023,58.67705738961333,,0.6692584795216624,
FRB 20221114E,CHIME,137.5154368723563,41.23687889460488,,0.8101575227757184,
FRB 20221115F,CHIME,347.4888559543382,48.79534233652328,,0.4682190498501361,
FRB 20221115B,CHIME,349.75177239062305,48.80305166368322,,0.7370125702775912,
FRB 20221115C,CHIME,25.259403680663304,65.69994575526596,,0.3772549423456651,
FRB 20221115D,CHIME,25.810004095436497,65.706851086062,,0.9915558782466066,
FRB 20221116B,CHIME,334.85683997358706,8.696387029403464,,2.2906882282389947,
FRB 20221116J,CHIME,347.48187875904455,48.80179636191731,,0.4857628710630478,
FRB 20221116D,CHIME,347.29943126902947,48.79898956371001,,0.3963304300836688,
FRB 20221116F,CHIME,349.4355074320184,48.797303638761086,,4.686751017653559,
FRB 20221116G,CHIME,43.7925596058234,33.52248578482568,,0.8628241892475703,
FRB 20221116H,CHIME,142.89751512679817,76.67216565176498,,1.6633682513185053,
FRB 20221117A,CHIME,301.9183381633738,79.92485354418507,,0.6616096103608301,
FRB 20221117C,CHIME,321.82751407360263,35.12210437626621,,2.8800950530039184,
FRB 20221117J,CHIME,347.34468413627417,48.67518876507838,,1.670877372719148,
FRB 20221117E,CHIME,347.5223719015497,48.805942488567055,,0.4922663958250667,
FRB 20221117F,CHIME,347.11886610647593,48.80151453672035,,0.4217473336968999,
FRB 20221117G,CHIME,347.1321887384266,48.79873456436518,,0.4423062631341645,
FRB 20221117H,CHIME,347.1758216187116,48.79746261087952,,0.4022577432996718,
FRB 20221117I,CHIME,347.1480098718996,48.66761337242426,,1.276444856728659,
FRB 20221118A,CHIME,347.2656844587159,48.80453038690784,,0.5601937385648073,
FRB 20221118B,CHIME,347.247121457806,48.763615145623504,,0.8729304149376449,
FRB 20221118C,CHIME,63.21512173590412,29.07701451516508,,1.721033406406806,
FRB 20221118D,CHIME,110.02180311942868,8.686694068082959,,10.795611150781872,
FRB 20221129A,CHIME,344.9735065629314,48.79814325387265,,0.5447094755439745,
FRB 20221129B,CHIME,347.09192789399367,48.80176306275514,,0.4039155706976357,
FRB 20221129C,CHIME,347.30460840928095,48.79831910063942,,0.3563089310436479,
FRB 20221130A,CHIME,347.14976433908555,48.7997704542497,,0.3701075505625735,
FRB 20221130B,CHIME,349.6339123571412,48.79878030831992,,0.3343699851053226,
FRB 20221130C,CHIME,227.65401022780168,30.87692827410571,,1.0920178061542696,
FRB 20221130D,CHIME,283.36479366405024,46.95749435076035,,0.4172371086525436,
FRB 20221201B,CHIME,347.2743901217093,48.80357737373377,,0.4352933405925939,
FRB 20221201C,CHIME,347.5064893839939,48.79674795360701,,0.3595569318315464,
FRB 20221201D,CHIME,347.468811431719,48.7957779750512,,0.4126972772547438,
FRB 20221201E,CHIME,28.617033519935905,33.907685711253336,,0.7165101645549298,
FRB 20221201F,CHIME,254.27356391577217,89.18775718092301,,0.829585013395264,
FRB 20221201A,CHIME,282.0317075141956,22.7858737842774,,5.333678298910691,
FRB 20221202A,CHIME,338.49211776602715,48.99994575194114,,0.4290628200611147,
FRB 20221202B,CHIME,344.7008068107681,48.78815228336032,,0.9948800003558655,
FRB 20221202C,CHIME,349.7920101310648,48.80056583578582,,0.6131446698335241,
FRB 20221202D,CHIME,353.2679452070173,26.513978041136376,,0.5814244203628747,
FRB 20221202E,CHIME,139.4557650163738,22.88506193232777,,0.3774835948378666,
FRB 20221202F,CHIME,210.2614241911968,36.526677402638455,,0.5913809738280688,
FRB 20221203C,CHIME,345.36458910123577,48.80265856695834,,0.4718585486717135,
FRB 20221203D,CHIME,344.88143153986346,48.79421956102088,,0.3428205039663353,
FRB 20221203E,CHIME,344.9905532911247,48.79636745806579,,0.4051690175350931,
FRB 20221203F,CHIME,347.16228789839744,48.79946595351825,,0.4240152384763277,
FRB 20221203G,CHIME,347.2874672421799,48.799797390927104,,0.4481684480023951,
FRB 20221203I,CHIME,347.51975922628924,48.79839322052899,,0.394443529569242,
FRB 20221203J,CHIME,347.2347131795759,48.80045189973009,,0.3930032465548024,
FRB 20221203K,CHIME,347.2038212918759,48.79769506851072,,0.389770105744787,
FRB 20221203L,CHIME,347.2347856807304,48.79685815438002,,0.5239376729121169,
FRB 20221203N,CHIME,11.43539178529019,52.40991928067997,,1.1179582657547862,
FRB 20221203O,CHIME,192.60475201430583,87.84799297901017,,0.731053714429202,
FRB 20221204A,CHIME,347.27155695780743,48.79949133047288,,0.3645831295904379,
FRB 20221204B,CHIME,347.30128628613,48.80285822730757,,0.4868499623780234,
FRB 20221204F,CHIME,208.03809096933443,48.11625136639581,,1.0470683657316189,
FRB 20221204G,CHIME,258.3739164841784,10.346828568857402,,1.3209337189770696,
FRB 20221205K,CHIME,344.7939352019517,48.79199073409974,,0.604917815364804,
FRB 20221205B,CHIME,347.2916835568544,48.81316112513719,,0.6966103098062612,
FRB 20221205C,CHIME,345.6464289596356,48.793502493748505,,0.3699824791095862,
FRB 20221205D,CHIME,347.1216392347068,48.79949491554437,,0.3967407205177096,
FRB 20221205F,CHIME,347.3854649502789,48.80613345175029,,0.5822704128070362,
FRB 20221205G,CHIME,347.2896572026666,48.80053398665987,,0.5960899950467075,
FRB 20221205H,CHIME,347.25692327111153,48.79199941851567,,0.3633289090289283,
FRB 20221205I,CHIME,349.5776684902022,48.80236220003398,,0.4841852602907622,
FRB 20221206A,CHIME,347.0809434019044,48.80961154325729,,0.522298548712827,
FRB 20221206B,CHIME,347.24696975144786,48.80107710923852,,0.3931243446736607,
FRB 20221206C,CHIME,347.11020488677184,48.80226999722059,,0.6650572342237574,
FRB 20221206D,CHIME,347.1122857688905,48.802952961369215,,0.4832289400981072,
FRB 20221206E,CHIME,347.2423565300036,48.79977843576084,,0.3915103799152186,
FRB 20221206F,CHIME,347.360970815581,48.79980642799204,,0.4910357974932886,
FRB 20221206G,CHIME,151.4765290534987,36.13400918794985,,0.4113144668768168,
FRB 20221206H,CHIME,224.65843633236733,26.46594738369097,,2.83393336537575,
FRB 20221206I,CHIME,296.725703868202,64.5596481648456,,5.122874257024521,
FRB 20221207A,CHIME,318.2468389745728,69.81963512665345,,0.6115306409293123,
FRB 20221207B,CHIME,347.0843121182852,48.80176322014326,,0.533956666582715,
FRB 20221207C,CHIME,347.3668147131788,48.80014747815327,,0.4535396617677805,
FRB 20221207D,CHIME,20.87890870438767,20.49696675644674,,0.6953480921167141,
FRB 20221207E,CHIME,122.35058010803344,46.40560896998973,,0.4681043234406834,
FRB 20221208D,CHIME,135.1925176872551,87.87277357916376,,1.2817616459589034,
FRB 20221208E,CHIME,128.6526851592899,79.73998679294368,,2.1793724470690283,
FRB 20221209B,CHIME,189.79127737448613,78.58729849374532,,1.1010953474171636,
FRB 20221209C,CHIME,195.49724544806213,0.7701811252971318,,1.208257674964055,
FRB 20221209D,CHIME,279.7718459229727,52.56669633921295,,1.037382523004591,
FRB 20221209A,CHIME,300.4680762699503,59.403938885497055,,5.056135644107809,
FRB 20221210D,CHIME,343.49541121036395,83.98415064077525,,1.984145199145262,
FRB 20221210E,CHIME,347.2239866848101,48.69918903475812,,0.6167684090453268,
FRB 20221210F,CHIME,347.5532295353498,6.08328553349326,,1.2234027512405024,
FRB 20221210G,CHIME,20.96812933194195,20.52863956656685,,0.9081064197452808,
FRB 20221210H,CHIME,141.43680848242366,36.52037772530582,,0.6304344514508174,
FRB 20221210I,CHIME,153.0523672272326,14.798616136008883,,1.246879127768105,
FRB 20221210J,CHIME,176.3020899299699,35.34684824924467,,0.4067502190374996,
FRB 20221211A,CHIME,347.19944388883755,48.80382198161682,,0.5816821772022249,
FRB 20221211C,CHIME,347.51835863732214,48.79637038035847,,0.476993433634671,
FRB 20221211D,CHIME,247.018494860494,87.06447474569447,,1.2189843186219802,
FRB 20221211E,CHIME,235.2927445250688,33.28415832417436,,5.125171482751244,
FRB 20221212A,CHIME,344.83070374623543,48.80194749183376,,0.6470906924544598,
FRB 20221212C,CHIME,345.3616811000911,48.80097128752588,,0.6963666236365259,
FRB 20221213A,CHIME,326.29944498699723,30.916382574757584,,2.141273659321591,
FRB 20221213B,CHIME,347.37431637595824,48.79292018841349,,0.4944109699227815,
FRB 20221213C,CHIME,347.0977865154058,48.79878695710947,,0.4317379814498617,
FRB 20221213D,CHIME,347.3243606229736,48.79988383704499,,0.5587816047837914,
FRB 20221213E,CHIME,347.4771914455399,48.672303577205255,,0.6064466156318683,
FRB 20221213G,CHIME,13.057251251390747,52.54139645986845,,1.3912074254598592,
FRB 20221213H,CHIME,43.57417704929764,88.80312782902789,,2.030079294940737,
FRB 20221213I,CHIME,279.3273321940137,34.70949965902564,,1.7197453715431754,
FRB 20221214A,CHIME,347.1037535022426,48.80154224922586,,0.3933875164295358,
FRB 20221215A,CHIME,344.4239186764869,48.80035055182721,,0.6258167881746575,
FRB 20221215B,CHIME,344.2605369403809,48.791072796493225,,0.4116330190100726,
FRB 20221215C,CHIME,347.2157901322454,48.79805469417321,,0.442976697485674,
FRB 20221215D,CHIME,347.3051319343059,48.80446766160348,,0.3963517215782597,
FRB 20221215E,CHIME,347.3762304846888,48.80540827210528,,0.5839648574601601,
FRB 20221215F,CHIME,18.49179430413496,31.05390785358739,,1.8715508900060676,
FRB 20221215G,CHIME,25.1607269099176,65.69599277709182,,1.2958363766466925,
FRB 20221215H,CHIME,198.67766857892445,59.02100421633254,,13.392683408872324,
FRB 20221215J,CHIME,251.665599868574,10.323589425592512,,2.5918213973649578,
FRB 20221216A,CHIME,347.45986276412964,48.80385736089588,,0.6638850401136994,
FRB 20221216B,CHIME,347.0682685055134,48.79033184069464,,1.3908891049111842,
FRB 20221216C,CHIME,4.118395067153979,32.27725151473992,,1.772795025352433,
FRB 20221216D,CHIME,19.13227298707956,20.491882130357126,,2.358980010809917,
FRB 20221216E,CHIME,133.24896993660838,46.81815925757485,,0.7176597667179929,
FRB 20221216F,CHIME,232.53423986943648,41.61586077577881,,0.6875076820602897,
FRB 20221217B,CHIME,347.3191036353273,48.80535973488222,,0.8535798634348702,
FRB 20221217C,CHIME,347.16565101688474,48.671971709581065,,0.4708365628568736,
FRB 20221217D,CHIME,248.32403910957527,63.276960594543525,,0.8127860452553984,
FRB 20221218A,CHIME,345.13202583374846,48.79899550763628,,0.3508659005343875,
FRB 20221218B,CHIME,347.3614531558835,48.79710795447141,,1.1256835451675986,
FRB 20221218C,CHIME,70.8409049804047,21.012100399154637,,0.8696137417912023,
FRB 20221219B,CHIME,347.1124381166516,48.79921607608014,,0.3617569193158556,
FRB 20221219C,CHIME,347.1223452497476,48.79858810886002,,0.5233078638118737,
FRB 20221219D,CHIME,347.2921581777028,48.795107385991415,,0.3783541468694991,
FRB 20221219E,CHIME,347.24991348819924,48.78449809985244,,0.931261617110873,
FRB 20221219F,CHIME,322.62903989561306,62.11697909735072,,0.760515117310111,
FRB 20221220A,CHIME,347.3514056896878,48.80113902683389,,0.4671453032141907,
FRB 20221220B,CHIME,347.36603450703024,48.80000432508387,,0.4981019069361073,
FRB 20221220C,CHIME,347.3598642684541,48.66640942830497,,0.7375749343443082,
FRB 20221220D,CHIME,349.7812980011018,48.68177927165817,,0.6206104234977052,
FRB 20221220E,CHIME,354.1049114282704,14.084109096695329,,1.0334777665020287,
FRB 20221220F,CHIME,265.5757806846237,57.49163003231122,,0.5829595555227546,
FRB 20221221A,CHIME,347.3548501302082,48.674490514213815,,0.7728635676305349,
FRB 20221221B,CHIME,347.2920654930567,48.80549703902631,,0.4777020290944123,
FRB 20221221C,CHIME,347.098713718808,48.79914320548388,,0.6069645029783607,
FRB 20221221D,CHIME,13.381232836114409,9.196123652545436,,0.906004967438698,
FRB 20221222A,CHIME,339.22241191733167,48.97398259095394,,1.0820120559192006,
FRB 20221222B,CHIME,344.8523541471309,48.79252514900059,,0.548790201605103,
FRB 20221222C,CHIME,347.3215224256103,48.62945948044683,,1.317866416454494,
FRB 20221222D,CHIME,347.2920859953116,48.80588251760494,,0.9419647815075286,
FRB 20221222E,CHIME,347.16559696494977,48.79711207100939,,0.6300102346558929,
FRB 20221222F,CHIME,26.171624212709567,24.40898478090937,,0.3230292968087686,
FRB 20221222G,CHIME,126.9268504708914,47.06782618382168,,0.642552750867068,
FRB 20221222H,CHIME,157.67454464976416,21.328719338352908,,2.137236093984585,
FRB 20221223B,CHIME,344.8116107435944,48.79665317981994,,0.8619981958119308,
FRB 20221223C,CHIME,347.44192573301257,48.80315252076959,,0.5744398592735881,
FRB 20221223D,CHIME,347.1887424323867,48.80348146887541,,0.7129731973357272,
FRB 20221223E,CHIME,347.22952771693025,48.63485372119583,,1.329426154641108,
FRB 20221223I,CHIME,331.58652095577764,17.358215521449385,,0.7098712851429505,
FRB 20221224A,CHIME,344.99003185705794,48.7950546776944,,0.5469068977274949,
FRB 20221224B,CHIME,347.2120910451308,48.79960399330022,,0.6949199188557358,
FRB 20221224C,CHIME,347.27651079665566,48.8054138651482,,0.7365676828305102,
FRB 20221224D,CHIME,347.46157632796474,48.790607240471,,0.4360896443726635,
FRB 20221226A,CHIME,347.2457031204997,48.8005185588381,,0.7231865410961774,
FRB 20221226B,CHIME,347.5010404783065,48.79600953173932,,1.0243259612973967,
FRB 20221226C,CHIME,347.0784948378275,48.79523959715746,,0.6180303781572858,
FRB 20221226G,CHIME,189.4154995030376,34.941567500179886,,2.286843981493004,
FRB 20221227A,CHIME,347.3487276687988,48.79823183087642,,0.7627925041126417,
FRB 20221227B,CHIME,347.1799094865477,48.67654975375353,,1.669826533056815,
FRB 20221227C,CHIME,139.15893017307678,52.91411491471008,,4.227200825894784,
FRB 20221228A,CHIME,249.2072229881923,38.838879133759406,,6.8159191634060665,
FRB 20221230A,CHIME,344.72236970352674,48.80171136921068,,2.5501043656370808,
FRB 20221230B,CHIME,1.445318498474674,-1.2904205203851666,,3.120025059760878,
FRB 20221230C,CHIME,76.8382804203293,51.61999518286957,,0.6523394069373357,
FRB 20221231A,CHIME,347.3048326178769,48.79914485548014,,0.6504705232461272,
FRB 20221231B,CHIME,347.4617774310517,48.79610093393499,,1.055600260896807,
FRB 20221231D,CHIME,33.148657701333164,65.71779908939081,,0.7785997788326577,
FRB 20221231E,CHIME,79.43191964374729,61.397091333260974,,0.9520430191329544,
FRB 20230101A,CHIME,347.1344331215839,48.79227680386148,,0.7162359055209103,
FRB 20230101B,CHIME,195.90938240709232,82.425663601445,,5.098097953762619,
FRB 20230101C,CHIME,112.42966803766606,6.777462304072715,,1.2531011467245268,
FRB 20230102A,CHIME,347.05500685190225,48.80006748339035,,0.6129580531599513,
FRB 20230102C,CHIME,347.2802887826409,48.80348696103836,,1.1187329989250667,
FRB 20230102D,CHIME,334.7791118151298,64.09937721948134,,1.3850461597758317,
FRB 20230103A,CHIME,114.75024803932972,40.41658500364189,,0.6367829278927333,
FRB 20230103B,CHIME,129.7455789241798,24.60357750244412,,1.0934634181510805,
FRB 20230104A,CHIME,347.21677317463366,48.79226993062672,,0.7661543709884336,
FRB 20230104B,CHIME,347.35784275635,48.79236813673506,,0.7628112761138417,
FRB 20230105B,CHIME,349.68923381572165,48.8017381023206,,0.8340013329889536,
FRB 20230106A,CHIME,344.9456367925892,48.79874917156215,,0.7619631322189185,
FRB 20230106B,CHIME,67.52802754320004,11.758504683574255,,1.05589874663942,
FRB 20230106C,CHIME,331.61584661222787,17.353414617858277,,1.146326468346479,
FRB 20230106D,CHIME,344.7352483693324,48.79783828769425,,0.7402375715480177,
FRB 20230107A,CHIME,347.3699821814173,48.80377694930221,,1.199282381925962,
FRB 20230107B,CHIME,347.2427622195651,48.79700569023695,,0.9268983613198264,
FRB 20230107D,CHIME,11.369972631479657,51.1345392026758,,1.199517509611223,
FRB 20230110A,CHIME,0.1288516723554664,57.22644012017483,,8.740865181330028,
FRB 20230112A,CHIME,1.4806590183162702,23.95541091733888,,3.117828728373774,
FRB 20230114A,CHIME,245.65119423843487,5.19279745929091,,3.5428104869255765,
FRB 20230116B,CHIME,223.166784316909,41.6110590422893,,4.54170780288527,
FRB 20230117A,CHIME,138.86839449441396,26.046619308501462,,2.3457675046069806,
FRB 20230118A,CHIME,146.2819127527826,38.90073588507454,,2.015018207497758,
FRB 20230119A,CHIME,75.70647703230051,58.63385998127525,,2.843305461043928,
FRB 20230119B,CHIME,104.51013489657448,70.1155755417712,,3.666388921839678,
FRB 20230120A,CHIME,147.09697232260334,43.60419773804948,,1.8903341304607997,
FRB 20230120B,CHIME,152.62872690206672,31.301039694831957,,1.0708102463565845,
FRB 20230122B,CHIME,17.063508743900954,53.84718709177029,,1.3078930973438043,
FRB 20230122C,CHIME,323.610688226216,83.07659971361278,,1.288626970745358,
FRB 20230123A,CHIME,329.0805576145774,-5.070398537742534,,1.962665655328072,
FRB 20230125A,CHIME,306.21262965302867,72.85744660465133,,1.2985422439587953,
FRB 20230125B,CHIME,235.3077014196656,27.390036284834512,,1.059680564043907,
FRB 20230125C,CHIME,244.5428115118248,10.38274964835854,,1.2565529401636752,
FRB 20230126A,CHIME,185.82256253435503,37.30538697363173,,1.3421962486990835,
FRB 20230126B,CHIME,218.02630797493617,77.68510116784935,,0.69166271388205,
FRB 20230127A,CHIME,141.20903101975668,50.45104890968204,,2.230392700556044,
FRB 20230131A,CHIME,225.3113427414781,54.22758288941951,,0.627822522682586,
FRB 20230202A,CHIME,336.15879306182205,46.103484702270414,,0.8578177475088883,
FRB 20230202B,CHIME,347.3682588996987,48.7993072148019,,0.7494803222245185,
FRB 20230203A,CHIME,147.5803150533382,35.677259019531746,,1.3113013309894803,
FRB 20230203B,CHIME,347.149699487922,48.80256148213611,,0.6455841231504786,
FRB 20230204A,CHIME,17.81951121852562,77.89643319087685,,1.037354870390049,
FRB 20230204B,CHIME,200.13852384266767,85.84484452968815,,1.0040392613371334,
FRB 20230204C,CHIME,52.7917366050898,50.006915156089775,,1.755882534945993,
FRB 20230204D,CHIME,195.3033719514034,44.7866786967386,,1.058217847500735,
FRB 20230205A,CHIME,149.3618773510367,67.0132824925144,,5.364600192557651,
FRB 20230207A,CHIME,236.96081348552377,14.28109486299942,,1.5528102698469062,
FRB 20230209A,CHIME,117.5474915194406,69.56313796632497,,1.9326542195488745,
FRB 20230209B,CHIME,123.58186025530084,41.71440337154455,,2.6853925412000432,
FRB 20230209C,CHIME,239.09046798763276,28.78632201598637,,1.3863872140887727,
FRB 20230210A,CHIME,108.7185291883866,8.849670168275114,,2.861797181042892,
FRB 20230210B,CHIME,311.0469209570557,88.53834884003638,,0.6726089390644306,
FRB 20230210C,CHIME,181.34066970513936,45.704351482674014,,0.3516535790966944,
FRB 20230210D,CHIME,188.03164141153653,27.137428066593067,,0.3913311390987884,
FRB 20230210E,CHIME,261.4052501037519,62.63496499524263,,0.4693959760891712,
FRB 20230210F,CHIME,347.0317472916573,48.79044571758904,,0.4601154863267991,
FRB 20230214A,CHIME,347.3202972568713,48.79960781361864,,0.3978737075189483,
FRB 20230215A,CHIME,137.21590859120414,36.11249950398769,,0.5611500283919684,
FRB 20230216B,CHIME,203.39497321614007,54.09325739952536,,0.4092699938441832,
FRB 20230216C,CHIME,305.8439430613341,15.244718180402788,,0.4354044961880572,
FRB 20230216D,CHIME,317.6741001019152,11.718595905324907,,0.6231412156710671,
FRB 20230218C,CHIME,317.181454881347,87.43407365067853,,0.635895892175777,
FRB 20230222A,CHIME,107.07175490582884,11.22607818849742,,3.707729001546362,
FRB 20230222B,CHIME,237.3146534624279,30.85450666591133,,3.5409602052333837,
FRB 20230223A,CHIME,243.8820159409924,80.86532492193838,,0.957094108941048,
FRB 20230223B,CHIME,108.11429264354727,26.260378663649888,,0.987607582599984,
FRB 20230223D,CHIME,197.2985008684226,70.43881988237948,,0.4017687867624631,
FRB 20230223E,CHIME,212.16918342392603,51.369623340280434,,1.0849659738824284,
FRB 20230223F,CHIME,230.4069723901639,42.00875705694348,,0.5705088410432088,
FRB 20230224B,CHIME,353.5206535660602,11.770788098896595,,10.749132109073908,
FRB 20230225A,CHIME,204.6085620663771,55.47308067064672,,0.5756117942192701,
FRB 20230225B,CHIME,355.2563510043776,33.34074846555015,,1.4946803034211695,
FRB 20230226A,CHIME,50.30324819911363,55.84061296827437,,0.4376066346642875,
FRB 20230226C,CHIME,284.3383471219417,76.67947284416081,,0.4143687898015152,
FRB 20230227B,CHIME,224.87868342013795,87.63337208321582,,0.716904931759911,
FRB 20230227A,CHIME,158.24520938723506,70.03439984901016,,1.211373565230079,
FRB 20230228A,CHIME,260.4331934046384,75.42409053267554,,0.5775592864632457,
FRB 20230301A,CHIME,248.70380702885325,27.93448251044348,,0.493190980808558,
FRB 20230301B,CHIME,9.86274524623418,20.90494172407237,,0.9559422295866108,
FRB 20230303B,CHIME,75.92991849711953,59.814365787339824,,1.210144663340001,
FRB 20230303A,CHIME,29.565955159643117,19.61152798416839,,0.4203620981812542,
FRB 20230304A,CHIME,161.47122133111924,48.818337073025965,,0.5545765853138057,
FRB 20230305A,CHIME,197.34937048317528,35.34570318621682,,0.4577054086283091,
FRB 20230305B,CHIME,219.8056480864492,41.24697943389158,,0.3331184256945649,
FRB 20230305C,CHIME,324.4535596672739,31.474777231302287,,0.5925490315445984,
FRB 20230306A,CHIME,92.58867825641346,41.15341978920627,,0.5023787289575361,
FRB 20230306B,CHIME,123.3713958766232,34.89355819736615,,0.6052255691835603,
FRB 20230306C,CHIME,130.7197116178449,52.505600816585314,,0.7932299270552066,
FRB 20230306D,CHIME,285.14522594408425,46.950766011082194,,0.6138128714615168,
FRB 20230306E,CHIME,351.0389407135049,7.504428988502578,,1.3211416814094612,
FRB 20230307C,CHIME,187.52122954308408,71.63004683164868,,1.6930054190738957,
FRB 20230307D,CHIME,206.6717995940346,60.3537077719201,,0.8163923806224976,
FRB 20230307E,CHIME,251.5923219248625,23.69714846059099,,0.4113545823629518,
FRB 20230307F,CHIME,35.59414202709625,45.333791870144864,,0.577204567978899,
FRB 20230308B,CHIME,247.9413267082504,7.836783609424648,,1.298302651743522,
FRB 20230308C,CHIME,313.8191207273704,34.51638895854831,,2.1542258596908908,
FRB 20230308D,CHIME,347.1705322295451,48.80223555374069,,0.5506772985600196,
FRB 20230308E,CHIME,208.27954154115204,75.84001232081184,,1.7949783270616362,
FRB 20230309A,CHIME,131.84341544171565,8.168751640252966,,1.5094824991821787,
FRB 20230309B,CHIME,171.2754700100571,6.3414707144898514,,1.5774530526933868,
FRB 20230309D,CHIME,17.327655452084066,40.23790264704505,,0.5230174916392175,
FRB 20230309E,CHIME,43.03505620285321,74.88589566234575,,1.032567906894844,
FRB 20230310A,CHIME,321.00332091846,40.25619160496443,,1.7524578406707894,
FRB 20230310B,CHIME,347.41880773410594,48.79897884720381,,0.3842377439024278,
FRB 20230311A,CHIME,90.97205056348956,55.92640755982594,,3.270207157943425,
FRB 20230311B,CHIME,347.0199216436498,48.79577126887439,,0.9729560939141704,
FRB 20230312B,CHIME,347.3804332951364,48.80335850057298,,0.4903145161733568,
FRB 20230313E,CHIME,116.31995431825864,35.27989335119878,,1.2959270714188889,
FRB 20230313A,CHIME,142.41985228656134,39.29611756480974,,1.5653894939704511,
FRB 20230313B,CHIME,187.06427750646577,67.98540724071687,,0.4245054893085183,
FRB 20230313C,CHIME,322.30526079482684,27.36850808010885,,1.1741734913858244,
FRB 20230314B,CHIME,217.4430576841894,11.91691910933104,,1.0789317618508658,
FRB 20230314A,CHIME,310.40454858693295,6.945645256837094,,32.723296864646855,
FRB 20230314D,CHIME,345.0230733304147,48.79007374192437,,4.914263742849474,
FRB 20230315A,CHIME,107.6135954273914,47.02152084580782,,0.5236309953032464,
FRB 20230316A,CHIME,290.3782225833802,82.75889766845039,,2.1575946280360987,
FRB 20230316B,CHIME,301.4459123660438,31.1228990207974,,0.5413598077227397,
FRB 20230316C,CHIME,331.8569826365538,17.354110940750864,,0.514941835465026,
FRB 20230316E,CHIME,347.2648660867068,48.80401671962135,,0.4485535354241274,
FRB 20230316F,CHIME,347.29806164418176,48.80184652051871,,0.6212160482071387,
FRB 20230316G,CHIME,347.29909813236446,48.80225123295279,,0.4604066644229856,
FRB 20230317A,CHIME,179.25210635068584,72.32456613355647,,2.2531009931757064,
FRB 20230317B,CHIME,274.3687852387351,67.45084260570592,,1.3104560158459233,
FRB 20230317D,CHIME,344.73700453913773,48.79914577302106,,0.3368235915689131,
FRB 20230318B,CHIME,299.27366755632426,76.32154070995438,,1.6261380374171652,
FRB 20230318C,CHIME,347.2458390914985,48.79784382831237,,0.3546753405251462,
FRB 20230319A,CHIME,337.97955052518535,14.270182776787795,,0.5608122916884332,
FRB 20230320B,CHIME,108.87254230162144,21.959586803187904,,0.7050218840932903,
FRB 20230320A,CHIME,300.9867060301508,58.051595705351886,,0.6314871570829266,
FRB 20230321A,CHIME,329.2062424160024,49.48830021433466,,1.0180417165260656,
FRB 20230322A,CHIME,197.4662352821423,34.14077757317551,,0.7130841233802453,
FRB 20230322B,CHIME,194.69909559656463,49.72662145962372,,3.596276726071527,
FRB 20230322C,CHIME,303.7091993606639,53.11978539388781,,0.6874034034281784,
FRB 20230322D,CHIME,354.6550486151724,31.88057218310964,,0.4670199045577462,
FRB 20230323A,CHIME,75.89423222689908,75.94407474221437,,1.358486019745267,
FRB 20230323B,CHIME,148.60707376494037,-4.8475065951464416,,0.9313623311600188,
FRB 20230323C,CHIME,213.56832056796725,27.57054732569832,,0.5786209778607625,
FRB 20230324A,CHIME,148.3969393982896,46.32338357279683,,0.3227816766773064,
FRB 20230324B,CHIME,278.2033290658583,76.64839619141935,,0.6903258057601371,
FRB 20230324C,CHIME,27.438008061250624,85.26230451936888,,0.6011246464948455,
FRB 20230327D,CHIME,226.58680699138267,7.873060241339414,,1.5915410501273457,
FRB 20230327A,CHIME,234.8153784770336,34.89660146220368,,0.41484267193952,
FRB 20230327B,CHIME,347.350644567054,48.789059306076666,,0.4268643961181675,
FRB 20230328E,CHIME,180.14763541109497,45.56143616966567,,0.5346675918203118,
FRB 20230328A,CHIME,192.6745829237412,3.0954676650506725,,0.8692098524437756,
FRB 20230328C,CHIME,2.9638154173554274,60.110462603254085,,1.0807891865695287,
FRB 20230328D,CHIME,50.77473707255092,56.62287199761979,,0.733692682361012,
FRB 20230329A,CHIME,151.8738798317346,53.70155405449867,,0.3732828198279394,
FRB 20230329D,CHIME,347.0300614592535,48.795273460831545,,0.3804554205467815,
FRB 20230329E,CHIME,347.25114601403976,48.788844540854576,,0.3274344077758898,
FRB 20230329F,CHIME,37.941880466173714,74.87446376873856,,2.528860594409365,
FRB 20230330A,CHIME,122.92028942875154,72.48325334326438,,0.8848328625098312,
FRB 20230330B,CHIME,129.22928219493824,48.627364011538816,,0.4275285171350271,
FRB 20230331A,CHIME,301.8875417470331,20.098226157917217,,0.8227528979112742,
FRB 20230331B,CHIME,41.83507747580119,68.16333262428184,,0.6293128248109693,
FRB 20230401B,CHIME,127.45894446536828,51.725030738090105,,0.753890548992446,
FRB 20230402D,CHIME,205.8611343575796,38.78998789347531,,0.7209894661327532,
FRB 20230402E,CHIME,222.6168923522017,86.56266967847748,,0.7211905976858275,
FRB 20230402B,CHIME,44.01707985891295,5.944505256167833,,2.9282417807282632,
FRB 20230403A,CHIME,19.207406045656462,20.633209183953163,,2.90565919321178,
FRB 20230404D,CHIME,347.3122922122014,48.79809297070248,,0.5010189411758537,
FRB 20230405A,CHIME,96.23345296584492,38.80712626900738,,0.8789875095143059,
FRB 20230405B,CHIME,176.04418104292563,44.7932016675626,,0.4843323023729958,
FRB 20230405C,CHIME,216.1890563964871,38.505860893980746,,0.3284609847505285,
FRB 20230405D,CHIME,255.15301715736095,69.12198814605935,,0.652897707841488,
FRB 20230405E,CHIME,33.133718829194194,37.899505058620704,,0.3596756958917122,
FRB 20230406A,CHIME,125.74188427432976,76.77676471084342,,1.765619209539361,
FRB 20230406C,CHIME,164.6770577811229,22.916984613510927,,0.6882632612938485,
FRB 20230406E,CHIME,347.419050732861,48.80196918366441,,0.3781818293790403,
FRB 20230407B,CHIME,342.47670316547647,42.17264433364908,,0.5779501456522425,
FRB 20230407E,CHIME,353.7439438451031,22.666522574109045,,0.9718661511910788,
FRB 20230409A,CHIME,155.47923910686447,61.12276508829437,,2.5237991562699653,
FRB 20230409C,CHIME,25.15066222803468,51.91482924973808,,2.1057075694593363,
FRB 20230410B,CHIME,92.95957706114746,61.03877523636757,,0.8144681828548989,
FRB 20230410C,CHIME,267.1784916874301,57.879030923469685,,0.68146581750733,
FRB 20230411A,CHIME,280.1165062619755,47.463238193608376,,2.842171945531262,
FRB 20230411E,CHIME,356.9783532790194,-5.76200710523067,,3.902433217128732,
FRB 20230413A,CHIME,137.6479811722083,14.77414153735689,,1.7402943848931864,
FRB 20230413B,CHIME,259.4753887930227,28.33185665943979,,0.5970611302029211,
FRB 20230414C,CHIME,345.15337534439686,48.79681253095689,,0.3519297071240439,
FRB 20230414B,CHIME,11.052226716073182,51.90532563378036,,2.4442694800963745,
FRB 20230415A,CHIME,124.95923185999146,28.793802157145493,,0.8618142579549664,
FRB 20230417B,CHIME,347.0945410388881,48.686305303853885,,1.0283614439812383,
FRB 20230417C,CHIME,25.663282197063705,77.89726464240601,,1.8206124897667864,
FRB 20230418B,CHIME,166.1844966535115,47.52159862011855,,0.9178546166388112,
FRB 20230418C,CHIME,347.08863577272666,48.73960167128386,,1.305060099905092,
FRB 20230418E,CHIME,66.7796528898431,52.74023088360418,,0.846272438526124,
FRB 20230419B,CHIME,165.0079893915624,77.68241824663576,,1.1147201364401813,
FRB 20230419C,CHIME,277.17540301380194,62.340172422479455,,0.3594379646478955,
FRB 20230419D,CHIME,279.26910798223287,70.87237211917797,,9.488607367480322,
FRB 20230419F,CHIME,16.15084945870521,34.29821147723983,,0.4733072637800473,
FRB 20230419G,CHIME,20.88944146286292,29.427930085164967,,0.4707163749271221,
FRB 20230420A,CHIME,274.24072442489864,31.553112700244306,,0.3425730273768702,
FRB 20230421A,CHIME,190.6238842578425,11.93154412641007,,0.8931212620457948,
FRB 20230422A,CHIME,16.929458978245478,18.25675270999751,,0.6304383127832428,
FRB 20230422B,CHIME,46.91273522803043,2.869982961950097,,1.275002378148249,
FRB 20230423A,CHIME,113.97798505496344,61.59210143137528,,0.791188374310507,
FRB 20230423D,CHIME,329.1211892278247,10.210801102580527,,1.251798521885699,
FRB 20230423E,CHIME,348.24692905010966,14.557832599022406,,0.9245688869681868,
FRB 20230423G,CHIME,27.487835821981182,79.69351871878965,,0.8477659576187941,
FRB 20230424A,CHIME,152.26484303038325,62.59030658060311,,0.7714,
FRB 20230424B,CHIME,263.87785076818653,29.559918339896992,,0.5028010507127457,
FRB 20230424C,CHIME,343.5403124854952,8.175023881975065,,0.7191285388707525,
FRB 20230425A,CHIME,130.89373533466537,0.4408299952519469,,1.7757055109258977,
FRB 20230425B,CHIME,135.4008966267499,32.801952422694484,,1.2574854382242058,
FRB 20230425E,CHIME,203.5365771699832,5.248674677664114,,1.002617355927819,
FRB 20230425G,CHIME,219.1650768421286,50.57075725076093,,0.9329312099432984,
FRB 20230426A,CHIME,98.3378051312592,46.625608296522095,,0.3699083803468053,
FRB 20230426B,CHIME,183.74400520089023,-5.491099874043404,,1.2069382054563031,
FRB 20230426C,CHIME,273.19938479485813,62.210043211597295,,0.6804137238878647,
FRB 20230426D,CHIME,287.7361451694534,74.91787856493205,,0.9653211309607536,
FRB 20230426E,CHIME,326.1114065072587,35.11873554813065,,0.5694832084897767,
FRB 20230426F,CHIME,327.57417297539894,55.77157324887173,,0.7272395098236082,
FRB 20230427B,CHIME,347.4857853380097,48.80131061821112,,0.7477890020461199,
FRB 20230428A,CHIME,102.3218687045351,55.30148380974546,,1.526463345989693,
FRB 20230428C,CHIME,312.8760527818682,64.93356232372307,,0.5007548195944417,
FRB 20230429A,CHIME,126.87515433468296,43.42909180336032,,0.3326751202347403,
FRB 20230429D,CHIME,328.53074360287576,53.78394781840005,,1.4163130802074906,
FRB 20230429F,CHIME,347.4101131221899,48.79800051185711,,0.3649301443657563,
FRB 20230430A,CHIME,190.5412967527228,45.56567092612612,,0.3479124220685469,
FRB 20230501B,CHIME,150.5262719523589,49.43309287106469,,0.6369261939815732,
FRB 20230502A,CHIME,307.01175306015614,53.897026682510855,,0.8977769882567184,
FRB 20230502B,CHIME,344.4666856721816,48.79397344255183,,0.4249836955638219,
FRB 20230502C,CHIME,345.83168106039534,48.7985279736157,,0.8048571034240275,
FRB 20230502D,CHIME,345.1853300940818,48.800774162201336,,0.8957656499095819,
FRB 20230502E,CHIME,18.37541422390465,28.181255437524136,,0.4409985111582702,
FRB 20230503C,CHIME,349.5582004227867,48.79523775491836,,0.377417969292182,
FRB 20230503D,CHIME,1.7621400001626453,22.6584331292336,,0.717035024768007,
FRB 20230504A,CHIME,209.6478459651464,45.15937710831706,,0.357639432915139,
FRB 20230504D,CHIME,347.0464819346099,48.797283415552805,,0.4209484880968698,
FRB 20230504E,CHIME,347.1351274557633,48.799188235966014,,0.3218084097516519,
FRB 20230504F,CHIME,347.50949486625035,48.80017893693721,,0.4325001763167344,
FRB 20230504H,CHIME,20.323295721004023,18.704653265237926,,1.699353266490532,
FRB 20230504K,CHIME,81.91819268585104,55.12928781576859,,0.3630584191944517,
FRB 20230505A,CHIME,113.491945676781,62.07904275506202,,0.6447607457397864,
FRB 20230505B,CHIME,264.8069386584454,70.35932036703232,,1.395601741391181,
FRB 20230505C,CHIME,345.04842153797216,48.7945472810505,,0.7636741277979352,
FRB 20230505F,CHIME,347.4572716662016,48.80177738802652,,0.5697276346270794,
FRB 20230505G,CHIME,81.37153921130151,66.63373284202748,,6.835606628785894,
FRB 20230506A,CHIME,109.757558649103,89.37386281140802,,0.7280221420670605,
FRB 20230506B,CHIME,35.86225711336789,59.90456477711126,,0.6599118821495862,
FRB 20230507A,CHIME,208.18082788238203,48.09663939148949,,2.0711957710103928,
FRB 20230507B,CHIME,283.5574453885455,21.02517877154401,,0.6291105150981162,
FRB 20230507C,CHIME,69.121074055462,85.1225866477968,,12.752307368869998,
FRB 20230508A,CHIME,213.95038381064165,41.25287014045078,,0.5397253654209249,
FRB 20230508B,CHIME,229.88029229007807,35.308142150327384,,0.7107333245367361,
FRB 20230508C,CHIME,324.1130275915633,6.645424306421141,,1.5598019667420828,
FRB 20230510A,CHIME,150.3258684643891,59.01635232015934,,0.9255551869587908,
FRB 20230510B,CHIME,30.310130572547138,74.93055827682261,,3.4740308421545687,
FRB 20230510C,CHIME,30.503173855505604,74.93772005727128,,1.0761136659279544,
FRB 20230510D,CHIME,305.37913418241124,80.18329058152011,,0.7278752883761196,
FRB 20230510E,CHIME,347.16195800972275,48.67676795643516,,0.6746225164414946,
FRB 20230510F,CHIME,347.3306080248361,48.80152112707792,,0.5171494593417114,
FRB 20230510G,CHIME,29.59089063175262,65.62687056409305,,2.4056890161549527,
FRB 20230510H,CHIME,29.41154848295314,65.72089028568615,,1.5614477560710565,
FRB 20230511B,CHIME,254.5286322630925,-3.6263288050911706,,3.72425145385776,
FRB 20230511C,CHIME,313.0331236612785,29.04521543989298,,0.5419105354577423,
FRB 20230511D,CHIME,23.705704076116117,17.807395335849662,,1.236974004359925,
FRB 20230511E,CHIME,29.668831692194303,75.02421077683198,,2.466119898799493,
FRB 20230512A,CHIME,118.56642115106752,58.73092722543708,,0.4347932114965781,
FRB 20230512B,CHIME,136.7540043163194,34.918886273028136,,0.8375989327257619,
FRB 20230512E,CHIME,349.57282211742734,48.79641963138233,,0.3768452981729813,
FRB 20230512F,CHIME,53.52232100670006,55.8352678988721,,1.1007561198719598,
FRB 20230513A,CHIME,135.0482460541403,61.51961169394095,,1.5744940240767835,
FRB 20230513B,CHIME,344.2010550603128,28.17650321357943,,0.5632287344426458,
FRB 20230513D,CHIME,63.84994958085222,-2.44441399679024,,1.773984450961143,
FRB 20230514A,CHIME,162.26664825298997,79.76977331371516,,2.907312320485792,
FRB 20230514B,CHIME,8.38966357565749,29.00493690122928,,0.5648672782000924,
FRB 20230524A,CHIME,10.34263030574462,9.191397094292842,,0.9185667523453516,
FRB 20230524B,CHIME,73.81463045285389,66.50801775726488,,0.8918852047819866,
FRB 20230525A,CHIME,234.0846023622515,12.848771821669942,,0.7995157495743516,
FRB 20230525B,CHIME,340.4416655504148,35.50180537080152,,0.5925699006826546,
FRB 20230525D,CHIME,111.8073890064953,52.856589421977375,,1.3371267595790948,
FRB 20230527B,CHIME,349.43427119478184,46.47728716374158,,0.9049618356782636,
FRB 20230528A,CHIME,248.4973676383689,48.20178990409873,,0.6957707792359336,
FRB 20230528B,CHIME,325.7527198593085,44.93881317542862,,0.5321276399648994,
FRB 20230528D,CHIME,347.163867918506,48.797184611154975,,0.3548294074969532,
FRB 20230528E,CHIME,50.685372605412745,25.37168754974507,,1.7145624086632687,
FRB 20230528F,CHIME,57.1566992287278,-9.22864779253312,,1.1008490896621153,
FRB 20230529A,CHIME,330.3734668379393,23.394527448968148,,0.3448773444278292,
FRB 20230601B,CHIME,214.32426273064027,56.41444579899145,,0.3442418783435716,
FRB 20230601G,CHIME,337.5820882294663,31.07367871184737,,0.502106379246538,
FRB 20230601D,CHIME,347.1717795252746,48.79746284322242,,0.3809907429056693,
FRB 20230601F,CHIME,118.23630981230733,65.88814089704198,,0.8208636584141693,
FRB 20230602A,CHIME,244.9774654119981,25.42159224781964,,1.365100167794014,
FRB 20230602B,CHIME,257.123278170948,59.47992045211055,,1.211371212190176,
FRB 20230602D,CHIME,53.97617709346241,54.923181972242446,,0.8265219446952602,
FRB 20230602E,CHIME,305.4562021890264,73.94036886056058,,0.745850194082998,
FRB 20230603A,CHIME,281.07908096771223,46.95744615917495,,0.4119099441388621,
FRB 20230603C,CHIME,19.15183776363532,20.49612708157384,,0.4777895611381685,
FRB 20230604D,CHIME,330.1866161111517,17.357670434218775,,0.4816325495039431,
FRB 20230604B,CHIME,25.95060914710494,44.15964010620709,,1.1118945222912062,
FRB 20230605E,CHIME,229.8401250876774,67.92897490078587,,0.4738344266809601,
FRB 20230605A,CHIME,309.14423448868195,56.43897458538491,,0.6338562915020501,
FRB 20230605C,CHIME,19.372361296071794,20.49085598917154,,1.1002175708765458,
FRB 20230605D,CHIME,122.15196628180408,72.4752547497803,,0.4553061249696102,
FRB 20230606A,CHIME,347.2272733947159,48.79876149222811,,0.4526051723380765,
FRB 20230606B,CHIME,30.085233496848737,74.8614234507819,,1.0169457015996917,
FRB 20230607A,CHIME,328.55379785287204,11.236508444305692,,0.8986767809825875,
FRB 20230608A,CHIME,347.1194523494389,48.79455886763668,,0.4583374059844191,
FRB 20230614A,CHIME,192.5438054204453,20.60519785325267,,4.118012431723962,
FRB 20230614B,CHIME,206.15133467498976,53.20428535049668,,3.2072575654000626,
FRB 20230614C,CHIME,245.8382883432504,37.26642617722679,,0.5571907857779702,
FRB 20230615A,CHIME,77.97845826216866,61.65798513072448,,1.450289648268641,
FRB 20230615B,CHIME,80.52508759834022,10.016906853527487,,1.2600960921798403,
FRB 20230615C,CHIME,99.07929095586104,46.62733598225281,,1.3252706442454678,
FRB 20230616A,CHIME,186.349421663337,28.433522639726824,,3.116184998841961,
FRB 20230617A,CHIME,72.18540197884856,37.56684545614395,,0.966925212775031,
FRB 20230618A,CHIME,22.22057263361141,77.46378619890271,,1.0303601205791706,
FRB 20230619A,CHIME,329.0906106578078,29.841073590076,,1.606659266158671,
FRB 20230619B,CHIME,19.083290909173225,20.492795067332644,,0.5888537978110464,
FRB 20230620A,CHIME,213.8985936230957,6.845192740181935,,2.3085644748183785,
FRB 20230620B,CHIME,328.559913336706,74.41776793438387,,2.575954191877139,
FRB 20230621A,CHIME,54.57526470780695,79.28491143102316,,0.7040180324997907,
FRB 20230624A,CHIME,179.29225049475158,-6.173015438987374,,1.2477472083868093,
FRB 20230624C,CHIME,347.5064104400303,48.78898596889928,,0.3244857545728015,
FRB 20230624D,CHIME,17.981601300654944,67.31578992298836,,0.7353368306968004,
FRB 20230625A,CHIME,87.11304017375902,76.59930787410099,,1.7145779812820807,
FRB 20230625D,CHIME,291.9107588701992,12.247700018689876,,1.1147413741923404,
FRB 20230625B,CHIME,345.4761183482069,48.79333234936177,,0.7391935683136597,
FRB 20230625C,CHIME,71.87333038863986,82.49732319461694,,0.4678940906302135,
FRB 20230626B,CHIME,177.64185616972415,27.182182848226237,,0.7858964726271037,
FRB 20230626C,CHIME,347.478136414136,48.79842323817664,,0.3826343421120635,
FRB 20230626D,CHIME,347.23693184571107,48.79564214623068,,0.3820526434228651,
FRB 20230626E,CHIME,347.35804371134816,48.80145533132081,,0.4349306128627365,
FRB 20230626F,CHIME,347.6237886384735,48.7872926459837,,0.4773068535821761,
FRB 20230627A,CHIME,347.3174136860273,48.800865491372434,,0.6951856532885909,
FRB 20230627C,CHIME,347.3806145546297,48.79654601627645,,0.5814689684283983,
FRB 20230627E,CHIME,209.47343520713656,76.51439367401892,,1.1710821550771533,
FRB 20230628B,CHIME,204.15540930035704,75.50471800392273,,0.7680147600495779,
FRB 20230628C,CHIME,236.3167073561065,42.00806142879672,,0.8067193150094246,
FRB 20230628D,CHIME,287.6904076682142,74.94023779018504,,0.4756212283714123,
FRB 20230628E,CHIME,347.2718157347609,48.79626742345768,,0.3433552718777595,
FRB 20230628G,CHIME,347.4796752141058,48.79781046332849,,0.5304594453161867,
FRB 20230629A,CHIME,339.6198307654705,30.65418362696789,,0.8864108538497079,
FRB 20230629B,CHIME,344.96286867383367,48.78969698086735,,0.5363887855723424,
FRB 20230629C,CHIME,347.4324067082089,48.80106437380664,,0.5124866670995599,
FRB 20230629E,CHIME,347.3522343308381,48.7912937540122,,0.5201610971049009,
FRB 20230629J,CHIME,26.259061649038188,70.63028611081677,,0.8935777245549102,
FRB 20230629G,CHIME,65.40690486197029,77.53631059031551,,0.7578634913076217,
FRB 20230629H,CHIME,83.81907273275797,37.99121780135222,,0.5161853312749479,
FRB 20230629I,CHIME,130.24200408819908,70.00223620247037,,0.6120255420319689,
FRB 20230630B,CHIME,296.9698084255602,5.014530783562362,,4.154328801369824,
FRB 20230630C,CHIME,344.6965976607789,48.671105136452525,,0.7903199361760829,
FRB 20230701A,CHIME,347.5069281411444,48.79819912975226,,0.4030947995915655,
FRB 20230702B,CHIME,250.99034405585732,38.04629973308725,,1.070273812039315,
FRB 20230702C,CHIME,273.5632651241435,36.006508200188975,,0.4048985611926461,
FRB 20230702E,CHIME,345.14656913797035,48.79491201667881,,0.4089268429939634,
FRB 20230702F,CHIME,78.8691356506464,61.40125197559367,,0.7346011957323043,
FRB 20230702A,CHIME,133.6378786317807,26.3110287432616,,2.7371804837273697,
FRB 20230703A,CHIME,184.7800812141114,48.67419822530937,,1.8839086617150047,
FRB 20230703B,CHIME,199.73727071910497,57.61339039541147,,0.5879813703531641,
FRB 20230703C,CHIME,226.21880401212547,51.62704515586342,,1.1789497975371626,
FRB 20230703D,CHIME,347.4645732739332,48.7969042279614,,0.5791193065146284,
FRB 20230703E,CHIME,30.153341139803004,22.240909102746187,,1.4554443553440397,
FRB 20230703F,CHIME,120.71872765779104,8.370354097099199,,0.803234540971037,
FRB 20230704D,CHIME,317.88961455167714,1.6870390675943203,,0.8016160025090081,
FRB 20230704C,CHIME,123.3602927514497,60.69556808401033,,0.561993524306423,
FRB 20230705A,CHIME,158.21508493362572,80.98944402080411,,1.7697637425015516,
FRB 20230705E,CHIME,61.591525856826046,8.239261388270766,,2.9277097254312867,
FRB 20230706C,CHIME,57.75489868707184,43.42273702194966,,0.4481940900177507,
FRB 20230706D,CHIME,73.13766230456955,32.36646709223196,,0.9041378322049888,
FRB 20230708B,CHIME,347.3824707705232,48.79740038476743,,0.4015763046262139,
FRB 20230708C,CHIME,347.4323212892725,48.67110387828929,,0.5690544389737988,
FRB 20230709B,CHIME,61.612106310253054,57.81548677601722,,1.1452600048461838,
FRB 20230710A,CHIME,327.2316847281438,24.82852582457192,,0.4856099827671276,
FRB 20230710B,CHIME,347.2386922549883,48.80090117692271,,0.5530412874896763,
FRB 20230712B,CHIME,299.3641933485009,24.891105863759527,,1.6084452992329497,
FRB 20230712E,CHIME,347.2107574918488,48.67463477275882,,0.354509428528421,
FRB 20230712F,CHIME,347.28653553154675,48.69620691906864,,0.639182388281291,
FRB 20230712G,CHIME,108.15426003078154,-2.971016815762141,,0.9642606693062652,
FRB 20230713A,CHIME,333.2612915039054,17.35557039570606,,0.6347455361631797,
FRB 20230713B,CHIME,344.9197021228932,48.66609635606834,,3.401550617911252,
FRB 20230713C,CHIME,347.24473769287,48.796699907815096,,0.5703916971595966,
FRB 20230713D,CHIME,347.0226373724136,48.78992455249025,,0.3996250128826078,
FRB 20230713E,CHIME,347.00220722720235,48.78963916331479,,0.4402334990292094,
FRB 20230713F,CHIME,349.7454925742504,48.79671081761758,,0.6361205894965504,
FRB 20230714B,CHIME,347.19225565467946,48.799563814010455,,0.5505009742269502,
FRB 20230715A,CHIME,347.2654338795046,48.79899863977591,,0.3454744668239013,
FRB 20230715B,CHIME,37.86023516638247,17.366525663129465,,1.3758739050710949,
FRB 20230716A,CHIME,88.99262311082293,38.40015267124137,,0.6912005572505129,
FRB 20230717A,CHIME,272.0385272436729,42.24753078438111,,8.934942690462414,
FRB 20230717C,CHIME,71.22769124483521,17.222042991501933,,11.438605409795194,
FRB 20230718B,CHIME,41.26124908033012,22.69478504010045,,0.4177025355030405,
FRB 20230718C,CHIME,109.91645573159366,44.70865766443141,,0.3902007768889841,
FRB 20230720C,CHIME,345.1875706642961,73.2697180350379,,2.3494582618023623,
FRB 20230720A,CHIME,4.74520591450966,21.33177956330796,,3.748883647194742,
FRB 20230721A,CHIME,301.3052671482907,49.62764406146167,,2.0137608053436287,
FRB 20230721B,CHIME,347.3226091776339,48.67140484532184,,0.9852900365672344,
FRB 20230721C,CHIME,71.7367522988283,27.84590571399709,,0.3930690509212293,
FRB 20230722A,CHIME,44.17596315181079,49.90934726490869,,1.199991173837346,
FRB 20230724B,CHIME,23.56964178316126,7.665418199764291,,0.940474857150323,
FRB 20230724A,CHIME,149.97120057857472,25.90453722904472,,1.6601491403494195,
FRB 20230725B,CHIME,245.22034842072972,57.53338276887057,,1.8302135694869237,
FRB 20230725C,CHIME,283.2256525261973,53.941772214860976,,0.3914333526227243,
FRB 20230725D,CHIME,282.9321170046009,53.9435996372186,,1.1772726418956585,
FRB 20230725F,CHIME,67.45948067396643,20.999282578048607,,3.24775401809048,
FRB 20230725G,CHIME,117.62619970307064,58.72843655965367,,1.0061145043023094,
FRB 20230726A,CHIME,347.24069883139805,48.80310676039012,,0.8240565107773922,
FRB 20230726B,CHIME,103.9722145604252,30.404604115057445,,0.5303097531135743,
FRB 20230727C,CHIME,298.4303049390578,62.15574947604087,,0.5926299523051054,
FRB 20230727A,CHIME,41.46671658406446,65.72948483650177,,0.576480166906494,
FRB 20230727B,CHIME,184.0253305809655,81.13288942369991,,0.8865699683728342,
FRB 20230728A,CHIME,220.5123718881007,65.52386115784154,,1.163074261505761,
FRB 20230728B,CHIME,327.6827463201558,19.60816523186839,,0.6423939423980162,
FRB 20230728C,CHIME,335.9894482891299,52.69428172540982,,0.7331172839818976,
FRB 20230729A,CHIME,236.00857883718493,39.59829204207206,,1.489405102973803,
FRB 20230730A,CHIME,51.03223792414333,33.09436392583345,,4.345079320382172,
FRB 20230730C,CHIME,72.27324354668204,13.698482827058276,,0.709835760715738,
FRB 20230801A,CHIME,220.9393912301783,70.00166055840691,,0.807749697718097,
FRB 20230801B,CHIME,190.86762450073712,57.22307030120014,,0.3813872787896838,
FRB 20230802A,CHIME,339.36143709790133,30.810797971677932,,5.043938567569303,
FRB 20230802C,CHIME,347.31479318932475,48.80387738261706,,0.3737417074032843,
FRB 20230802D,CHIME,7.329051528583484,22.661630129930344,,0.5948915813250919,
FRB 20230803B,CHIME,347.2681594131735,48.79284796755982,,0.4678435777200295,
FRB 20230803C,CHIME,32.673331897258315,53.08914916398297,,1.1597477470850108,
FRB 20230804A,CHIME,282.9317922528303,53.94496055327871,,1.3404969829514155,
FRB 20230805A,CHIME,35.91537501575817,52.70551002549691,,2.9256707274885376,
FRB 20230806A,CHIME,345.1276166435199,48.79562423899843,,0.3362778920995029,
FRB 20230806B,CHIME,349.9284246662602,48.7953216412518,,0.3397014105066373,
FRB 20230807A,CHIME,251.88931619489577,6.050918635336736,,4.8147066390089375,
FRB 20230807C,CHIME,347.08674144505665,48.67143413388852,,0.5389153336876642,
FRB 20230808A,CHIME,312.2081164180753,60.929109387014165,,0.3883813065677388,
FRB 20230808B,CHIME,347.4197982958691,48.79925637010078,,0.8592331405226503,
FRB 20230808D,CHIME,347.58460120662187,48.79165277856427,,0.4716782725181799,
FRB 20230808E,CHIME,349.59698729565923,48.79502842511648,,0.3765911412485023,
FRB 20230811A,CHIME,228.2521137078026,36.873139041058494,,6.975398689188533,
FRB 20230812A,CHIME,188.2897436424577,55.27791014109252,,0.6715475498437247,
FRB 20230813A,CHIME,261.5585775396894,80.6944787888398,,0.4719927183808793,
FRB 20230814C,CHIME,330.7468870998838,73.0446497681323,,1.2835902524770644,
FRB 20230814E,CHIME,347.49986858344346,48.80005483599446,,0.4887100039606067,
FRB 20230814H,CHIME,14.259791666081108,86.69253906904606,,1.6198679790664323,
FRB 20230815A,CHIME,347.269660614387,48.79657474304406,,0.6145819397357035,
FRB 20230815B,CHIME,347.40551422934493,48.79469805308426,,0.3598769706932302,
FRB 20230815C,CHIME,349.1606108579367,48.803417950448925,,1.196466133212603,
FRB 20230817A,CHIME,86.19885580462353,55.9135038117638,,0.5886888085206908,
FRB 20230817B,CHIME,193.26067200899757,53.3259809831521,,1.8501886989470813,
FRB 20230818A,CHIME,347.4705798536569,48.688279380543584,,0.3915494285449541,
FRB 20230825D,CHIME,347.40415570414143,48.79308419781631,,0.6275230474780585,
FRB 20230825E,CHIME,347.28998030164587,48.80474263737703,,1.0432401085540386,
FRB 20230825F,CHIME,347.2827533946182,48.66376714628258,,1.6203156721272534,
FRB 20230825G,CHIME,347.4581138371399,48.68217196195592,,0.5756493276805602,
FRB 20230825I,CHIME,347.40643614089265,48.79631397397296,,0.4162256223985855,
FRB 20230825J,CHIME,30.016419206403427,69.3880143008534,,2.118134688057528,
FRB 20230825A,CHIME,88.89445802150435,45.77559576017488,,0.7200744704001553,
FRB 20230825B,CHIME,125.36555669536908,30.035137216392044,,1.1680309052357305,
FRB 20230826C,CHIME,347.1386163243436,48.80165126406517,,0.8419553423203325,
FRB 20230826D,CHIME,347.2779905923394,48.78707529232658,,0.3494432371049811,
FRB 20230826A,CHIME,347.59297364378256,48.84832948889232,,2.2299950539501605,
FRB 20230827A,CHIME,243.6408920252612,27.111859996126,,1.500168053918465,
FRB 20230827B,CHIME,344.90641296660635,48.649214346128616,,1.615847559151662,
FRB 20230827D,CHIME,135.9689208246174,80.35934501565285,,0.8965245571655355,
FRB 20230828C,CHIME,290.5165923975404,84.7889743688437,,0.6862949163590522,
FRB 20230828A,CHIME,20.83743965444873,34.45476273918561,,3.692039707182924,
FRB 20230829B,CHIME,87.62821059816669,88.92418054014018,,2.931240605127696,
FRB 20230830A,CHIME,1.8264471347767397,51.67626152525976,,0.3850698844769522,
FRB 20230831B,CHIME,345.24893464553577,48.80095510858096,,0.3457273399623066,
FRB 20230831C,CHIME,32.91095564390044,26.939717500286235,,0.5791806532428148,
FRB 20230831D,CHIME,132.89404419483623,82.37964654162244,,4.986254030644825,
FRB 20230901A,CHIME,347.3060613481139,48.803102847651054,,0.7842746644836962,
FRB 20230902B,CHIME,347.300260777551,48.80017494328196,,0.633550207667382,
FRB 20230903A,CHIME,344.69793302263133,48.80356277912459,,0.392370141086779,
FRB 20230904A,CHIME,307.9514090907609,74.46591751791482,,5.503099933068063,
FRB 20230904B,CHIME,347.34171339763697,48.78653755802735,,0.54068872043735,
FRB 20230904C,CHIME,136.15206856553996,36.62362938929368,,0.4684249068332255,
FRB 20230905A,CHIME,298.80420080872045,48.751844058332175,,15.94865967773711,
FRB 20230905B,CHIME,347.4777520386875,48.795474375282126,,0.343328474191437,
FRB 20230905C,CHIME,355.7474323012359,21.356553555958165,,1.911543479565872,
FRB 20230906A,CHIME,285.365457951381,44.245669147157216,,0.6580698083371713,
FRB 20230906B,CHIME,43.76529036434931,21.393003468127755,,0.5894010729985344,
FRB 20230907A,CHIME,345.16755293913064,48.79148441544029,,0.4366936788463985,
FRB 20230907B,CHIME,347.39901844114485,48.78757542058922,,0.3321056487383108,
FRB 20230908B,CHIME,349.61173043808265,48.794708275659154,,0.4274553906179882,
FRB 20230908C,CHIME,200.65934633830227,36.54087303284714,,1.0806545019057407,
FRB 20230909A,CHIME,279.8335056813619,0.025329942971373,,1.8509928972850285,
FRB 20230909F,CHIME,13.274552039840202,13.603454503847368,,1.5715902923360543,
FRB 20230909D,CHIME,188.27770078020757,54.71589209301703,,0.7189381193976342,
FRB 20230910A,CHIME,347.25090426501686,48.7955825679732,,0.3987040228964237,
FRB 20230910B,CHIME,347.2433049109584,48.79554847401191,,0.3279093745016676,
FRB 20230911A,CHIME,51.54500884319968,2.559037258838038,,31.02431092156981,
FRB 20230911B,CHIME,89.69058895947143,56.93003548343102,,5.845242225376007,
FRB 20230912A,CHIME,257.9814014462964,57.901070132596985,,0.4968676277103993,
FRB 20230912B,CHIME,300.84596432365595,58.206135116949,,0.5406607333345188,
FRB 20230912C,CHIME,327.3211769062119,81.68577736741193,,12.573001055986158,
FRB 20230912D,CHIME,331.8475168678749,17.356193467840203,,0.416503369882942,
FRB 20230912E,CHIME,23.309413659199265,74.87010588233036,,0.5072366934639908,
FRB 20230913A,CHIME,133.05605124800687,87.95401286516594,,23.164979770697013,
FRB 20230913C,CHIME,347.3735859275669,48.6355141257748,,0.340838455197601,
FRB 20230913E,CHIME,209.47661001328305,48.27522197008108,,0.7362425038409622,
FRB 20230914C,CHIME,203.7731137062624,25.48886661752255,,0.6510319000159548,
FRB 20230915A,CHIME,282.26730705358614,38.26547072953839,,1.7123801533634684,
FRB 20230915B,CHIME,181.0822846766693,83.28428986506307,,0.8857339364134575,
FRB 20230915C,CHIME,1.3255796036744438,31.878329742967686,,0.7836396074357892,
FRB 20230915D,CHIME,60.81222397296484,65.76421020000805,,0.8313668849020287,
FRB 20230915F,CHIME,131.91561879802254,65.10884343725942,,0.5298347751774062,
FRB 20230915H,CHIME,219.88895552658408,60.73400413599778,,1.1533047353537442,
FRB 19970528A ,PARKES,135.51583333333332,-46.24,,,7.4
FRB 19980624A ,PARKES,73.40916666666665,-53.829861111111114,,,7.6
FRB 19990124A ,PARKES,253.2133333333333,-57.75061111111111,,,7.3
FRB 19990427A ,PARKES,205.50624999999997,-59.431777777777775,,,7.7
FRB 19990511A ,PARKES,213.09041666666664,-72.60616666666667,,,7.7
FRB 19990511B ,PARKES,277.7345833333333,-38.71563888888889,,,7.2
FRB 19990512A ,PARKES,217.80374999999998,-49.006,,,7.4
FRB 19990512B ,PARKES,268.6845833333333,0.6388888888888888,,,7.4
FRB 19990513A ,PARKES,272.06749999999994,0.7018055555555555,,,8.2
FRB 19990513B ,PARKES,250.44791666666663,-37.10816666666667,,,7.5
FRB 19990514A ,PARKES,200.85374999999996,-55.29644444444444,,,7.5
FRB 19990514B ,PARKES,289.9808333333333,1.943888888888889,,,7.2
FRB 20000115A ,PARKES,200.53124999999997,-57.74022222222222,,,7.5
FRB 20000118A ,PARKES,192.58749999999998,-66.49258333333333,,,7.5
FRB 20000210A ,PARKES,186.76499999999996,-58.07102777777778,,,7.2
FRB 20000521A ,PARKES,224.17041666666663,-63.58733333333333,,,7.9
FRB 20000529A ,PARKES,263.62291666666664,-40.55958333333333,,,7.8
FRB 20000622A ,PARKES,12.325416666666664,-74.40877777777779,,,7.3
FRB 20000622B ,PARKES,11.307916666666666,-74.818,,,7.2
FRB 20000622C ,PARKES,13.271666666666665,-73.99805555555555,,,7.4
FRB 20000725A ,PARKES,283.2083333333333,-6.869000000000001,,,7.5
FRB 20000925A ,PARKES,77.47916666666666,-69.99713888888888,,,7.5
FRB 20000928A ,PARKES,71.70916666666666,-67.2581111111111,,,7.5
FRB 20001109A ,PARKES,23.825,-72.02155555555555,,,8.0
FRB 20001116A ,PARKES,251.16666666666669,-39.49561111111111,,,7.4
FRB 20001117A ,PARKES,124.82749999999997,-38.64136111111111,,,7.3
FRB 20001118A ,PARKES,256.24875,-49.85780555555556,,,8.0
FRB 20001123A ,PARKES,75.16666666666666,-64.96283333333334,,,8.1
FRB 20001222A ,PARKES,82.96999999999998,-66.74905555555556,,,7.5
FRB 20010116A ,PARKES,214.26666666666665,-43.625277777777775,,,7.2
FRB 20010116B ,PARKES,210.63541666666663,-40.66647222222222,,,7.3
FRB 20010116C ,PARKES,214.8395833333333,-42.18047222222222,,,7.3
FRB 20010116D ,PARKES,218.6220833333333,-43.93577777777777,,,7.5
FRB 20010116E ,PARKES,250.81124999999994,-19.59975,,,7.5
FRB 20010121A ,PARKES,194.58333333333331,-82.10333333333332,,,7.6
FRB 20010121B ,PARKES,262.0704166666666,-69.33908333333333,,,7.1
FRB 20010122A ,PARKES,256.85166666666663,-67.06994444444445,,,7.9
FRB 20010122B ,PARKES,257.3545833333333,-64.56166666666667,,,7.2
FRB 20010122C ,PARKES,146.90374999999997,-28.858861111111114,,,7.5
FRB 20010122D ,PARKES,175.83791666666664,-42.4965,,,7.7
FRB 20010122E ,PARKES,175.27708333333334,-45.16913888888889,,,7.6
FRB 20010122F ,PARKES,186.46541666666664,-45.46333333333334,,,7.5
FRB 20010123A ,PARKES,118.62708333333333,-67.07633333333332,,,7.3
FRB 20010124A ,PARKES,278.12,-43.635666666666665,,,7.2
FRB 20010125B ,PARKES,182.80749999999998,-43.51616666666666,,,8.1
FRB 20010125C ,PARKES,146.57166666666666,-79.45716666666667,,,7.5
FRB 20010125D ,PARKES,282.76124999999996,-37.33025000000001,,,7.4
FRB 20010127A ,PARKES,155.01208333333332,-32.40519444444444,,,7.2
FRB 20010127B ,PARKES,163.24874999999997,-43.060944444444445,,,7.2
FRB 20010128A ,PARKES,164.6808333333333,-81.09675,,,7.3
FRB 20010128B ,PARKES,235.34791666666666,-31.72363888888889,,,7.2
FRB 20010215A ,PARKES,87.93749999999999,-71.23372222222223,,,7.2
FRB 20010303A ,PARKES,62.292916666666656,-44.485083333333336,,,7.2
FRB 20010316A ,PARKES,83.67583333333333,-37.044916666666666,,,7.7
FRB 20010509A ,PARKES,75.01874999999998,-67.91983333333334,,,7.6
FRB 20010612A ,PARKES,24.884166666666662,-75.02338888888889,,,7.4
FRB 20010619A ,PARKES,267.39374999999995,-16.8,,,7.3
FRB 20010621B ,PARKES,150.45541666666668,-13.900194444444445,,,7.5
FRB 20010621C ,PARKES,290.1604166666666,5.342861111111111,,,7.2
FRB 20010625A ,PARKES,134.92749999999998,-22.318833333333334,,,7.7
FRB 20010630A ,PARKES,195.97374999999997,-42.58997222222222,,,7.3
FRB 20010630B ,PARKES,197.82833333333332,-43.75083333333333,,,7.3
FRB 20010630C ,PARKES,231.72041666666664,-80.30508333333333,,,7.2
FRB 20010630D ,PARKES,273.9616666666666,21.56175,,,7.5
FRB 20010630E ,PARKES,272.71208333333334,22.453444444444443,,,7.5
FRB 20010630F ,PARKES,276.92124999999993,-51.46230555555556,,,7.5
FRB 20010701A ,PARKES,302.90416666666664,0.0805,,,7.2
FRB 20010702A ,PARKES,281.97249999999997,-46.59488888888889,,,7.9
FRB 20010702B ,PARKES,267.6558333333333,11.90013888888889,,,7.8
FRB 20010702C ,PARKES,302.2845833333333,2.6286388888888887,,,7.4
FRB 20010703A ,PARKES,208.50875,-45.98169444444444,,,7.1
FRB 20010703B ,PARKES,269.5220833333333,18.44713888888889,,,7.3
FRB 20010703C ,PARKES,274.64374999999995,19.934083333333334,,,7.7
FRB 20010704A ,PARKES,270.87416666666667,14.293416666666667,,,7.1
FRB 20010705A ,PARKES,172.47416666666663,-42.41002777777778,,,7.4
FRB 20010706A ,PARKES,264.195,-2.092416666666667,,,7.3
FRB 20010706B ,PARKES,288.32541666666657,-29.45733333333333,,,7.2
FRB 20010815A ,PARKES,159.92208333333332,9.266722222222223,,,7.2
FRB 20010818A ,PARKES,149.1870833333333,-14.844361111111112,,,7.7
FRB 20010819A ,PARKES,84.70541666666664,-28.18325,,,7.8
FRB 20010823A ,PARKES,157.61333333333332,0.4246388888888889,,,7.2
FRB 20190520B,FAST,240.51791666666665,-11.28813888888889,,,
FRB 20181130B,FAST,9.782916666666667,19.408805555555553,,,
FRB 20181123B,FAST,76.52833333333332,18.159916666666664,,,
FRB 20181118D,FAST,119.17458333333333,16.149083333333333,,,
FRB 20181017D,FAST,9.124166666666666,11.333277777777777,,,
FRB 20210126A,FAST,286.4045833333333,9.684722222222222,,,
FRB 20210208A,FAST,285.7054166666666,13.414722222222222,,,
FRB 20210705A,FAST,303.1116666666666,38.974722222222226,,,
FRB 20211005A,FAST,296.3433333333333,24.13222222222222,,,
FRB 20220306A,FAST,296.68749999999994,22.987222222222222,,,
FRB 20200317A,FAST,245.68749999999997,56.74722222222222,,,
